solid OpenSCAD_Model
  facet normal -1 0 0
    outer loop
      vertex -265 131.527 -58.1636
      vertex -265 170 -65
      vertex -265 131.527 -63.8364
    endloop
  endfacet
  facet normal -1 0 0
    outer loop
      vertex -265 170 -65
      vertex -265 92.4727 -63.8364
      vertex -265 131.527 -63.8364
    endloop
  endfacet
  facet normal -1 0 0
    outer loop
      vertex -265 92.4727 -63.8364
      vertex -265 63.5273 -63.8364
      vertex -265 92.4727 -58.1636
    endloop
  endfacet
  facet normal -1 0 0
    outer loop
      vertex -265 170 -65
      vertex -265 63.5273 -63.8364
      vertex -265 92.4727 -63.8364
    endloop
  endfacet
  facet normal -1 0 0
    outer loop
      vertex -265 170 -65
      vertex -265 24.4727 -63.8364
      vertex -265 63.5273 -63.8364
    endloop
  endfacet
  facet normal -1 0 0
    outer loop
      vertex -265 24.4727 -63.8364
      vertex -265 -4.47273 -63.8364
      vertex -265 24.4727 -58.1636
    endloop
  endfacet
  facet normal -1 0 0
    outer loop
      vertex -265 170 -65
      vertex -265 -4.47273 -63.8364
      vertex -265 24.4727 -63.8364
    endloop
  endfacet
  facet normal -1 0 0
    outer loop
      vertex -265 170 -65
      vertex -265 -43.5273 -63.8364
      vertex -265 -4.47273 -63.8364
    endloop
  endfacet
  facet normal -1 0 0
    outer loop
      vertex -265 -43.5273 -63.8364
      vertex -265 -72.4727 -63.8364
      vertex -265 -43.5273 -58.1636
    endloop
  endfacet
  facet normal -1 0 0
    outer loop
      vertex -265 170 -65
      vertex -265 -72.4727 -63.8364
      vertex -265 -43.5273 -63.8364
    endloop
  endfacet
  facet normal -1 0 0
    outer loop
      vertex -265 -170 -65
      vertex -265 -72.4727 -63.8364
      vertex -265 170 -65
    endloop
  endfacet
  facet normal -1 0 0
    outer loop
      vertex -265 -111.527 -63.8364
      vertex -265 -140.473 -63.8364
      vertex -265 -111.527 -58.1636
    endloop
  endfacet
  facet normal -1 -0 0
    outer loop
      vertex -265 -72.4727 -63.8364
      vertex -265 -170 -65
      vertex -265 -111.527 -63.8364
    endloop
  endfacet
  facet normal -1 -0 0
    outer loop
      vertex -265 -111.527 -63.8364
      vertex -265 -170 -65
      vertex -265 -140.473 -63.8364
    endloop
  endfacet
  facet normal -1 -0 0
    outer loop
      vertex -265 -140.473 -63.8364
      vertex -265 -170 -65
      vertex -265 -170 -63.8364
    endloop
  endfacet
  facet normal -1 0 0
    outer loop
      vertex -265 170 -65
      vertex -265 131.527 -58.1636
      vertex -265 170 65
    endloop
  endfacet
  facet normal -1 0 0
    outer loop
      vertex -265 92.4727 -58.1636
      vertex -265 170 65
      vertex -265 131.527 -58.1636
    endloop
  endfacet
  facet normal -1 0 0
    outer loop
      vertex -265 63.5273 -58.1636
      vertex -265 92.4727 -58.1636
      vertex -265 63.5273 -63.8364
    endloop
  endfacet
  facet normal -1 0 0
    outer loop
      vertex -265 92.4727 -58.1636
      vertex -265 63.5273 -58.1636
      vertex -265 170 65
    endloop
  endfacet
  facet normal -1 0 0
    outer loop
      vertex -265 24.4727 -58.1636
      vertex -265 170 65
      vertex -265 63.5273 -58.1636
    endloop
  endfacet
  facet normal -1 0 0
    outer loop
      vertex -265 -4.47273 -58.1636
      vertex -265 24.4727 -58.1636
      vertex -265 -4.47273 -63.8364
    endloop
  endfacet
  facet normal -1 0 0
    outer loop
      vertex -265 24.4727 -58.1636
      vertex -265 -4.47273 -58.1636
      vertex -265 170 65
    endloop
  endfacet
  facet normal -1 0 0
    outer loop
      vertex -265 -170 65
      vertex -265 -4.47273 -58.1636
      vertex -265 -43.5273 -58.1636
    endloop
  endfacet
  facet normal -1 0 0
    outer loop
      vertex -265 -72.4727 -58.1636
      vertex -265 -43.5273 -58.1636
      vertex -265 -72.4727 -63.8364
    endloop
  endfacet
  facet normal -1 0 0
    outer loop
      vertex -265 -170 65
      vertex -265 -43.5273 -58.1636
      vertex -265 -72.4727 -58.1636
    endloop
  endfacet
  facet normal -1 0 0
    outer loop
      vertex -265 -170 65
      vertex -265 -72.4727 -58.1636
      vertex -265 -111.527 -58.1636
    endloop
  endfacet
  facet normal -1 0 0
    outer loop
      vertex -265 -140.473 -58.1636
      vertex -265 -111.527 -58.1636
      vertex -265 -140.473 -63.8364
    endloop
  endfacet
  facet normal -1 0 0
    outer loop
      vertex -265 -170 65
      vertex -265 -111.527 -58.1636
      vertex -265 -140.473 -58.1636
    endloop
  endfacet
  facet normal -1 0 0
    outer loop
      vertex -265 -170 65
      vertex -265 -140.473 -58.1636
      vertex -265 -170 -58.1636
    endloop
  endfacet
  facet normal -1 0 0
    outer loop
      vertex -265 -4.47273 -58.1636
      vertex -265 -170 65
      vertex -265 170 65
    endloop
  endfacet
  facet normal -0 0 1
    outer loop
      vertex -265 170 65
      vertex 45 -170 65
      vertex 45 170 65
    endloop
  endfacet
  facet normal 0 0 1
    outer loop
      vertex 45 -170 65
      vertex -265 170 65
      vertex -265 -170 65
    endloop
  endfacet
  facet normal 0 1 0
    outer loop
      vertex 33.6289 170 9.68701
      vertex 45 170 65
      vertex 40 170 10
    endloop
  endfacet
  facet normal -0 1 0
    outer loop
      vertex 40 170 10
      vertex 45 170 65
      vertex 45 170 9.75437
    endloop
  endfacet
  facet normal 0 1 0
    outer loop
      vertex 27.3191 170 8.75104
      vertex 45 170 65
      vertex 33.6289 170 9.68701
    endloop
  endfacet
  facet normal 0 1 0
    outer loop
      vertex 21.1315 170 7.20112
      vertex 45 170 65
      vertex 27.3191 170 8.75104
    endloop
  endfacet
  facet normal 0 1 0
    outer loop
      vertex 15.1256 170 5.05217
      vertex 45 170 65
      vertex 21.1315 170 7.20112
    endloop
  endfacet
  facet normal 0 1 0
    outer loop
      vertex 9.35921 170 2.32488
      vertex 45 170 65
      vertex 15.1256 170 5.05217
    endloop
  endfacet
  facet normal 0 1 0
    outer loop
      vertex 3.88793 170 -0.954474
      vertex 45 170 65
      vertex 9.35921 170 2.32488
    endloop
  endfacet
  facet normal 0 1 0
    outer loop
      vertex -1.23556 170 -4.75432
      vertex 45 170 65
      vertex 3.88793 170 -0.954474
    endloop
  endfacet
  facet normal 0 1 0
    outer loop
      vertex 45 170 65
      vertex -1.23556 170 -4.75432
      vertex -265 170 65
    endloop
  endfacet
  facet normal 0 1 -0
    outer loop
      vertex -5.96194 170 -9.03806
      vertex -265 170 65
      vertex -1.23556 170 -4.75432
    endloop
  endfacet
  facet normal 0 1 -0
    outer loop
      vertex -10.2457 170 -13.7644
      vertex -265 170 65
      vertex -5.96194 170 -9.03806
    endloop
  endfacet
  facet normal 0 1 -0
    outer loop
      vertex -14.0455 170 -18.8879
      vertex -265 170 65
      vertex -10.2457 170 -13.7644
    endloop
  endfacet
  facet normal 0 1 -0
    outer loop
      vertex -17.3249 170 -24.3592
      vertex -265 170 65
      vertex -14.0455 170 -18.8879
    endloop
  endfacet
  facet normal 0 1 -0
    outer loop
      vertex -20.0522 170 -30.1256
      vertex -265 170 65
      vertex -17.3249 170 -24.3592
    endloop
  endfacet
  facet normal 0 1 -0
    outer loop
      vertex -22.2011 170 -36.1315
      vertex -265 170 65
      vertex -20.0522 170 -30.1256
    endloop
  endfacet
  facet normal 0 1 0
    outer loop
      vertex -265 170 -65
      vertex -22.2011 170 -36.1315
      vertex -23.751 170 -42.3191
    endloop
  endfacet
  facet normal 0 1 0
    outer loop
      vertex -265 170 -65
      vertex -23.751 170 -42.3191
      vertex -24.687 170 -48.6289
    endloop
  endfacet
  facet normal 0 1 0
    outer loop
      vertex -265 170 -65
      vertex -24.687 170 -48.6289
      vertex -25 170 -55
    endloop
  endfacet
  facet normal 0 1 0
    outer loop
      vertex -265 170 -65
      vertex -25 170 -55
      vertex -24.687 170 -61.3711
    endloop
  endfacet
  facet normal 0 1 0
    outer loop
      vertex -265 170 -65
      vertex -24.687 170 -61.3711
      vertex -24.1487 170 -65
    endloop
  endfacet
  facet normal 0 1 0
    outer loop
      vertex -22.2011 170 -36.1315
      vertex -265 170 -65
      vertex -265 170 65
    endloop
  endfacet
  facet normal 0 0 -1
    outer loop
      vertex -199 -190 -65
      vertex -201 -190 -65
      vertex -199 -170 -65
    endloop
  endfacet
  facet normal 0 0 -1
    outer loop
      vertex -199 -170 -65
      vertex -24.1487 -131 -65
      vertex -24.1487 -170 -65
    endloop
  endfacet
  facet normal -0 0 -1
    outer loop
      vertex -24.1487 -131 -65
      vertex -199 -170 -65
      vertex -24.1487 131 -65
    endloop
  endfacet
  facet normal 0 0 -1
    outer loop
      vertex -265 170 -65
      vertex -24.1487 131 -65
      vertex -199 -170 -65
    endloop
  endfacet
  facet normal 0 0 -1
    outer loop
      vertex -201 -170 -65
      vertex -199 -170 -65
      vertex -201 -190 -65
    endloop
  endfacet
  facet normal 0 0 -1
    outer loop
      vertex -265 170 -65
      vertex -199 -170 -65
      vertex -201 -170 -65
    endloop
  endfacet
  facet normal 0 0 -1
    outer loop
      vertex -265 170 -65
      vertex -201 -170 -65
      vertex -265 -170 -65
    endloop
  endfacet
  facet normal 0 0 -1
    outer loop
      vertex -24.1487 131 -65
      vertex -265 170 -65
      vertex -24.1487 170 -65
    endloop
  endfacet
  facet normal 0 0 -1
    outer loop
      vertex -24.1487 -131 -65
      vertex 104.149 131 -65
      vertex 104.149 -131 -65
    endloop
  endfacet
  facet normal -0 0 -1
    outer loop
      vertex 104.149 131 -65
      vertex -24.1487 -131 -65
      vertex -24.1487 131 -65
    endloop
  endfacet
  facet normal 0 0 -1
    outer loop
      vertex 199 -160.065 -65
      vertex 201 -130 -65
      vertex 201 -190 -65
    endloop
  endfacet
  facet normal 0 0 -1
    outer loop
      vertex 104.149 -131 -65
      vertex 200 -122 -65
      vertex 200 -130 -65
    endloop
  endfacet
  facet normal -0 0 -1
    outer loop
      vertex 200 -122 -65
      vertex 104.149 -131 -65
      vertex 200 -62 -65
    endloop
  endfacet
  facet normal -0 0 -1
    outer loop
      vertex 200 -62 -65
      vertex 104.149 -131 -65
      vertex 200 -54 -65
    endloop
  endfacet
  facet normal -0 0 -1
    outer loop
      vertex 200 -54 -65
      vertex 104.149 -131 -65
      vertex 200 6 -65
    endloop
  endfacet
  facet normal 0 0 -1
    outer loop
      vertex 104.149 131 -65
      vertex 200 6 -65
      vertex 104.149 -131 -65
    endloop
  endfacet
  facet normal 0 0 -1
    outer loop
      vertex 200 6 -65
      vertex 104.149 131 -65
      vertex 200 14 -65
    endloop
  endfacet
  facet normal 0 0 -1
    outer loop
      vertex 200 14 -65
      vertex 104.149 131 -65
      vertex 200 74 -65
    endloop
  endfacet
  facet normal 0 0 -1
    outer loop
      vertex 200 82 -65
      vertex 104.149 131 -65
      vertex 200 142 -65
    endloop
  endfacet
  facet normal 0 0 -1
    outer loop
      vertex 199 -160.065 -65
      vertex 201 -190 -65
      vertex 199 -190 -65
    endloop
  endfacet
  facet normal -0 0 -1
    outer loop
      vertex 201 -130 -65
      vertex 199 -160.065 -65
      vertex 200 -130 -65
    endloop
  endfacet
  facet normal 0 0 -1
    outer loop
      vertex 104.149 -131 -65
      vertex 200 -130 -65
      vertex 199 -160.065 -65
    endloop
  endfacet
  facet normal 0 0 -1
    outer loop
      vertex 104.149 -131 -65
      vertex 199 -160.065 -65
      vertex 104.149 -166.184 -65
    endloop
  endfacet
  facet normal 0 0 -1
    outer loop
      vertex 200 74 -65
      vertex 104.149 131 -65
      vertex 200 82 -65
    endloop
  endfacet
  facet normal 0 0 -1
    outer loop
      vertex 104.149 166.184 -65
      vertex 200 142 -65
      vertex 104.149 131 -65
    endloop
  endfacet
  facet normal 0 0 -1
    outer loop
      vertex 200 142 -65
      vertex 104.149 166.184 -65
      vertex 200 160 -65
    endloop
  endfacet
  facet normal 0 0 -1
    outer loop
      vertex 200 -122 -65
      vertex 201 -62 -65
      vertex 201 -122 -65
    endloop
  endfacet
  facet normal -0 0 -1
    outer loop
      vertex 201 -62 -65
      vertex 200 -122 -65
      vertex 200 -62 -65
    endloop
  endfacet
  facet normal 0 0 -1
    outer loop
      vertex 200 -54 -65
      vertex 201 6 -65
      vertex 201 -54 -65
    endloop
  endfacet
  facet normal -0 0 -1
    outer loop
      vertex 201 6 -65
      vertex 200 -54 -65
      vertex 200 6 -65
    endloop
  endfacet
  facet normal 0 0 -1
    outer loop
      vertex 200 14 -65
      vertex 201 74 -65
      vertex 201 14 -65
    endloop
  endfacet
  facet normal -0 0 -1
    outer loop
      vertex 201 74 -65
      vertex 200 14 -65
      vertex 200 74 -65
    endloop
  endfacet
  facet normal 0 0 -1
    outer loop
      vertex 200 82 -65
      vertex 201 142 -65
      vertex 201 82 -65
    endloop
  endfacet
  facet normal -0 0 -1
    outer loop
      vertex 201 142 -65
      vertex 200 82 -65
      vertex 200 142 -65
    endloop
  endfacet
  facet normal 0 -1 0
    outer loop
      vertex -265 -170 -63.8364
      vertex -265 -170 -65
      vertex -201 -170 -65
    endloop
  endfacet
  facet normal 0 -1 0
    outer loop
      vertex -1.23556 -170 -4.75432
      vertex 45 -170 65
      vertex -265 -170 65
    endloop
  endfacet
  facet normal 0 -1 0
    outer loop
      vertex 45 -170 65
      vertex 33.6289 -170 9.68701
      vertex 40 -170 10
    endloop
  endfacet
  facet normal 0 -1 0
    outer loop
      vertex 45 -170 65
      vertex 27.3191 -170 8.75104
      vertex 33.6289 -170 9.68701
    endloop
  endfacet
  facet normal 0 -1 0
    outer loop
      vertex 45 -170 65
      vertex 21.1315 -170 7.20112
      vertex 27.3191 -170 8.75104
    endloop
  endfacet
  facet normal 0 -1 0
    outer loop
      vertex 45 -170 65
      vertex 15.1256 -170 5.05217
      vertex 21.1315 -170 7.20112
    endloop
  endfacet
  facet normal 0 -1 0
    outer loop
      vertex 45 -170 65
      vertex 9.35921 -170 2.32488
      vertex 15.1256 -170 5.05217
    endloop
  endfacet
  facet normal 0 -1 0
    outer loop
      vertex 45 -170 65
      vertex 3.88793 -170 -0.954474
      vertex 9.35921 -170 2.32488
    endloop
  endfacet
  facet normal 0 -1 0
    outer loop
      vertex 45 -170 65
      vertex -1.23556 -170 -4.75432
      vertex 3.88793 -170 -0.954474
    endloop
  endfacet
  facet normal 0 -1 0
    outer loop
      vertex -265 -170 65
      vertex -5.96194 -170 -9.03806
      vertex -1.23556 -170 -4.75432
    endloop
  endfacet
  facet normal 0 -1 0
    outer loop
      vertex -265 -170 65
      vertex -10.2457 -170 -13.7644
      vertex -5.96194 -170 -9.03806
    endloop
  endfacet
  facet normal 0 -1 0
    outer loop
      vertex -265 -170 65
      vertex -14.0455 -170 -18.8879
      vertex -10.2457 -170 -13.7644
    endloop
  endfacet
  facet normal 0 -1 0
    outer loop
      vertex -199 -170 -57
      vertex -14.0455 -170 -18.8879
      vertex -265 -170 65
    endloop
  endfacet
  facet normal 0 -1 0
    outer loop
      vertex -14.0455 -170 -18.8879
      vertex -199 -170 -57
      vertex -17.3249 -170 -24.3592
    endloop
  endfacet
  facet normal 0 -1 0
    outer loop
      vertex -17.3249 -170 -24.3592
      vertex -199 -170 -57
      vertex -20.0522 -170 -30.1256
    endloop
  endfacet
  facet normal 0 -1 0
    outer loop
      vertex -20.0522 -170 -30.1256
      vertex -199 -170 -57
      vertex -22.2011 -170 -36.1315
    endloop
  endfacet
  facet normal 0 -1 0
    outer loop
      vertex -22.2011 -170 -36.1315
      vertex -199 -170 -57
      vertex -23.751 -170 -42.3191
    endloop
  endfacet
  facet normal 0 -1 0
    outer loop
      vertex -23.751 -170 -42.3191
      vertex -199 -170 -57
      vertex -24.687 -170 -48.6289
    endloop
  endfacet
  facet normal 0 -1 0
    outer loop
      vertex -199 -170 -57
      vertex -265 -170 65
      vertex -201 -170 -57
    endloop
  endfacet
  facet normal -0 -1 0
    outer loop
      vertex -201 -170 -57
      vertex -265 -170 65
      vertex -265 -170 -58.1636
    endloop
  endfacet
  facet normal 0 -1 -0
    outer loop
      vertex 45 -170 65
      vertex 40 -170 10
      vertex 45 -170 9.75437
    endloop
  endfacet
  facet normal 0 -1 0
    outer loop
      vertex -24.687 -170 -48.6289
      vertex -199 -170 -57
      vertex -25 -170 -55
    endloop
  endfacet
  facet normal 0 -1 0
    outer loop
      vertex -199 -170 -65
      vertex -25 -170 -55
      vertex -199 -170 -57
    endloop
  endfacet
  facet normal 0 -1 -0
    outer loop
      vertex -25 -170 -55
      vertex -199 -170 -65
      vertex -24.687 -170 -61.3711
    endloop
  endfacet
  facet normal 0 -1 -0
    outer loop
      vertex -24.687 -170 -61.3711
      vertex -199 -170 -65
      vertex -24.1487 -170 -65
    endloop
  endfacet
  facet normal 0.618493 0 0.78579
    outer loop
      vertex 45 170 65
      vertex 200 142 -57
      vertex 200 160 -57
    endloop
  endfacet
  facet normal 0.618492 0 0.785791
    outer loop
      vertex 200 142 -57
      vertex 143.197 61.7895 -12.2907
      vertex 200 82 -57
    endloop
  endfacet
  facet normal 0.618519 -8.39537e-05 0.78577
    outer loop
      vertex 158.212 58.2044 -24.1091
      vertex 200 82 -57
      vertex 150.817 60.2872 -18.2879
    endloop
  endfacet
  facet normal 0.618543 0 0.785751
    outer loop
      vertex 200 74 -57
      vertex 198.172 29.698 -55.561
      vertex 200 26.6556 -57
    endloop
  endfacet
  facet normal 0.618507 2.36169e-06 0.785779
    outer loop
      vertex 200 74 -57
      vertex 194.134 35.0009 -52.3826
      vertex 198.172 29.698 -55.561
    endloop
  endfacet
  facet normal 0.618433 2.05722e-05 0.785838
    outer loop
      vertex 200 74 -57
      vertex 189.454 39.9668 -48.6997
      vertex 194.134 35.0009 -52.3826
    endloop
  endfacet
  facet normal 0.618494 -1.00347e-05 0.78579
    outer loop
      vertex 200 74 -57
      vertex 184.179 44.5477 -44.5477
      vertex 189.454 39.9668 -48.6997
    endloop
  endfacet
  facet normal 0.61849 -6.73737e-06 0.785793
    outer loop
      vertex 200 74 -57
      vertex 178.359 48.6997 -39.9668
      vertex 184.179 44.5477 -44.5477
    endloop
  endfacet
  facet normal 0.618496 -1.50482e-05 0.785788
    outer loop
      vertex 200 74 -57
      vertex 172.05 52.3826 -35.0009
      vertex 178.359 48.6997 -39.9668
    endloop
  endfacet
  facet normal 0.618502 -2.72067e-05 0.785784
    outer loop
      vertex 200 74 -57
      vertex 165.313 55.561 -29.698
      vertex 172.05 52.3826 -35.0009
    endloop
  endfacet
  facet normal 0.618493 0 0.785791
    outer loop
      vertex 200 82 -57
      vertex 165.313 55.561 -29.698
      vertex 200 74 -57
    endloop
  endfacet
  facet normal 0.61848 2.62305e-05 0.7858
    outer loop
      vertex 165.313 55.561 -29.698
      vertex 200 82 -57
      vertex 158.212 58.2044 -24.1091
    endloop
  endfacet
  facet normal 0.618473 8.5083e-05 0.785806
    outer loop
      vertex 200 82 -57
      vertex 143.197 61.7895 -12.2907
      vertex 150.817 60.2872 -18.2879
    endloop
  endfacet
  facet normal 0.618486 6.63579e-06 0.785796
    outer loop
      vertex 200 142 -57
      vertex 135.427 62.6966 -6.17508
      vertex 143.197 61.7895 -12.2907
    endloop
  endfacet
  facet normal 0.618511 -2.68691e-05 0.785776
    outer loop
      vertex 200 142 -57
      vertex 127.582 63 0
      vertex 135.427 62.6966 -6.17508
    endloop
  endfacet
  facet normal 0.618513 -2.88442e-05 0.785775
    outer loop
      vertex 200 142 -57
      vertex 119.737 62.6966 6.17508
      vertex 127.582 63 0
    endloop
  endfacet
  facet normal 0.618493 2.77794e-06 0.78579
    outer loop
      vertex 200 142 -57
      vertex 45 170 65
      vertex 119.737 62.6966 6.17508
    endloop
  endfacet
  facet normal 0.618486 -5.69727e-06 0.785796
    outer loop
      vertex 119.737 62.6966 6.17508
      vertex 45 170 65
      vertex 111.967 61.7895 12.2907
    endloop
  endfacet
  facet normal 0.618466 -2.57985e-05 0.785812
    outer loop
      vertex 111.967 61.7895 12.2907
      vertex 45 170 65
      vertex 104.347 60.2872 18.2879
    endloop
  endfacet
  facet normal 0.618511 1.35241e-05 0.785776
    outer loop
      vertex 104.347 60.2872 18.2879
      vertex 45 170 65
      vertex 96.9516 58.2044 24.1091
    endloop
  endfacet
  facet normal 0.618491 -1.44844e-06 0.785792
    outer loop
      vertex 96.9516 58.2044 24.1091
      vertex 45 170 65
      vertex 89.8509 55.561 29.698
    endloop
  endfacet
  facet normal 0.618493 -2.81256e-07 0.785791
    outer loop
      vertex 89.8509 55.561 29.698
      vertex 45 170 65
      vertex 83.1136 52.3826 35.0009
    endloop
  endfacet
  facet normal 0.618493 0 0.78579
    outer loop
      vertex 78 49.3975 39.0258
      vertex 45 170 65
      vertex 78 -49.3975 39.0258
    endloop
  endfacet
  facet normal 0.618493 3.39268e-08 0.78579
    outer loop
      vertex 83.1136 52.3826 35.0009
      vertex 45 170 65
      vertex 78 49.3975 39.0258
    endloop
  endfacet
  facet normal 0.618543 0 0.785751
    outer loop
      vertex 198.172 -29.698 -55.561
      vertex 200 -54 -57
      vertex 200 -26.6556 -57
    endloop
  endfacet
  facet normal 0.618509 -4.13057e-06 0.785778
    outer loop
      vertex 194.134 -35.0009 -52.3826
      vertex 200 -54 -57
      vertex 198.172 -29.698 -55.561
    endloop
  endfacet
  facet normal 0.618443 -3.68837e-05 0.785829
    outer loop
      vertex 189.454 -39.9668 -48.6997
      vertex 200 -54 -57
      vertex 194.134 -35.0009 -52.3826
    endloop
  endfacet
  facet normal 0.618489 1.86885e-05 0.785794
    outer loop
      vertex 184.179 -44.5477 -44.5477
      vertex 200 -54 -57
      vertex 189.454 -39.9668 -48.6997
    endloop
  endfacet
  facet normal 0.618487 1.32347e-05 0.785795
    outer loop
      vertex 178.359 -48.6997 -39.9668
      vertex 200 -54 -57
      vertex 184.179 -44.5477 -44.5477
    endloop
  endfacet
  facet normal 0.618485 0 0.785797
    outer loop
      vertex 200 -54 -57
      vertex 178.359 -48.6997 -39.9668
      vertex 200 -62 -57
    endloop
  endfacet
  facet normal 0.618493 2.20114e-05 0.78579
    outer loop
      vertex 172.05 -52.3826 -35.0009
      vertex 200 -62 -57
      vertex 178.359 -48.6997 -39.9668
    endloop
  endfacet
  facet normal 0.618497 4.15238e-05 0.785787
    outer loop
      vertex 165.313 -55.561 -29.698
      vertex 200 -62 -57
      vertex 172.05 -52.3826 -35.0009
    endloop
  endfacet
  facet normal 0.618493 0 0.785791
    outer loop
      vertex 200 -62 -57
      vertex 165.313 -55.561 -29.698
      vertex 200 -122 -57
    endloop
  endfacet
  facet normal 0.618477 -1.30081e-05 0.785803
    outer loop
      vertex 158.212 -58.2044 -24.1091
      vertex 200 -122 -57
      vertex 165.313 -55.561 -29.698
    endloop
  endfacet
  facet normal 0.618527 3.9513e-05 0.785764
    outer loop
      vertex 150.817 -60.2872 -18.2879
      vertex 200 -122 -57
      vertex 158.212 -58.2044 -24.1091
    endloop
  endfacet
  facet normal 0.618467 -3.74239e-05 0.785811
    outer loop
      vertex 143.197 -61.7895 -12.2907
      vertex 200 -122 -57
      vertex 150.817 -60.2872 -18.2879
    endloop
  endfacet
  facet normal 0.618486 -8.6213e-06 0.785796
    outer loop
      vertex 135.427 -62.6966 -6.17508
      vertex 200 -122 -57
      vertex 143.197 -61.7895 -12.2907
    endloop
  endfacet
  facet normal 0.618491 0 0.785792
    outer loop
      vertex 200 -122 -57
      vertex 135.427 -62.6966 -6.17508
      vertex 200 -130 -57
    endloop
  endfacet
  facet normal 0.618511 3.14884e-05 0.785776
    outer loop
      vertex 127.582 -63 0
      vertex 200 -130 -57
      vertex 135.427 -62.6966 -6.17508
    endloop
  endfacet
  facet normal 0.618513 3.42357e-05 0.785775
    outer loop
      vertex 119.737 -62.6966 6.17508
      vertex 200 -130 -57
      vertex 127.582 -63 0
    endloop
  endfacet
  facet normal 0.618493 -2.96056e-06 0.78579
    outer loop
      vertex 45 -170 65
      vertex 200 -130 -57
      vertex 119.737 -62.6966 6.17508
    endloop
  endfacet
  facet normal 0.618486 5.69727e-06 0.785796
    outer loop
      vertex 45 -170 65
      vertex 119.737 -62.6966 6.17508
      vertex 111.967 -61.7895 12.2907
    endloop
  endfacet
  facet normal 0.618466 2.57985e-05 0.785812
    outer loop
      vertex 45 -170 65
      vertex 111.967 -61.7895 12.2907
      vertex 104.347 -60.2872 18.2879
    endloop
  endfacet
  facet normal 0.618511 -1.35241e-05 0.785776
    outer loop
      vertex 45 -170 65
      vertex 104.347 -60.2872 18.2879
      vertex 96.9516 -58.2044 24.1091
    endloop
  endfacet
  facet normal 0.618491 1.44844e-06 0.785792
    outer loop
      vertex 45 -170 65
      vertex 96.9516 -58.2044 24.1091
      vertex 89.8509 -55.561 29.698
    endloop
  endfacet
  facet normal 0.618493 2.81256e-07 0.785791
    outer loop
      vertex 45 -170 65
      vertex 89.8509 -55.561 29.698
      vertex 83.1136 -52.3826 35.0009
    endloop
  endfacet
  facet normal 0.618493 -3.39268e-08 0.78579
    outer loop
      vertex 45 -170 65
      vertex 83.1136 -52.3826 35.0009
      vertex 78 -49.3975 39.0258
    endloop
  endfacet
  facet normal 0.618493 0 0.78579
    outer loop
      vertex 200 -130 -57
      vertex 45 -170 65
      vertex 200 -160 -57
    endloop
  endfacet
  facet normal 0.618493 -0 0.78579
    outer loop
      vertex 45 -170 65
      vertex 78 -49.3975 39.0258
      vertex 45 170 65
    endloop
  endfacet
  facet normal 0.0643762 -0.997926 -3.00155e-05
    outer loop
      vertex 104.687 -166.149 -61.3711
      vertex 199 -160.065 -57
      vertex 105 -166.129 -55
    endloop
  endfacet
  facet normal 0.0643779 -0.997926 8.04911e-05
    outer loop
      vertex 199 -160.065 -65
      vertex 104.687 -166.149 -61.3711
      vertex 104.149 -166.184 -65
    endloop
  endfacet
  facet normal 0.0643748 -0.997926 0
    outer loop
      vertex 104.687 -166.149 -61.3711
      vertex 199 -160.065 -65
      vertex 199 -160.065 -57
    endloop
  endfacet
  facet normal 0.0640503 -0.997947 0
    outer loop
      vertex 46.3711 -169.912 9.68701
      vertex 45 -170 65
      vertex 45 -170 9.75437
    endloop
  endfacet
  facet normal 0.0645283 -0.997916 1.18993e-05
    outer loop
      vertex 52.6809 -169.504 8.75104
      vertex 45 -170 65
      vertex 46.3711 -169.912 9.68701
    endloop
  endfacet
  facet normal 0.0643469 -0.997928 -1.2975e-05
    outer loop
      vertex 58.8685 -169.105 7.20112
      vertex 45 -170 65
      vertex 52.6809 -169.504 8.75104
    endloop
  endfacet
  facet normal 0.0642941 -0.997931 -2.56958e-05
    outer loop
      vertex 64.8744 -168.718 5.05217
      vertex 45 -170 65
      vertex 58.8685 -169.105 7.20112
    endloop
  endfacet
  facet normal 0.064379 -0.997926 2.57459e-06
    outer loop
      vertex 70.6408 -168.346 2.32488
      vertex 45 -170 65
      vertex 64.8744 -168.718 5.05217
    endloop
  endfacet
  facet normal 0.0643885 -0.997925 6.44723e-06
    outer loop
      vertex 76.1121 -167.993 -0.954474
      vertex 45 -170 65
      vertex 70.6408 -168.346 2.32488
    endloop
  endfacet
  facet normal 0.064521 -0.997916 6.92266e-05
    outer loop
      vertex 81.2356 -167.662 -4.75432
      vertex 45 -170 65
      vertex 76.1121 -167.993 -0.954474
    endloop
  endfacet
  facet normal 0.0644077 -0.997924 1.01168e-05
    outer loop
      vertex 85.9619 -167.357 -9.03806
      vertex 45 -170 65
      vertex 81.2356 -167.662 -4.75432
    endloop
  endfacet
  facet normal 0.0644254 -0.997923 0.000118228
    outer loop
      vertex 199 -160.065 -57
      vertex 85.9619 -167.357 -9.03806
      vertex 90.2457 -167.081 -13.7644
    endloop
  endfacet
  facet normal 0.0643932 -0.997925 3.70639e-05
    outer loop
      vertex 199 -160.065 -57
      vertex 90.2457 -167.081 -13.7644
      vertex 94.0455 -166.836 -18.8879
    endloop
  endfacet
  facet normal 0.0643433 -0.997928 -0.000101151
    outer loop
      vertex 199 -160.065 -57
      vertex 94.0455 -166.836 -18.8879
      vertex 97.3249 -166.624 -24.3592
    endloop
  endfacet
  facet normal 0.0643775 -0.997926 3.00783e-05
    outer loop
      vertex 199 -160.065 -57
      vertex 104.687 -166.149 -48.6289
      vertex 105 -166.129 -55
    endloop
  endfacet
  facet normal 0.064366 -0.997926 -9.93558e-05
    outer loop
      vertex 199 -160.065 -57
      vertex 103.751 -166.21 -42.3191
      vertex 104.687 -166.149 -48.6289
    endloop
  endfacet
  facet normal 0.0643812 -0.997925 -2.64184e-07
    outer loop
      vertex 199 -160.065 -57
      vertex 102.201 -166.31 -36.1315
      vertex 103.751 -166.21 -42.3191
    endloop
  endfacet
  facet normal 0.0644061 -0.997924 0.000115772
    outer loop
      vertex 199 -160.065 -57
      vertex 100.052 -166.448 -30.1256
      vertex 102.201 -166.31 -36.1315
    endloop
  endfacet
  facet normal 0.0643706 -0.997926 -1.55898e-05
    outer loop
      vertex 199 -160.065 -57
      vertex 97.3249 -166.624 -24.3592
      vertex 100.052 -166.448 -30.1256
    endloop
  endfacet
  facet normal 0.0643711 -0.997926 -1.02096e-05
    outer loop
      vertex 85.9619 -167.357 -9.03806
      vertex 199 -160.065 -57
      vertex 45 -170 65
    endloop
  endfacet
  facet normal 0.0648631 -0.997894 0.000613459
    outer loop
      vertex 45 -170 65
      vertex 199 -160.065 -57
      vertex 200 -160 -57
    endloop
  endfacet
  facet normal 1 -0 0
    outer loop
      vertex 200 142 -57
      vertex 200 160 -65
      vertex 200 160 -57
    endloop
  endfacet
  facet normal 1 0 0
    outer loop
      vertex 200 160 -65
      vertex 200 142 -57
      vertex 200 142 -65
    endloop
  endfacet
  facet normal 1 -0 0
    outer loop
      vertex 200 12.2907 -61.7895
      vertex 200 14 -65
      vertex 200 14 -61.3613
    endloop
  endfacet
  facet normal 1 0 0
    outer loop
      vertex 200 6 -65
      vertex 200 12.2907 -61.7895
      vertex 200 6.17508 -62.6966
    endloop
  endfacet
  facet normal 1 0 0
    outer loop
      vertex 200 6 -65
      vertex 200 6.17508 -62.6966
      vertex 200 6 -62.7052
    endloop
  endfacet
  facet normal 1 0 0
    outer loop
      vertex 200 12.2907 -61.7895
      vertex 200 6 -65
      vertex 200 14 -65
    endloop
  endfacet
  facet normal 1 -0 0
    outer loop
      vertex 200 74 -57
      vertex 200 82 -65
      vertex 200 82 -57
    endloop
  endfacet
  facet normal 1 0 0
    outer loop
      vertex 200 82 -65
      vertex 200 74 -57
      vertex 200 74 -65
    endloop
  endfacet
  facet normal 1 -0 0
    outer loop
      vertex 200 -62 -57
      vertex 200 -54 -65
      vertex 200 -54 -57
    endloop
  endfacet
  facet normal 1 0 0
    outer loop
      vertex 200 -54 -65
      vertex 200 -62 -57
      vertex 200 -62 -65
    endloop
  endfacet
  facet normal 1 -0 0
    outer loop
      vertex 200 -130 -57
      vertex 200 -122 -65
      vertex 200 -122 -57
    endloop
  endfacet
  facet normal 1 0 0
    outer loop
      vertex 200 -122 -65
      vertex 200 -130 -57
      vertex 200 -130 -65
    endloop
  endfacet
  facet normal 0.0640503 0.997947 0
    outer loop
      vertex 45 170 65
      vertex 46.3711 169.912 9.68701
      vertex 45 170 9.75437
    endloop
  endfacet
  facet normal 0.0645283 0.997916 1.18993e-05
    outer loop
      vertex 45 170 65
      vertex 52.6809 169.504 8.75104
      vertex 46.3711 169.912 9.68701
    endloop
  endfacet
  facet normal 0.0643469 0.997928 -1.2975e-05
    outer loop
      vertex 45 170 65
      vertex 58.8685 169.105 7.20112
      vertex 52.6809 169.504 8.75104
    endloop
  endfacet
  facet normal 0.0642941 0.997931 -2.56958e-05
    outer loop
      vertex 45 170 65
      vertex 64.8744 168.718 5.05217
      vertex 58.8685 169.105 7.20112
    endloop
  endfacet
  facet normal 0.064379 0.997926 2.57459e-06
    outer loop
      vertex 45 170 65
      vertex 70.6408 168.346 2.32488
      vertex 64.8744 168.718 5.05217
    endloop
  endfacet
  facet normal 0.0643885 0.997925 6.44723e-06
    outer loop
      vertex 45 170 65
      vertex 76.1121 167.993 -0.954474
      vertex 70.6408 168.346 2.32488
    endloop
  endfacet
  facet normal 0.064521 0.997916 6.92266e-05
    outer loop
      vertex 45 170 65
      vertex 81.2356 167.662 -4.75432
      vertex 76.1121 167.993 -0.954474
    endloop
  endfacet
  facet normal 0.0644077 0.997924 1.01168e-05
    outer loop
      vertex 45 170 65
      vertex 85.9619 167.357 -9.03806
      vertex 81.2356 167.662 -4.75432
    endloop
  endfacet
  facet normal 0.0643767 0.997926 -7.08563e-06
    outer loop
      vertex 200 160 -57
      vertex 85.9619 167.357 -9.03806
      vertex 45 170 65
    endloop
  endfacet
  facet normal 0.0644316 0.997922 0.000123874
    outer loop
      vertex 85.9619 167.357 -9.03806
      vertex 200 160 -57
      vertex 90.2457 167.081 -13.7644
    endloop
  endfacet
  facet normal 0.0643993 0.997924 4.15684e-05
    outer loop
      vertex 90.2457 167.081 -13.7644
      vertex 200 160 -57
      vertex 94.0455 166.836 -18.8879
    endloop
  endfacet
  facet normal 0.0643495 0.997927 -9.73857e-05
    outer loop
      vertex 94.0455 166.836 -18.8879
      vertex 200 160 -57
      vertex 97.3249 166.624 -24.3592
    endloop
  endfacet
  facet normal 0.0643763 0.997926 -1.29086e-05
    outer loop
      vertex 200 160 -57
      vertex 100.052 166.448 -30.1256
      vertex 97.3249 166.624 -24.3592
    endloop
  endfacet
  facet normal 0.0644112 0.997923 0.00011759
    outer loop
      vertex 200 160 -57
      vertex 102.201 166.31 -36.1315
      vertex 100.052 166.448 -30.1256
    endloop
  endfacet
  facet normal 0.0643864 0.997925 1.04532e-06
    outer loop
      vertex 200 160 -57
      vertex 103.751 166.21 -42.3191
      vertex 102.201 166.31 -36.1315
    endloop
  endfacet
  facet normal 0.0643713 0.997926 -9.85686e-05
    outer loop
      vertex 200 160 -57
      vertex 104.687 166.149 -48.6289
      vertex 103.751 166.21 -42.3191
    endloop
  endfacet
  facet normal 0.0643826 0.997925 3.03308e-05
    outer loop
      vertex 200 160 -57
      vertex 105 166.129 -55
      vertex 104.687 166.149 -48.6289
    endloop
  endfacet
  facet normal 0.0643813 0.997925 -3.02681e-05
    outer loop
      vertex 200 160 -57
      vertex 104.687 166.149 -61.3711
      vertex 105 166.129 -55
    endloop
  endfacet
  facet normal 0.0643799 0.997925 -0
    outer loop
      vertex 200 160 -65
      vertex 104.687 166.149 -61.3711
      vertex 200 160 -57
    endloop
  endfacet
  facet normal 0.0643829 0.997925 7.97373e-05
    outer loop
      vertex 104.687 166.149 -61.3711
      vertex 200 160 -65
      vertex 104.149 166.184 -65
    endloop
  endfacet
  facet normal 0 -0.242988 0.970029
    outer loop
      vertex 199 18.2879 -60.2872
      vertex 78 18.2879 -60.2872
      vertex 199 14 -61.3613
    endloop
  endfacet
  facet normal 0 -0.243003 0.970026
    outer loop
      vertex 199 14 -61.3613
      vertex 200 12.2907 -61.7895
      vertex 200 14 -61.3613
    endloop
  endfacet
  facet normal -1.59942e-07 -0.242992 0.970028
    outer loop
      vertex 78 12.2907 -61.7895
      vertex 199 14 -61.3613
      vertex 78 18.2879 -60.2872
    endloop
  endfacet
  facet normal 0 -0.243003 0.970026
    outer loop
      vertex 199 14 -61.3613
      vertex 78 12.2907 -61.7895
      vertex 200 12.2907 -61.7895
    endloop
  endfacet
  facet normal -0 0.941547 0.336881
    outer loop
      vertex 78 -58.2044 -24.1091
      vertex 150.817 -60.2872 -18.2879
      vertex 158.212 -58.2044 -24.1091
    endloop
  endfacet
  facet normal 0 0.941547 0.336881
    outer loop
      vertex 150.817 -60.2872 -18.2879
      vertex 78 -58.2044 -24.1091
      vertex 78 -60.2872 -18.2879
    endloop
  endfacet
  facet normal 0 -0.0490612 0.998796
    outer loop
      vertex 200 6.17508 -62.6966
      vertex 199 6 -62.7052
      vertex 200 6 -62.7052
    endloop
  endfacet
  facet normal 0 -0.0490612 0.998796
    outer loop
      vertex 78 6.17508 -62.6966
      vertex 199 6 -62.7052
      vertex 200 6.17508 -62.6966
    endloop
  endfacet
  facet normal -1.86882e-08 -0.0490741 0.998795
    outer loop
      vertex 78 6.17508 -62.6966
      vertex 199 0 -63
      vertex 199 6 -62.7052
    endloop
  endfacet
  facet normal 0 -0.0490738 0.998795
    outer loop
      vertex 199 0 -63
      vertex 78 6.17508 -62.6966
      vertex 78 0 -63
    endloop
  endfacet
  facet normal 0 -0.970028 0.242992
    outer loop
      vertex 78 60.2872 -18.2879
      vertex 143.197 61.7895 -12.2907
      vertex 78 61.7895 -12.2907
    endloop
  endfacet
  facet normal 0 -0.970028 0.242992
    outer loop
      vertex 143.197 61.7895 -12.2907
      vertex 78 60.2872 -18.2879
      vertex 150.817 60.2872 -18.2879
    endloop
  endfacet
  facet normal -0 0.857731 0.514098
    outer loop
      vertex 78 -52.3826 -35.0009
      vertex 165.313 -55.561 -29.698
      vertex 172.05 -52.3826 -35.0009
    endloop
  endfacet
  facet normal 0 0.857731 0.514098
    outer loop
      vertex 165.313 -55.561 -29.698
      vertex 78 -52.3826 -35.0009
      vertex 78 -55.561 -29.698
    endloop
  endfacet
  facet normal 0 -0.903986 -0.427561
    outer loop
      vertex 78 58.2044 24.1091
      vertex 89.8509 55.561 29.698
      vertex 78 55.561 29.698
    endloop
  endfacet
  facet normal 0 -0.903986 -0.427561
    outer loop
      vertex 89.8509 55.561 29.698
      vertex 78 58.2044 24.1091
      vertex 96.9516 58.2044 24.1091
    endloop
  endfacet
  facet normal -0 0.14672 0.989178
    outer loop
      vertex 78 -6.17508 -62.6966
      vertex 199 -12.2907 -61.7895
      vertex 199 -6.17508 -62.6966
    endloop
  endfacet
  facet normal 0 0.14672 0.989178
    outer loop
      vertex 199 -12.2907 -61.7895
      vertex 78 -6.17508 -62.6966
      vertex 78 -12.2907 -61.7895
    endloop
  endfacet
  facet normal -0 0.970028 0.242992
    outer loop
      vertex 78 -60.2872 -18.2879
      vertex 143.197 -61.7895 -12.2907
      vertex 150.817 -60.2872 -18.2879
    endloop
  endfacet
  facet normal 0 0.970028 0.242992
    outer loop
      vertex 143.197 -61.7895 -12.2907
      vertex 78 -60.2872 -18.2879
      vertex 78 -61.7895 -12.2907
    endloop
  endfacet
  facet normal 0 -0.970028 -0.242992
    outer loop
      vertex 78 61.7895 12.2907
      vertex 104.347 60.2872 18.2879
      vertex 78 60.2872 18.2879
    endloop
  endfacet
  facet normal 0 -0.970028 -0.242992
    outer loop
      vertex 104.347 60.2872 18.2879
      vertex 78 61.7895 12.2907
      vertex 111.967 61.7895 12.2907
    endloop
  endfacet
  facet normal -0 0.595693 0.803212
    outer loop
      vertex 78 -35.0009 -52.3826
      vertex 189.454 -39.9668 -48.6997
      vertex 194.134 -35.0009 -52.3826
    endloop
  endfacet
  facet normal 0 0.595693 0.803212
    outer loop
      vertex 189.454 -39.9668 -48.6997
      vertex 78 -35.0009 -52.3826
      vertex 78 -39.9668 -48.6997
    endloop
  endfacet
  facet normal 0 -0.857731 -0.514098
    outer loop
      vertex 78 55.561 29.698
      vertex 83.1136 52.3826 35.0009
      vertex 78 52.3826 35.0009
    endloop
  endfacet
  facet normal 0 -0.857731 -0.514098
    outer loop
      vertex 83.1136 52.3826 35.0009
      vertex 78 55.561 29.698
      vertex 89.8509 55.561 29.698
    endloop
  endfacet
  facet normal -0 0.803212 0.595693
    outer loop
      vertex 78 -48.6997 -39.9668
      vertex 172.05 -52.3826 -35.0009
      vertex 178.359 -48.6997 -39.9668
    endloop
  endfacet
  facet normal 0 0.803212 0.595693
    outer loop
      vertex 172.05 -52.3826 -35.0009
      vertex 78 -48.6997 -39.9668
      vertex 78 -52.3826 -35.0009
    endloop
  endfacet
  facet normal 0 0.970028 -0.242992
    outer loop
      vertex 78 -61.7895 12.2907
      vertex 104.347 -60.2872 18.2879
      vertex 111.967 -61.7895 12.2907
    endloop
  endfacet
  facet normal 0 0.970028 -0.242992
    outer loop
      vertex 104.347 -60.2872 18.2879
      vertex 78 -61.7895 12.2907
      vertex 78 -60.2872 18.2879
    endloop
  endfacet
  facet normal 6.29984e-05 0.427554 0.90399
    outer loop
      vertex 199 -24.1091 -58.2044
      vertex 198.172 -29.698 -55.561
      vertex 199 -26.6556 -57
    endloop
  endfacet
  facet normal -0 0.427561 0.903986
    outer loop
      vertex 78 -24.1091 -58.2044
      vertex 198.172 -29.698 -55.561
      vertex 199 -24.1091 -58.2044
    endloop
  endfacet
  facet normal 0 0.427561 0.903986
    outer loop
      vertex 198.172 -29.698 -55.561
      vertex 78 -24.1091 -58.2044
      vertex 78 -29.698 -55.561
    endloop
  endfacet
  facet normal 0 0.427568 0.903983
    outer loop
      vertex 200 -26.6556 -57
      vertex 199 -26.6556 -57
      vertex 198.172 -29.698 -55.561
    endloop
  endfacet
  facet normal -0 0.242992 0.970028
    outer loop
      vertex 78 -12.2907 -61.7895
      vertex 199 -18.2879 -60.2872
      vertex 199 -12.2907 -61.7895
    endloop
  endfacet
  facet normal 0 0.242992 0.970028
    outer loop
      vertex 199 -18.2879 -60.2872
      vertex 78 -12.2907 -61.7895
      vertex 78 -18.2879 -60.2872
    endloop
  endfacet
  facet normal 0 -0.595693 0.803212
    outer loop
      vertex 78 35.0009 -52.3826
      vertex 189.454 39.9668 -48.6997
      vertex 78 39.9668 -48.6997
    endloop
  endfacet
  facet normal 0 -0.595693 0.803212
    outer loop
      vertex 189.454 39.9668 -48.6997
      vertex 78 35.0009 -52.3826
      vertex 194.134 35.0009 -52.3826
    endloop
  endfacet
  facet normal 0 -0.803205 -0.595703
    outer loop
      vertex 78 52.3826 35.0009
      vertex 83.1136 52.3826 35.0009
      vertex 78 49.3975 39.0258
    endloop
  endfacet
  facet normal 0 -0.857731 0.514098
    outer loop
      vertex 78 52.3826 -35.0009
      vertex 165.313 55.561 -29.698
      vertex 78 55.561 -29.698
    endloop
  endfacet
  facet normal 0 -0.857731 0.514098
    outer loop
      vertex 165.313 55.561 -29.698
      vertex 78 52.3826 -35.0009
      vertex 172.05 52.3826 -35.0009
    endloop
  endfacet
  facet normal 0 -0.903986 0.427561
    outer loop
      vertex 78 55.561 -29.698
      vertex 158.212 58.2044 -24.1091
      vertex 78 58.2044 -24.1091
    endloop
  endfacet
  facet normal 0 -0.903986 0.427561
    outer loop
      vertex 158.212 58.2044 -24.1091
      vertex 78 55.561 -29.698
      vertex 165.313 55.561 -29.698
    endloop
  endfacet
  facet normal -0 0.989178 0.14672
    outer loop
      vertex 78 -61.7895 -12.2907
      vertex 135.427 -62.6966 -6.17508
      vertex 143.197 -61.7895 -12.2907
    endloop
  endfacet
  facet normal 0 0.989178 0.14672
    outer loop
      vertex 135.427 -62.6966 -6.17508
      vertex 78 -61.7895 -12.2907
      vertex 78 -62.6966 -6.17508
    endloop
  endfacet
  facet normal 0 -0.989178 -0.14672
    outer loop
      vertex 78 62.6966 6.17508
      vertex 111.967 61.7895 12.2907
      vertex 78 61.7895 12.2907
    endloop
  endfacet
  facet normal 0 -0.989178 -0.14672
    outer loop
      vertex 111.967 61.7895 12.2907
      vertex 78 62.6966 6.17508
      vertex 119.737 62.6966 6.17508
    endloop
  endfacet
  facet normal 0 -0.14672 0.989178
    outer loop
      vertex 78 12.2907 -61.7895
      vertex 200 6.17508 -62.6966
      vertex 200 12.2907 -61.7895
    endloop
  endfacet
  facet normal 0 -0.14672 0.989178
    outer loop
      vertex 200 6.17508 -62.6966
      vertex 78 12.2907 -61.7895
      vertex 78 6.17508 -62.6966
    endloop
  endfacet
  facet normal 0 -0.803212 0.595693
    outer loop
      vertex 78 48.6997 -39.9668
      vertex 172.05 52.3826 -35.0009
      vertex 78 52.3826 -35.0009
    endloop
  endfacet
  facet normal 0 -0.803212 0.595693
    outer loop
      vertex 172.05 52.3826 -35.0009
      vertex 78 48.6997 -39.9668
      vertex 178.359 48.6997 -39.9668
    endloop
  endfacet
  facet normal -0 0.0490738 0.998795
    outer loop
      vertex 78 0 -63
      vertex 199 -6.17508 -62.6966
      vertex 199 0 -63
    endloop
  endfacet
  facet normal 0 0.0490738 0.998795
    outer loop
      vertex 199 -6.17508 -62.6966
      vertex 78 0 -63
      vertex 78 -6.17508 -62.6966
    endloop
  endfacet
  facet normal 0 0.803205 -0.595703
    outer loop
      vertex 78 -49.3975 39.0258
      vertex 83.1136 -52.3826 35.0009
      vertex 78 -52.3826 35.0009
    endloop
  endfacet
  facet normal 0 -0.336881 0.941547
    outer loop
      vertex 78 24.1091 -58.2044
      vertex 199 18.2879 -60.2872
      vertex 199 24.1091 -58.2044
    endloop
  endfacet
  facet normal 0 -0.336881 0.941547
    outer loop
      vertex 199 18.2879 -60.2872
      vertex 78 24.1091 -58.2044
      vertex 78 18.2879 -60.2872
    endloop
  endfacet
  facet normal 0 -0.427568 0.903983
    outer loop
      vertex 198.172 29.698 -55.561
      vertex 199 26.6556 -57
      vertex 200 26.6556 -57
    endloop
  endfacet
  facet normal 6.29984e-05 -0.427554 0.90399
    outer loop
      vertex 198.172 29.698 -55.561
      vertex 199 24.1091 -58.2044
      vertex 199 26.6556 -57
    endloop
  endfacet
  facet normal 0 -0.427561 0.903986
    outer loop
      vertex 78 24.1091 -58.2044
      vertex 198.172 29.698 -55.561
      vertex 78 29.698 -55.561
    endloop
  endfacet
  facet normal 0 -0.427561 0.903986
    outer loop
      vertex 198.172 29.698 -55.561
      vertex 78 24.1091 -58.2044
      vertex 199 24.1091 -58.2044
    endloop
  endfacet
  facet normal -0 0.514098 0.857731
    outer loop
      vertex 78 -29.698 -55.561
      vertex 194.134 -35.0009 -52.3826
      vertex 198.172 -29.698 -55.561
    endloop
  endfacet
  facet normal 0 0.514098 0.857731
    outer loop
      vertex 194.134 -35.0009 -52.3826
      vertex 78 -29.698 -55.561
      vertex 78 -35.0009 -52.3826
    endloop
  endfacet
  facet normal 0 -0.941547 0.336881
    outer loop
      vertex 78 58.2044 -24.1091
      vertex 150.817 60.2872 -18.2879
      vertex 78 60.2872 -18.2879
    endloop
  endfacet
  facet normal 0 -0.941547 0.336881
    outer loop
      vertex 150.817 60.2872 -18.2879
      vertex 78 58.2044 -24.1091
      vertex 158.212 58.2044 -24.1091
    endloop
  endfacet
  facet normal 0 0.903986 -0.427561
    outer loop
      vertex 78 -58.2044 24.1091
      vertex 89.8509 -55.561 29.698
      vertex 96.9516 -58.2044 24.1091
    endloop
  endfacet
  facet normal 0 0.903986 -0.427561
    outer loop
      vertex 89.8509 -55.561 29.698
      vertex 78 -58.2044 24.1091
      vertex 78 -55.561 29.698
    endloop
  endfacet
  facet normal 0 -0.671569 0.740942
    outer loop
      vertex 78 39.9668 -48.6997
      vertex 184.179 44.5477 -44.5477
      vertex 78 44.5477 -44.5477
    endloop
  endfacet
  facet normal 0 -0.671569 0.740942
    outer loop
      vertex 184.179 44.5477 -44.5477
      vertex 78 39.9668 -48.6997
      vertex 189.454 39.9668 -48.6997
    endloop
  endfacet
  facet normal 0 0.857731 -0.514098
    outer loop
      vertex 78 -55.561 29.698
      vertex 83.1136 -52.3826 35.0009
      vertex 89.8509 -55.561 29.698
    endloop
  endfacet
  facet normal 0 0.857731 -0.514098
    outer loop
      vertex 83.1136 -52.3826 35.0009
      vertex 78 -55.561 29.698
      vertex 78 -52.3826 35.0009
    endloop
  endfacet
  facet normal -0 0.903986 0.427561
    outer loop
      vertex 78 -55.561 -29.698
      vertex 158.212 -58.2044 -24.1091
      vertex 165.313 -55.561 -29.698
    endloop
  endfacet
  facet normal 0 0.903986 0.427561
    outer loop
      vertex 158.212 -58.2044 -24.1091
      vertex 78 -55.561 -29.698
      vertex 78 -58.2044 -24.1091
    endloop
  endfacet
  facet normal 0 -0.514098 0.857731
    outer loop
      vertex 78 29.698 -55.561
      vertex 194.134 35.0009 -52.3826
      vertex 78 35.0009 -52.3826
    endloop
  endfacet
  facet normal 0 -0.514098 0.857731
    outer loop
      vertex 194.134 35.0009 -52.3826
      vertex 78 29.698 -55.561
      vertex 198.172 29.698 -55.561
    endloop
  endfacet
  facet normal 0 -0.941547 -0.336881
    outer loop
      vertex 78 60.2872 18.2879
      vertex 96.9516 58.2044 24.1091
      vertex 78 58.2044 24.1091
    endloop
  endfacet
  facet normal 0 -0.941547 -0.336881
    outer loop
      vertex 96.9516 58.2044 24.1091
      vertex 78 60.2872 18.2879
      vertex 104.347 60.2872 18.2879
    endloop
  endfacet
  facet normal -0 0.740942 0.671569
    outer loop
      vertex 78 -44.5477 -44.5477
      vertex 178.359 -48.6997 -39.9668
      vertex 184.179 -44.5477 -44.5477
    endloop
  endfacet
  facet normal 0 0.740942 0.671569
    outer loop
      vertex 178.359 -48.6997 -39.9668
      vertex 78 -44.5477 -44.5477
      vertex 78 -48.6997 -39.9668
    endloop
  endfacet
  facet normal 0 -0.998795 -0.0490738
    outer loop
      vertex 78 63 0
      vertex 119.737 62.6966 6.17508
      vertex 78 62.6966 6.17508
    endloop
  endfacet
  facet normal 0 -0.998795 -0.0490738
    outer loop
      vertex 119.737 62.6966 6.17508
      vertex 78 63 0
      vertex 127.582 63 0
    endloop
  endfacet
  facet normal 0 -0.740942 0.671569
    outer loop
      vertex 78 44.5477 -44.5477
      vertex 178.359 48.6997 -39.9668
      vertex 78 48.6997 -39.9668
    endloop
  endfacet
  facet normal 0 -0.740942 0.671569
    outer loop
      vertex 178.359 48.6997 -39.9668
      vertex 78 44.5477 -44.5477
      vertex 184.179 44.5477 -44.5477
    endloop
  endfacet
  facet normal 0 -0.989178 0.14672
    outer loop
      vertex 78 61.7895 -12.2907
      vertex 135.427 62.6966 -6.17508
      vertex 78 62.6966 -6.17508
    endloop
  endfacet
  facet normal 0 -0.989178 0.14672
    outer loop
      vertex 135.427 62.6966 -6.17508
      vertex 78 61.7895 -12.2907
      vertex 143.197 61.7895 -12.2907
    endloop
  endfacet
  facet normal -0 0.998795 0.0490738
    outer loop
      vertex 78 -62.6966 -6.17508
      vertex 127.582 -63 0
      vertex 135.427 -62.6966 -6.17508
    endloop
  endfacet
  facet normal 0 0.998795 0.0490738
    outer loop
      vertex 127.582 -63 0
      vertex 78 -62.6966 -6.17508
      vertex 78 -63 0
    endloop
  endfacet
  facet normal 0 -0.998795 0.0490738
    outer loop
      vertex 78 62.6966 -6.17508
      vertex 127.582 63 0
      vertex 78 63 0
    endloop
  endfacet
  facet normal 0 -0.998795 0.0490738
    outer loop
      vertex 127.582 63 0
      vertex 78 62.6966 -6.17508
      vertex 135.427 62.6966 -6.17508
    endloop
  endfacet
  facet normal -0 0.336881 0.941547
    outer loop
      vertex 78 -18.2879 -60.2872
      vertex 199 -24.1091 -58.2044
      vertex 199 -18.2879 -60.2872
    endloop
  endfacet
  facet normal 0 0.336881 0.941547
    outer loop
      vertex 199 -24.1091 -58.2044
      vertex 78 -18.2879 -60.2872
      vertex 78 -24.1091 -58.2044
    endloop
  endfacet
  facet normal 0 0.998795 -0.0490738
    outer loop
      vertex 78 -63 0
      vertex 119.737 -62.6966 6.17508
      vertex 127.582 -63 0
    endloop
  endfacet
  facet normal 0 0.998795 -0.0490738
    outer loop
      vertex 119.737 -62.6966 6.17508
      vertex 78 -63 0
      vertex 78 -62.6966 6.17508
    endloop
  endfacet
  facet normal 0 0.989178 -0.14672
    outer loop
      vertex 78 -62.6966 6.17508
      vertex 111.967 -61.7895 12.2907
      vertex 119.737 -62.6966 6.17508
    endloop
  endfacet
  facet normal 0 0.989178 -0.14672
    outer loop
      vertex 111.967 -61.7895 12.2907
      vertex 78 -62.6966 6.17508
      vertex 78 -61.7895 12.2907
    endloop
  endfacet
  facet normal 0 0.941547 -0.336881
    outer loop
      vertex 78 -60.2872 18.2879
      vertex 96.9516 -58.2044 24.1091
      vertex 104.347 -60.2872 18.2879
    endloop
  endfacet
  facet normal 0 0.941547 -0.336881
    outer loop
      vertex 96.9516 -58.2044 24.1091
      vertex 78 -60.2872 18.2879
      vertex 78 -58.2044 24.1091
    endloop
  endfacet
  facet normal 1 0 0
    outer loop
      vertex 78 62.6966 6.17508
      vertex 78 62.6966 -6.17508
      vertex 78 63 0
    endloop
  endfacet
  facet normal 1 0 0
    outer loop
      vertex 78 61.7895 12.2907
      vertex 78 62.6966 -6.17508
      vertex 78 62.6966 6.17508
    endloop
  endfacet
  facet normal 1 0 0
    outer loop
      vertex 78 61.7895 12.2907
      vertex 78 61.7895 -12.2907
      vertex 78 62.6966 -6.17508
    endloop
  endfacet
  facet normal 1 0 0
    outer loop
      vertex 78 60.2872 18.2879
      vertex 78 61.7895 -12.2907
      vertex 78 61.7895 12.2907
    endloop
  endfacet
  facet normal 1 0 0
    outer loop
      vertex 78 60.2872 18.2879
      vertex 78 60.2872 -18.2879
      vertex 78 61.7895 -12.2907
    endloop
  endfacet
  facet normal 1 0 0
    outer loop
      vertex 78 58.2044 24.1091
      vertex 78 60.2872 -18.2879
      vertex 78 60.2872 18.2879
    endloop
  endfacet
  facet normal 1 0 0
    outer loop
      vertex 78 58.2044 24.1091
      vertex 78 58.2044 -24.1091
      vertex 78 60.2872 -18.2879
    endloop
  endfacet
  facet normal 1 0 0
    outer loop
      vertex 78 55.561 29.698
      vertex 78 58.2044 -24.1091
      vertex 78 58.2044 24.1091
    endloop
  endfacet
  facet normal 1 0 0
    outer loop
      vertex 78 55.561 29.698
      vertex 78 55.561 -29.698
      vertex 78 58.2044 -24.1091
    endloop
  endfacet
  facet normal 1 0 0
    outer loop
      vertex 78 52.3826 35.0009
      vertex 78 55.561 -29.698
      vertex 78 55.561 29.698
    endloop
  endfacet
  facet normal 1 0 0
    outer loop
      vertex 78 52.3826 35.0009
      vertex 78 52.3826 -35.0009
      vertex 78 55.561 -29.698
    endloop
  endfacet
  facet normal 1 0 0
    outer loop
      vertex 78 49.3975 39.0258
      vertex 78 52.3826 -35.0009
      vertex 78 52.3826 35.0009
    endloop
  endfacet
  facet normal 1 0 0
    outer loop
      vertex 78 49.3975 39.0258
      vertex 78 48.6997 -39.9668
      vertex 78 52.3826 -35.0009
    endloop
  endfacet
  facet normal 1 0 0
    outer loop
      vertex 78 49.3975 39.0258
      vertex 78 44.5477 -44.5477
      vertex 78 48.6997 -39.9668
    endloop
  endfacet
  facet normal 1 0 0
    outer loop
      vertex 78 49.3975 39.0258
      vertex 78 39.9668 -48.6997
      vertex 78 44.5477 -44.5477
    endloop
  endfacet
  facet normal 1 0 0
    outer loop
      vertex 78 49.3975 39.0258
      vertex 78 35.0009 -52.3826
      vertex 78 39.9668 -48.6997
    endloop
  endfacet
  facet normal 1 0 0
    outer loop
      vertex 78 49.3975 39.0258
      vertex 78 29.698 -55.561
      vertex 78 35.0009 -52.3826
    endloop
  endfacet
  facet normal 1 0 0
    outer loop
      vertex 78 49.3975 39.0258
      vertex 78 24.1091 -58.2044
      vertex 78 29.698 -55.561
    endloop
  endfacet
  facet normal 1 0 0
    outer loop
      vertex 78 49.3975 39.0258
      vertex 78 18.2879 -60.2872
      vertex 78 24.1091 -58.2044
    endloop
  endfacet
  facet normal 1 0 0
    outer loop
      vertex 78 49.3975 39.0258
      vertex 78 12.2907 -61.7895
      vertex 78 18.2879 -60.2872
    endloop
  endfacet
  facet normal 1 0 0
    outer loop
      vertex 78 49.3975 39.0258
      vertex 78 6.17508 -62.6966
      vertex 78 12.2907 -61.7895
    endloop
  endfacet
  facet normal 1 0 0
    outer loop
      vertex 78 49.3975 39.0258
      vertex 78 0 -63
      vertex 78 6.17508 -62.6966
    endloop
  endfacet
  facet normal 1 0 0
    outer loop
      vertex 78 49.3975 39.0258
      vertex 78 -6.17508 -62.6966
      vertex 78 0 -63
    endloop
  endfacet
  facet normal 1 0 0
    outer loop
      vertex 78 49.3975 39.0258
      vertex 78 -12.2907 -61.7895
      vertex 78 -6.17508 -62.6966
    endloop
  endfacet
  facet normal 1 0 0
    outer loop
      vertex 78 49.3975 39.0258
      vertex 78 -18.2879 -60.2872
      vertex 78 -12.2907 -61.7895
    endloop
  endfacet
  facet normal 1 0 0
    outer loop
      vertex 78 49.3975 39.0258
      vertex 78 -24.1091 -58.2044
      vertex 78 -18.2879 -60.2872
    endloop
  endfacet
  facet normal 1 0 0
    outer loop
      vertex 78 49.3975 39.0258
      vertex 78 -29.698 -55.561
      vertex 78 -24.1091 -58.2044
    endloop
  endfacet
  facet normal 1 0 0
    outer loop
      vertex 78 49.3975 39.0258
      vertex 78 -35.0009 -52.3826
      vertex 78 -29.698 -55.561
    endloop
  endfacet
  facet normal 1 0 0
    outer loop
      vertex 78 49.3975 39.0258
      vertex 78 -39.9668 -48.6997
      vertex 78 -35.0009 -52.3826
    endloop
  endfacet
  facet normal 1 0 0
    outer loop
      vertex 78 49.3975 39.0258
      vertex 78 -44.5477 -44.5477
      vertex 78 -39.9668 -48.6997
    endloop
  endfacet
  facet normal 1 0 0
    outer loop
      vertex 78 49.3975 39.0258
      vertex 78 -48.6997 -39.9668
      vertex 78 -44.5477 -44.5477
    endloop
  endfacet
  facet normal 1 -0 0
    outer loop
      vertex 78 -49.3975 39.0258
      vertex 78 -48.6997 -39.9668
      vertex 78 49.3975 39.0258
    endloop
  endfacet
  facet normal 1 -0 0
    outer loop
      vertex 78 -52.3826 35.0009
      vertex 78 -48.6997 -39.9668
      vertex 78 -49.3975 39.0258
    endloop
  endfacet
  facet normal 1 0 0
    outer loop
      vertex 78 -52.3826 35.0009
      vertex 78 -52.3826 -35.0009
      vertex 78 -48.6997 -39.9668
    endloop
  endfacet
  facet normal 1 -0 0
    outer loop
      vertex 78 -55.561 29.698
      vertex 78 -52.3826 -35.0009
      vertex 78 -52.3826 35.0009
    endloop
  endfacet
  facet normal 1 0 0
    outer loop
      vertex 78 -55.561 29.698
      vertex 78 -55.561 -29.698
      vertex 78 -52.3826 -35.0009
    endloop
  endfacet
  facet normal 1 -0 0
    outer loop
      vertex 78 -58.2044 24.1091
      vertex 78 -55.561 -29.698
      vertex 78 -55.561 29.698
    endloop
  endfacet
  facet normal 1 0 0
    outer loop
      vertex 78 -58.2044 24.1091
      vertex 78 -58.2044 -24.1091
      vertex 78 -55.561 -29.698
    endloop
  endfacet
  facet normal 1 -0 0
    outer loop
      vertex 78 -60.2872 18.2879
      vertex 78 -58.2044 -24.1091
      vertex 78 -58.2044 24.1091
    endloop
  endfacet
  facet normal 1 0 0
    outer loop
      vertex 78 -60.2872 18.2879
      vertex 78 -60.2872 -18.2879
      vertex 78 -58.2044 -24.1091
    endloop
  endfacet
  facet normal 1 -0 0
    outer loop
      vertex 78 -61.7895 12.2907
      vertex 78 -60.2872 -18.2879
      vertex 78 -60.2872 18.2879
    endloop
  endfacet
  facet normal 1 0 0
    outer loop
      vertex 78 -61.7895 12.2907
      vertex 78 -61.7895 -12.2907
      vertex 78 -60.2872 -18.2879
    endloop
  endfacet
  facet normal 1 -0 0
    outer loop
      vertex 78 -62.6966 6.17508
      vertex 78 -61.7895 -12.2907
      vertex 78 -61.7895 12.2907
    endloop
  endfacet
  facet normal 1 0 0
    outer loop
      vertex 78 -62.6966 6.17508
      vertex 78 -62.6966 -6.17508
      vertex 78 -61.7895 -12.2907
    endloop
  endfacet
  facet normal 1 0 -0
    outer loop
      vertex 78 -62.6966 -6.17508
      vertex 78 -62.6966 6.17508
      vertex 78 -63 0
    endloop
  endfacet
  facet normal -0 0.671569 0.740942
    outer loop
      vertex 78 -39.9668 -48.6997
      vertex 184.179 -44.5477 -44.5477
      vertex 189.454 -39.9668 -48.6997
    endloop
  endfacet
  facet normal 0 0.671569 0.740942
    outer loop
      vertex 184.179 -44.5477 -44.5477
      vertex 78 -39.9668 -48.6997
      vertex 78 -44.5477 -44.5477
    endloop
  endfacet
  facet normal -1 0 0
    outer loop
      vertex 199 -190 -65
      vertex 199 -160.065 -57
      vertex 199 -160.065 -65
    endloop
  endfacet
  facet normal -1 -0 0
    outer loop
      vertex 199 -160.065 -57
      vertex 199 -190 -65
      vertex 199 -190 -57
    endloop
  endfacet
  facet normal 1 -0 0
    outer loop
      vertex 311 -172 -59
      vertex 311 -148 -63
      vertex 311 -148 -59
    endloop
  endfacet
  facet normal 1 0 0
    outer loop
      vertex 311 -148 -63
      vertex 311 -172 -59
      vertex 311 -172 -63
    endloop
  endfacet
  facet normal 0 0 1
    outer loop
      vertex 200 -160 -57
      vertex 201 -130 -57
      vertex 200 -130 -57
    endloop
  endfacet
  facet normal 0 0 1
    outer loop
      vertex 201 -130 -57
      vertex 200 -160 -57
      vertex 201 -190 -57
    endloop
  endfacet
  facet normal -0 0 1
    outer loop
      vertex 199 -160.065 -57
      vertex 201 -190 -57
      vertex 200 -160 -57
    endloop
  endfacet
  facet normal 0 0 1
    outer loop
      vertex 201 -190 -57
      vertex 199 -160.065 -57
      vertex 199 -190 -57
    endloop
  endfacet
  facet normal 0 -1 0
    outer loop
      vertex 199 -190 -65
      vertex 201 -190 -57
      vertex 199 -190 -57
    endloop
  endfacet
  facet normal 0 -1 -0
    outer loop
      vertex 201 -190 -57
      vertex 199 -190 -65
      vertex 201 -190 -65
    endloop
  endfacet
  facet normal 0 1 -0
    outer loop
      vertex 201 -130 -65
      vertex 200 -130 -57
      vertex 201 -130 -57
    endloop
  endfacet
  facet normal 0 1 0
    outer loop
      vertex 200 -130 -57
      vertex 201 -130 -65
      vertex 200 -130 -65
    endloop
  endfacet
  facet normal 0.161489 0.986875 -0
    outer loop
      vertex 311 -148 -63
      vertex 201 -130 -57
      vertex 311 -148 -59
    endloop
  endfacet
  facet normal 0.161489 0.986875 0
    outer loop
      vertex 201 -130 -57
      vertex 311 -148 -63
      vertex 201 -130 -65
    endloop
  endfacet
  facet normal 0.0181788 0 0.999835
    outer loop
      vertex 201 -130 -57
      vertex 311 -172 -59
      vertex 311 -148 -59
    endloop
  endfacet
  facet normal 0.0181788 0 0.999835
    outer loop
      vertex 311 -172 -59
      vertex 201 -130 -57
      vertex 201 -190 -57
    endloop
  endfacet
  facet normal 0.0181788 0 -0.999835
    outer loop
      vertex 201 -190 -65
      vertex 311 -148 -63
      vertex 311 -172 -63
    endloop
  endfacet
  facet normal 0.0181788 0 -0.999835
    outer loop
      vertex 311 -148 -63
      vertex 201 -190 -65
      vertex 201 -130 -65
    endloop
  endfacet
  facet normal 0.161489 -0.986875 0
    outer loop
      vertex 201 -190 -57
      vertex 311 -172 -63
      vertex 311 -172 -59
    endloop
  endfacet
  facet normal 0.161489 -0.986875 0
    outer loop
      vertex 311 -172 -63
      vertex 201 -190 -57
      vertex 201 -190 -65
    endloop
  endfacet
  facet normal 1 -0 0
    outer loop
      vertex 311 -104 -59
      vertex 311 -80 -63
      vertex 311 -80 -59
    endloop
  endfacet
  facet normal 1 0 0
    outer loop
      vertex 311 -80 -63
      vertex 311 -104 -59
      vertex 311 -104 -63
    endloop
  endfacet
  facet normal -0 0 1
    outer loop
      vertex 200 -62 -57
      vertex 201 -122 -57
      vertex 201 -62 -57
    endloop
  endfacet
  facet normal 0 0 1
    outer loop
      vertex 201 -122 -57
      vertex 200 -62 -57
      vertex 200 -122 -57
    endloop
  endfacet
  facet normal 0 -1 0
    outer loop
      vertex 200 -122 -65
      vertex 201 -122 -57
      vertex 200 -122 -57
    endloop
  endfacet
  facet normal 0 -1 -0
    outer loop
      vertex 201 -122 -57
      vertex 200 -122 -65
      vertex 201 -122 -65
    endloop
  endfacet
  facet normal 0 1 -0
    outer loop
      vertex 201 -62 -65
      vertex 200 -62 -57
      vertex 201 -62 -57
    endloop
  endfacet
  facet normal 0 1 0
    outer loop
      vertex 200 -62 -57
      vertex 201 -62 -65
      vertex 200 -62 -65
    endloop
  endfacet
  facet normal 0.161489 0.986875 -0
    outer loop
      vertex 311 -80 -63
      vertex 201 -62 -57
      vertex 311 -80 -59
    endloop
  endfacet
  facet normal 0.161489 0.986875 0
    outer loop
      vertex 201 -62 -57
      vertex 311 -80 -63
      vertex 201 -62 -65
    endloop
  endfacet
  facet normal 0.0181788 0 0.999835
    outer loop
      vertex 201 -62 -57
      vertex 311 -104 -59
      vertex 311 -80 -59
    endloop
  endfacet
  facet normal 0.0181788 0 0.999835
    outer loop
      vertex 311 -104 -59
      vertex 201 -62 -57
      vertex 201 -122 -57
    endloop
  endfacet
  facet normal 0.0181788 0 -0.999835
    outer loop
      vertex 201 -122 -65
      vertex 311 -80 -63
      vertex 311 -104 -63
    endloop
  endfacet
  facet normal 0.0181788 0 -0.999835
    outer loop
      vertex 311 -80 -63
      vertex 201 -122 -65
      vertex 201 -62 -65
    endloop
  endfacet
  facet normal 0.161489 -0.986875 0
    outer loop
      vertex 201 -122 -57
      vertex 311 -104 -63
      vertex 311 -104 -59
    endloop
  endfacet
  facet normal 0.161489 -0.986875 0
    outer loop
      vertex 311 -104 -63
      vertex 201 -122 -57
      vertex 201 -122 -65
    endloop
  endfacet
  facet normal -1 0 0
    outer loop
      vertex 199 0 -63
      vertex 199 6 -57
      vertex 199 6 -62.7052
    endloop
  endfacet
  facet normal -1 0 0
    outer loop
      vertex 199 -6.17508 -62.6966
      vertex 199 6 -57
      vertex 199 0 -63
    endloop
  endfacet
  facet normal -1 0 0
    outer loop
      vertex 199 -12.2907 -61.7895
      vertex 199 6 -57
      vertex 199 -6.17508 -62.6966
    endloop
  endfacet
  facet normal -1 0 0
    outer loop
      vertex 199 -18.2879 -60.2872
      vertex 199 6 -57
      vertex 199 -12.2907 -61.7895
    endloop
  endfacet
  facet normal -1 0 0
    outer loop
      vertex 199 -24.1091 -58.2044
      vertex 199 6 -57
      vertex 199 -18.2879 -60.2872
    endloop
  endfacet
  facet normal -1 -0 0
    outer loop
      vertex 199 6 -57
      vertex 199 -24.1091 -58.2044
      vertex 199 -26.6556 -57
    endloop
  endfacet
  facet normal 1 -0 0
    outer loop
      vertex 311 -36 -59
      vertex 311 -12 -63
      vertex 311 -12 -59
    endloop
  endfacet
  facet normal 1 0 0
    outer loop
      vertex 311 -12 -63
      vertex 311 -36 -59
      vertex 311 -36 -63
    endloop
  endfacet
  facet normal 0 0 1
    outer loop
      vertex 201 6 -57
      vertex 200 -26.6556 -57
      vertex 201 -54 -57
    endloop
  endfacet
  facet normal -0 0 1
    outer loop
      vertex 199 6 -57
      vertex 200 -26.6556 -57
      vertex 201 6 -57
    endloop
  endfacet
  facet normal 0 0 1
    outer loop
      vertex 200 -26.6556 -57
      vertex 199 6 -57
      vertex 199 -26.6556 -57
    endloop
  endfacet
  facet normal 0 0 1
    outer loop
      vertex 201 -54 -57
      vertex 200 -26.6556 -57
      vertex 200 -54 -57
    endloop
  endfacet
  facet normal 0 1 0
    outer loop
      vertex 201 6 -57
      vertex 200 6 -62.7052
      vertex 199 6 -57
    endloop
  endfacet
  facet normal 0 1 -0
    outer loop
      vertex 201 6 -65
      vertex 200 6 -62.7052
      vertex 201 6 -57
    endloop
  endfacet
  facet normal 0 1 0
    outer loop
      vertex 200 6 -62.7052
      vertex 201 6 -65
      vertex 200 6 -65
    endloop
  endfacet
  facet normal 0 1 0
    outer loop
      vertex 199 6 -57
      vertex 200 6 -62.7052
      vertex 199 6 -62.7052
    endloop
  endfacet
  facet normal 0 -1 0
    outer loop
      vertex 200 -54 -65
      vertex 201 -54 -57
      vertex 200 -54 -57
    endloop
  endfacet
  facet normal 0 -1 -0
    outer loop
      vertex 201 -54 -57
      vertex 200 -54 -65
      vertex 201 -54 -65
    endloop
  endfacet
  facet normal 0.161489 0.986875 -0
    outer loop
      vertex 311 -12 -63
      vertex 201 6 -57
      vertex 311 -12 -59
    endloop
  endfacet
  facet normal 0.161489 0.986875 0
    outer loop
      vertex 201 6 -57
      vertex 311 -12 -63
      vertex 201 6 -65
    endloop
  endfacet
  facet normal 0.0181788 0 0.999835
    outer loop
      vertex 201 6 -57
      vertex 311 -36 -59
      vertex 311 -12 -59
    endloop
  endfacet
  facet normal 0.0181788 0 0.999835
    outer loop
      vertex 311 -36 -59
      vertex 201 6 -57
      vertex 201 -54 -57
    endloop
  endfacet
  facet normal 0.0181788 0 -0.999835
    outer loop
      vertex 201 -54 -65
      vertex 311 -12 -63
      vertex 311 -36 -63
    endloop
  endfacet
  facet normal 0.0181788 0 -0.999835
    outer loop
      vertex 311 -12 -63
      vertex 201 -54 -65
      vertex 201 6 -65
    endloop
  endfacet
  facet normal 0.161489 -0.986875 0
    outer loop
      vertex 201 -54 -57
      vertex 311 -36 -63
      vertex 311 -36 -59
    endloop
  endfacet
  facet normal 0.161489 -0.986875 0
    outer loop
      vertex 311 -36 -63
      vertex 201 -54 -57
      vertex 201 -54 -65
    endloop
  endfacet
  facet normal -1 0 0
    outer loop
      vertex 199 14 -57
      vertex 199 24.1091 -58.2044
      vertex 199 18.2879 -60.2872
    endloop
  endfacet
  facet normal -1 0 0
    outer loop
      vertex 199 14 -57
      vertex 199 18.2879 -60.2872
      vertex 199 14 -61.3613
    endloop
  endfacet
  facet normal -1 0 0
    outer loop
      vertex 199 24.1091 -58.2044
      vertex 199 14 -57
      vertex 199 26.6556 -57
    endloop
  endfacet
  facet normal 1 -0 0
    outer loop
      vertex 311 32 -59
      vertex 311 56 -63
      vertex 311 56 -59
    endloop
  endfacet
  facet normal 1 0 0
    outer loop
      vertex 311 56 -63
      vertex 311 32 -59
      vertex 311 32 -63
    endloop
  endfacet
  facet normal 0 0 1
    outer loop
      vertex 200 26.6556 -57
      vertex 201 74 -57
      vertex 200 74 -57
    endloop
  endfacet
  facet normal 0 0 1
    outer loop
      vertex 201 74 -57
      vertex 200 26.6556 -57
      vertex 201 14 -57
    endloop
  endfacet
  facet normal 0 0 1
    outer loop
      vertex 199 14 -57
      vertex 200 26.6556 -57
      vertex 199 26.6556 -57
    endloop
  endfacet
  facet normal 0 0 1
    outer loop
      vertex 200 26.6556 -57
      vertex 199 14 -57
      vertex 201 14 -57
    endloop
  endfacet
  facet normal 0 -1 0
    outer loop
      vertex 200 14 -61.3613
      vertex 199 14 -57
      vertex 199 14 -61.3613
    endloop
  endfacet
  facet normal 0 -1 0
    outer loop
      vertex 199 14 -57
      vertex 200 14 -61.3613
      vertex 201 14 -57
    endloop
  endfacet
  facet normal 0 -1 0
    outer loop
      vertex 201 14 -65
      vertex 200 14 -61.3613
      vertex 200 14 -65
    endloop
  endfacet
  facet normal 0 -1 0
    outer loop
      vertex 200 14 -61.3613
      vertex 201 14 -65
      vertex 201 14 -57
    endloop
  endfacet
  facet normal 0 1 -0
    outer loop
      vertex 201 74 -65
      vertex 200 74 -57
      vertex 201 74 -57
    endloop
  endfacet
  facet normal 0 1 0
    outer loop
      vertex 200 74 -57
      vertex 201 74 -65
      vertex 200 74 -65
    endloop
  endfacet
  facet normal 0.161489 0.986875 -0
    outer loop
      vertex 311 56 -63
      vertex 201 74 -57
      vertex 311 56 -59
    endloop
  endfacet
  facet normal 0.161489 0.986875 0
    outer loop
      vertex 201 74 -57
      vertex 311 56 -63
      vertex 201 74 -65
    endloop
  endfacet
  facet normal 0.0181788 0 0.999835
    outer loop
      vertex 201 74 -57
      vertex 311 32 -59
      vertex 311 56 -59
    endloop
  endfacet
  facet normal 0.0181788 0 0.999835
    outer loop
      vertex 311 32 -59
      vertex 201 74 -57
      vertex 201 14 -57
    endloop
  endfacet
  facet normal 0.0181788 0 -0.999835
    outer loop
      vertex 201 14 -65
      vertex 311 56 -63
      vertex 311 32 -63
    endloop
  endfacet
  facet normal 0.0181788 0 -0.999835
    outer loop
      vertex 311 56 -63
      vertex 201 14 -65
      vertex 201 74 -65
    endloop
  endfacet
  facet normal 0.161489 -0.986875 0
    outer loop
      vertex 201 14 -57
      vertex 311 32 -63
      vertex 311 32 -59
    endloop
  endfacet
  facet normal 0.161489 -0.986875 0
    outer loop
      vertex 311 32 -63
      vertex 201 14 -57
      vertex 201 14 -65
    endloop
  endfacet
  facet normal 1 -0 0
    outer loop
      vertex 311 100 -59
      vertex 311 124 -63
      vertex 311 124 -59
    endloop
  endfacet
  facet normal 1 0 0
    outer loop
      vertex 311 124 -63
      vertex 311 100 -59
      vertex 311 100 -63
    endloop
  endfacet
  facet normal -0 0 1
    outer loop
      vertex 200 142 -57
      vertex 201 82 -57
      vertex 201 142 -57
    endloop
  endfacet
  facet normal 0 0 1
    outer loop
      vertex 201 82 -57
      vertex 200 142 -57
      vertex 200 82 -57
    endloop
  endfacet
  facet normal 0 -1 0
    outer loop
      vertex 200 82 -65
      vertex 201 82 -57
      vertex 200 82 -57
    endloop
  endfacet
  facet normal 0 -1 -0
    outer loop
      vertex 201 82 -57
      vertex 200 82 -65
      vertex 201 82 -65
    endloop
  endfacet
  facet normal 0 1 -0
    outer loop
      vertex 201 142 -65
      vertex 200 142 -57
      vertex 201 142 -57
    endloop
  endfacet
  facet normal 0 1 0
    outer loop
      vertex 200 142 -57
      vertex 201 142 -65
      vertex 200 142 -65
    endloop
  endfacet
  facet normal 0.161489 0.986875 -0
    outer loop
      vertex 311 124 -63
      vertex 201 142 -57
      vertex 311 124 -59
    endloop
  endfacet
  facet normal 0.161489 0.986875 0
    outer loop
      vertex 201 142 -57
      vertex 311 124 -63
      vertex 201 142 -65
    endloop
  endfacet
  facet normal 0.0181788 0 0.999835
    outer loop
      vertex 201 142 -57
      vertex 311 100 -59
      vertex 311 124 -59
    endloop
  endfacet
  facet normal 0.0181788 0 0.999835
    outer loop
      vertex 311 100 -59
      vertex 201 142 -57
      vertex 201 82 -57
    endloop
  endfacet
  facet normal 0.0181788 0 -0.999835
    outer loop
      vertex 201 82 -65
      vertex 311 124 -63
      vertex 311 100 -63
    endloop
  endfacet
  facet normal 0.0181788 0 -0.999835
    outer loop
      vertex 311 124 -63
      vertex 201 82 -65
      vertex 201 142 -65
    endloop
  endfacet
  facet normal 0.161489 -0.986875 0
    outer loop
      vertex 201 82 -57
      vertex 311 100 -63
      vertex 311 100 -59
    endloop
  endfacet
  facet normal 0.161489 -0.986875 0
    outer loop
      vertex 311 100 -63
      vertex 201 82 -57
      vertex 201 82 -65
    endloop
  endfacet
  facet normal -0.161483 0.986876 0
    outer loop
      vertex -265 -140.473 -58.1636
      vertex -311 -148 -63
      vertex -311 -148 -59
    endloop
  endfacet
  facet normal -0.161483 0.986876 0
    outer loop
      vertex -311 -148 -63
      vertex -265 -140.473 -58.1636
      vertex -265 -140.473 -63.8364
    endloop
  endfacet
  facet normal 1 -0 0
    outer loop
      vertex -199 -190 -57
      vertex -199 -170 -65
      vertex -199 -170 -57
    endloop
  endfacet
  facet normal 1 0 0
    outer loop
      vertex -199 -170 -65
      vertex -199 -190 -57
      vertex -199 -190 -65
    endloop
  endfacet
  facet normal -1 0 0
    outer loop
      vertex -311 -172 -63
      vertex -311 -148 -59
      vertex -311 -148 -63
    endloop
  endfacet
  facet normal -1 -0 0
    outer loop
      vertex -311 -148 -59
      vertex -311 -172 -63
      vertex -311 -172 -59
    endloop
  endfacet
  facet normal -0.0181782 0 -0.999835
    outer loop
      vertex -201 -190 -65
      vertex -265 -170 -63.8364
      vertex -201 -170 -65
    endloop
  endfacet
  facet normal -0.0181794 -3.81616e-06 -0.999835
    outer loop
      vertex -311 -172 -63
      vertex -265 -170 -63.8364
      vertex -201 -190 -65
    endloop
  endfacet
  facet normal -0.0181796 -0 -0.999835
    outer loop
      vertex -311 -148 -63
      vertex -265 -170 -63.8364
      vertex -311 -172 -63
    endloop
  endfacet
  facet normal -0.0181796 0 -0.999835
    outer loop
      vertex -265 -170 -63.8364
      vertex -311 -148 -63
      vertex -265 -140.473 -63.8364
    endloop
  endfacet
  facet normal 0 -1 0
    outer loop
      vertex -201 -190 -65
      vertex -199 -190 -57
      vertex -201 -190 -57
    endloop
  endfacet
  facet normal 0 -1 -0
    outer loop
      vertex -199 -190 -57
      vertex -201 -190 -65
      vertex -199 -190 -65
    endloop
  endfacet
  facet normal -0.161489 -0.986875 0
    outer loop
      vertex -311 -172 -63
      vertex -201 -190 -57
      vertex -311 -172 -59
    endloop
  endfacet
  facet normal -0.161489 -0.986875 -0
    outer loop
      vertex -201 -190 -57
      vertex -311 -172 -63
      vertex -201 -190 -65
    endloop
  endfacet
  facet normal -0 0 1
    outer loop
      vertex -201 -170 -57
      vertex -199 -190 -57
      vertex -199 -170 -57
    endloop
  endfacet
  facet normal 0 0 1
    outer loop
      vertex -199 -190 -57
      vertex -201 -170 -57
      vertex -201 -190 -57
    endloop
  endfacet
  facet normal -0.0181796 0 0.999835
    outer loop
      vertex -265 -140.473 -58.1636
      vertex -311 -148 -59
      vertex -265 -170 -58.1636
    endloop
  endfacet
  facet normal -0.0181782 0 0.999835
    outer loop
      vertex -265 -170 -58.1636
      vertex -201 -190 -57
      vertex -201 -170 -57
    endloop
  endfacet
  facet normal -0.0181794 -3.81616e-06 0.999835
    outer loop
      vertex -265 -170 -58.1636
      vertex -311 -172 -59
      vertex -201 -190 -57
    endloop
  endfacet
  facet normal -0.0181796 0 0.999835
    outer loop
      vertex -311 -172 -59
      vertex -265 -170 -58.1636
      vertex -311 -148 -59
    endloop
  endfacet
  facet normal -0.161489 0.986874 0
    outer loop
      vertex -265 -72.4727 -58.1636
      vertex -311 -80 -63
      vertex -311 -80 -59
    endloop
  endfacet
  facet normal -0.161489 0.986874 0
    outer loop
      vertex -311 -80 -63
      vertex -265 -72.4727 -58.1636
      vertex -265 -72.4727 -63.8364
    endloop
  endfacet
  facet normal -1 0 0
    outer loop
      vertex -311 -104 -63
      vertex -311 -80 -59
      vertex -311 -80 -63
    endloop
  endfacet
  facet normal -1 -0 0
    outer loop
      vertex -311 -80 -59
      vertex -311 -104 -63
      vertex -311 -104 -59
    endloop
  endfacet
  facet normal -0.0181796 0 -0.999835
    outer loop
      vertex -311 -104 -63
      vertex -265 -72.4727 -63.8364
      vertex -265 -111.527 -63.8364
    endloop
  endfacet
  facet normal -0.0181796 0 -0.999835
    outer loop
      vertex -265 -72.4727 -63.8364
      vertex -311 -104 -63
      vertex -311 -80 -63
    endloop
  endfacet
  facet normal -0.161483 -0.986876 0
    outer loop
      vertex -311 -104 -63
      vertex -265 -111.527 -58.1636
      vertex -311 -104 -59
    endloop
  endfacet
  facet normal -0.161483 -0.986876 -0
    outer loop
      vertex -265 -111.527 -58.1636
      vertex -311 -104 -63
      vertex -265 -111.527 -63.8364
    endloop
  endfacet
  facet normal -0.0181796 0 0.999835
    outer loop
      vertex -311 -80 -59
      vertex -265 -111.527 -58.1636
      vertex -265 -72.4727 -58.1636
    endloop
  endfacet
  facet normal -0.0181796 0 0.999835
    outer loop
      vertex -265 -111.527 -58.1636
      vertex -311 -80 -59
      vertex -311 -104 -59
    endloop
  endfacet
  facet normal -0.161489 0.986875 0
    outer loop
      vertex -265 -4.47273 -58.1636
      vertex -311 -12 -63
      vertex -311 -12 -59
    endloop
  endfacet
  facet normal -0.161489 0.986875 0
    outer loop
      vertex -311 -12 -63
      vertex -265 -4.47273 -58.1636
      vertex -265 -4.47273 -63.8364
    endloop
  endfacet
  facet normal -1 0 0
    outer loop
      vertex -311 -36 -63
      vertex -311 -12 -59
      vertex -311 -12 -63
    endloop
  endfacet
  facet normal -1 -0 0
    outer loop
      vertex -311 -12 -59
      vertex -311 -36 -63
      vertex -311 -36 -59
    endloop
  endfacet
  facet normal -0.0181796 0 -0.999835
    outer loop
      vertex -311 -36 -63
      vertex -265 -4.47273 -63.8364
      vertex -265 -43.5273 -63.8364
    endloop
  endfacet
  facet normal -0.0181796 0 -0.999835
    outer loop
      vertex -265 -4.47273 -63.8364
      vertex -311 -36 -63
      vertex -311 -12 -63
    endloop
  endfacet
  facet normal -0.161489 -0.986874 0
    outer loop
      vertex -311 -36 -63
      vertex -265 -43.5273 -58.1636
      vertex -311 -36 -59
    endloop
  endfacet
  facet normal -0.161489 -0.986874 -0
    outer loop
      vertex -265 -43.5273 -58.1636
      vertex -311 -36 -63
      vertex -265 -43.5273 -63.8364
    endloop
  endfacet
  facet normal -0.0181796 0 0.999835
    outer loop
      vertex -311 -12 -59
      vertex -265 -43.5273 -58.1636
      vertex -265 -4.47273 -58.1636
    endloop
  endfacet
  facet normal -0.0181796 0 0.999835
    outer loop
      vertex -265 -43.5273 -58.1636
      vertex -311 -12 -59
      vertex -311 -36 -59
    endloop
  endfacet
  facet normal -0.161489 0.986874 0
    outer loop
      vertex -265 63.5273 -58.1636
      vertex -311 56 -63
      vertex -311 56 -59
    endloop
  endfacet
  facet normal -0.161489 0.986874 0
    outer loop
      vertex -311 56 -63
      vertex -265 63.5273 -58.1636
      vertex -265 63.5273 -63.8364
    endloop
  endfacet
  facet normal -1 0 0
    outer loop
      vertex -311 32 -63
      vertex -311 56 -59
      vertex -311 56 -63
    endloop
  endfacet
  facet normal -1 -0 0
    outer loop
      vertex -311 56 -59
      vertex -311 32 -63
      vertex -311 32 -59
    endloop
  endfacet
  facet normal -0.0181796 0 -0.999835
    outer loop
      vertex -311 32 -63
      vertex -265 63.5273 -63.8364
      vertex -265 24.4727 -63.8364
    endloop
  endfacet
  facet normal -0.0181796 0 -0.999835
    outer loop
      vertex -265 63.5273 -63.8364
      vertex -311 32 -63
      vertex -311 56 -63
    endloop
  endfacet
  facet normal -0.161489 -0.986874 0
    outer loop
      vertex -311 32 -63
      vertex -265 24.4727 -58.1636
      vertex -311 32 -59
    endloop
  endfacet
  facet normal -0.161489 -0.986874 -0
    outer loop
      vertex -265 24.4727 -58.1636
      vertex -311 32 -63
      vertex -265 24.4727 -63.8364
    endloop
  endfacet
  facet normal -0.0181796 0 0.999835
    outer loop
      vertex -311 56 -59
      vertex -265 24.4727 -58.1636
      vertex -265 63.5273 -58.1636
    endloop
  endfacet
  facet normal -0.0181796 0 0.999835
    outer loop
      vertex -265 24.4727 -58.1636
      vertex -311 56 -59
      vertex -311 32 -59
    endloop
  endfacet
  facet normal -0.161483 0.986876 0
    outer loop
      vertex -265 131.527 -58.1636
      vertex -311 124 -63
      vertex -311 124 -59
    endloop
  endfacet
  facet normal -0.161483 0.986876 0
    outer loop
      vertex -311 124 -63
      vertex -265 131.527 -58.1636
      vertex -265 131.527 -63.8364
    endloop
  endfacet
  facet normal -1 0 0
    outer loop
      vertex -311 100 -63
      vertex -311 124 -59
      vertex -311 124 -63
    endloop
  endfacet
  facet normal -1 -0 0
    outer loop
      vertex -311 124 -59
      vertex -311 100 -63
      vertex -311 100 -59
    endloop
  endfacet
  facet normal -0.0181796 0 -0.999835
    outer loop
      vertex -311 100 -63
      vertex -265 131.527 -63.8364
      vertex -265 92.4727 -63.8364
    endloop
  endfacet
  facet normal -0.0181796 0 -0.999835
    outer loop
      vertex -265 131.527 -63.8364
      vertex -311 100 -63
      vertex -311 124 -63
    endloop
  endfacet
  facet normal -0.161489 -0.986874 0
    outer loop
      vertex -311 100 -63
      vertex -265 92.4727 -58.1636
      vertex -311 100 -59
    endloop
  endfacet
  facet normal -0.161489 -0.986874 -0
    outer loop
      vertex -265 92.4727 -58.1636
      vertex -311 100 -63
      vertex -265 92.4727 -63.8364
    endloop
  endfacet
  facet normal -0.0181796 0 0.999835
    outer loop
      vertex -311 124 -59
      vertex -265 92.4727 -58.1636
      vertex -265 131.527 -58.1636
    endloop
  endfacet
  facet normal -0.0181796 0 0.999835
    outer loop
      vertex -265 92.4727 -58.1636
      vertex -311 124 -59
      vertex -311 100 -59
    endloop
  endfacet
  facet normal 0 0.242985 -0.97003
    outer loop
      vertex 80 10.73 -53.9432
      vertex 280 15.9657 -52.6317
      vertex 280 10.73 -53.9432
    endloop
  endfacet
  facet normal 0 0.242985 -0.97003
    outer loop
      vertex 280 15.9657 -52.6317
      vertex 80 10.73 -53.9432
      vertex 80 15.9657 -52.6317
    endloop
  endfacet
  facet normal 0 -0.941546 -0.336884
    outer loop
      vertex 80 -50.8134 -21.0476
      vertex 280 -52.6317 -15.9657
      vertex 80 -52.6317 -15.9657
    endloop
  endfacet
  facet normal 0 -0.941546 -0.336884
    outer loop
      vertex 280 -52.6317 -15.9657
      vertex 80 -50.8134 -21.0476
      vertex 280 -50.8134 -21.0476
    endloop
  endfacet
  facet normal 0 -0.427557 -0.903989
    outer loop
      vertex 80 -25.9268 -48.5057
      vertex 280 -21.0476 -50.8134
      vertex 280 -25.9268 -48.5057
    endloop
  endfacet
  facet normal -0 -0.427557 -0.903989
    outer loop
      vertex 280 -21.0476 -50.8134
      vertex 80 -25.9268 -48.5057
      vertex 80 -21.0476 -50.8134
    endloop
  endfacet
  facet normal 1 0 0
    outer loop
      vertex 280 54.7352 5.39094
      vertex 280 54.7352 -5.39094
      vertex 280 55 0
    endloop
  endfacet
  facet normal 1 0 0
    outer loop
      vertex 280 53.9432 10.73
      vertex 280 54.7352 -5.39094
      vertex 280 54.7352 5.39094
    endloop
  endfacet
  facet normal 1 0 0
    outer loop
      vertex 280 53.9432 10.73
      vertex 280 53.9432 -10.73
      vertex 280 54.7352 -5.39094
    endloop
  endfacet
  facet normal 1 0 0
    outer loop
      vertex 280 52.6317 15.9657
      vertex 280 53.9432 -10.73
      vertex 280 53.9432 10.73
    endloop
  endfacet
  facet normal 1 0 0
    outer loop
      vertex 280 52.6317 15.9657
      vertex 280 52.6317 -15.9657
      vertex 280 53.9432 -10.73
    endloop
  endfacet
  facet normal 1 0 0
    outer loop
      vertex 280 50.8134 21.0476
      vertex 280 52.6317 -15.9657
      vertex 280 52.6317 15.9657
    endloop
  endfacet
  facet normal 1 0 0
    outer loop
      vertex 280 50.8134 21.0476
      vertex 280 50.8134 -21.0476
      vertex 280 52.6317 -15.9657
    endloop
  endfacet
  facet normal 1 0 0
    outer loop
      vertex 280 48.5057 25.9268
      vertex 280 50.8134 -21.0476
      vertex 280 50.8134 21.0476
    endloop
  endfacet
  facet normal 1 0 0
    outer loop
      vertex 280 48.5057 25.9268
      vertex 280 48.5057 -25.9268
      vertex 280 50.8134 -21.0476
    endloop
  endfacet
  facet normal 1 0 0
    outer loop
      vertex 280 45.7308 30.5564
      vertex 280 48.5057 -25.9268
      vertex 280 48.5057 25.9268
    endloop
  endfacet
  facet normal 1 0 0
    outer loop
      vertex 280 45.7308 30.5564
      vertex 280 45.7308 -30.5564
      vertex 280 48.5057 -25.9268
    endloop
  endfacet
  facet normal 1 0 0
    outer loop
      vertex 280 42.5156 34.8916
      vertex 280 45.7308 -30.5564
      vertex 280 45.7308 30.5564
    endloop
  endfacet
  facet normal 1 0 0
    outer loop
      vertex 280 42.5156 34.8916
      vertex 280 42.5156 -34.8916
      vertex 280 45.7308 -30.5564
    endloop
  endfacet
  facet normal 1 0 0
    outer loop
      vertex 280 38.8909 38.8909
      vertex 280 42.5156 -34.8916
      vertex 280 42.5156 34.8916
    endloop
  endfacet
  facet normal 1 0 0
    outer loop
      vertex 280 38.8909 38.8909
      vertex 280 38.8909 -38.8909
      vertex 280 42.5156 -34.8916
    endloop
  endfacet
  facet normal 1 0 0
    outer loop
      vertex 280 34.8916 42.5156
      vertex 280 38.8909 -38.8909
      vertex 280 38.8909 38.8909
    endloop
  endfacet
  facet normal 1 0 0
    outer loop
      vertex 280 34.8916 42.5156
      vertex 280 34.8916 -42.5156
      vertex 280 38.8909 -38.8909
    endloop
  endfacet
  facet normal 1 0 0
    outer loop
      vertex 280 30.5564 45.7308
      vertex 280 34.8916 -42.5156
      vertex 280 34.8916 42.5156
    endloop
  endfacet
  facet normal 1 0 0
    outer loop
      vertex 280 30.5564 45.7308
      vertex 280 30.5564 -45.7308
      vertex 280 34.8916 -42.5156
    endloop
  endfacet
  facet normal 1 0 0
    outer loop
      vertex 280 25.9268 48.5057
      vertex 280 30.5564 -45.7308
      vertex 280 30.5564 45.7308
    endloop
  endfacet
  facet normal 1 0 0
    outer loop
      vertex 280 25.9268 48.5057
      vertex 280 25.9268 -48.5057
      vertex 280 30.5564 -45.7308
    endloop
  endfacet
  facet normal 1 0 0
    outer loop
      vertex 280 21.0476 50.8134
      vertex 280 25.9268 -48.5057
      vertex 280 25.9268 48.5057
    endloop
  endfacet
  facet normal 1 0 0
    outer loop
      vertex 280 21.0476 50.8134
      vertex 280 21.0476 -50.8134
      vertex 280 25.9268 -48.5057
    endloop
  endfacet
  facet normal 1 0 0
    outer loop
      vertex 280 15.9657 52.6317
      vertex 280 21.0476 -50.8134
      vertex 280 21.0476 50.8134
    endloop
  endfacet
  facet normal 1 0 0
    outer loop
      vertex 280 15.9657 52.6317
      vertex 280 15.9657 -52.6317
      vertex 280 21.0476 -50.8134
    endloop
  endfacet
  facet normal 1 0 0
    outer loop
      vertex 280 10.73 53.9432
      vertex 280 15.9657 -52.6317
      vertex 280 15.9657 52.6317
    endloop
  endfacet
  facet normal 1 0 0
    outer loop
      vertex 280 10.73 53.9432
      vertex 280 10.73 -53.9432
      vertex 280 15.9657 -52.6317
    endloop
  endfacet
  facet normal 1 0 0
    outer loop
      vertex 280 5.39094 54.7352
      vertex 280 10.73 -53.9432
      vertex 280 10.73 53.9432
    endloop
  endfacet
  facet normal 1 0 0
    outer loop
      vertex 280 5.39094 54.7352
      vertex 280 5.39094 -54.7352
      vertex 280 10.73 -53.9432
    endloop
  endfacet
  facet normal 1 0 0
    outer loop
      vertex 280 0 55
      vertex 280 5.39094 -54.7352
      vertex 280 5.39094 54.7352
    endloop
  endfacet
  facet normal 1 0 0
    outer loop
      vertex 280 0 55
      vertex 280 0 -55
      vertex 280 5.39094 -54.7352
    endloop
  endfacet
  facet normal 1 -0 0
    outer loop
      vertex 280 -5.39094 54.7352
      vertex 280 0 -55
      vertex 280 0 55
    endloop
  endfacet
  facet normal 1 0 0
    outer loop
      vertex 280 -5.39094 54.7352
      vertex 280 -5.39094 -54.7352
      vertex 280 0 -55
    endloop
  endfacet
  facet normal 1 -0 0
    outer loop
      vertex 280 -10.73 53.9432
      vertex 280 -5.39094 -54.7352
      vertex 280 -5.39094 54.7352
    endloop
  endfacet
  facet normal 1 0 0
    outer loop
      vertex 280 -10.73 53.9432
      vertex 280 -10.73 -53.9432
      vertex 280 -5.39094 -54.7352
    endloop
  endfacet
  facet normal 1 -0 0
    outer loop
      vertex 280 -15.9657 52.6317
      vertex 280 -10.73 -53.9432
      vertex 280 -10.73 53.9432
    endloop
  endfacet
  facet normal 1 0 0
    outer loop
      vertex 280 -15.9657 52.6317
      vertex 280 -15.9657 -52.6317
      vertex 280 -10.73 -53.9432
    endloop
  endfacet
  facet normal 1 -0 0
    outer loop
      vertex 280 -21.0476 50.8134
      vertex 280 -15.9657 -52.6317
      vertex 280 -15.9657 52.6317
    endloop
  endfacet
  facet normal 1 0 0
    outer loop
      vertex 280 -21.0476 50.8134
      vertex 280 -21.0476 -50.8134
      vertex 280 -15.9657 -52.6317
    endloop
  endfacet
  facet normal 1 -0 0
    outer loop
      vertex 280 -25.9268 48.5057
      vertex 280 -21.0476 -50.8134
      vertex 280 -21.0476 50.8134
    endloop
  endfacet
  facet normal 1 0 0
    outer loop
      vertex 280 -25.9268 48.5057
      vertex 280 -25.9268 -48.5057
      vertex 280 -21.0476 -50.8134
    endloop
  endfacet
  facet normal 1 -0 0
    outer loop
      vertex 280 -30.5564 45.7308
      vertex 280 -25.9268 -48.5057
      vertex 280 -25.9268 48.5057
    endloop
  endfacet
  facet normal 1 0 0
    outer loop
      vertex 280 -30.5564 45.7308
      vertex 280 -30.5564 -45.7308
      vertex 280 -25.9268 -48.5057
    endloop
  endfacet
  facet normal 1 -0 0
    outer loop
      vertex 280 -34.8916 42.5156
      vertex 280 -30.5564 -45.7308
      vertex 280 -30.5564 45.7308
    endloop
  endfacet
  facet normal 1 0 0
    outer loop
      vertex 280 -34.8916 42.5156
      vertex 280 -34.8916 -42.5156
      vertex 280 -30.5564 -45.7308
    endloop
  endfacet
  facet normal 1 -0 0
    outer loop
      vertex 280 -38.8909 38.8909
      vertex 280 -34.8916 -42.5156
      vertex 280 -34.8916 42.5156
    endloop
  endfacet
  facet normal 1 0 0
    outer loop
      vertex 280 -38.8909 38.8909
      vertex 280 -38.8909 -38.8909
      vertex 280 -34.8916 -42.5156
    endloop
  endfacet
  facet normal 1 -0 0
    outer loop
      vertex 280 -42.5156 34.8916
      vertex 280 -38.8909 -38.8909
      vertex 280 -38.8909 38.8909
    endloop
  endfacet
  facet normal 1 0 0
    outer loop
      vertex 280 -42.5156 34.8916
      vertex 280 -42.5156 -34.8916
      vertex 280 -38.8909 -38.8909
    endloop
  endfacet
  facet normal 1 -0 0
    outer loop
      vertex 280 -45.7308 30.5564
      vertex 280 -42.5156 -34.8916
      vertex 280 -42.5156 34.8916
    endloop
  endfacet
  facet normal 1 0 0
    outer loop
      vertex 280 -45.7308 30.5564
      vertex 280 -45.7308 -30.5564
      vertex 280 -42.5156 -34.8916
    endloop
  endfacet
  facet normal 1 -0 0
    outer loop
      vertex 280 -48.5057 25.9268
      vertex 280 -45.7308 -30.5564
      vertex 280 -45.7308 30.5564
    endloop
  endfacet
  facet normal 1 0 0
    outer loop
      vertex 280 -48.5057 25.9268
      vertex 280 -48.5057 -25.9268
      vertex 280 -45.7308 -30.5564
    endloop
  endfacet
  facet normal 1 -0 0
    outer loop
      vertex 280 -50.8134 21.0476
      vertex 280 -48.5057 -25.9268
      vertex 280 -48.5057 25.9268
    endloop
  endfacet
  facet normal 1 0 0
    outer loop
      vertex 280 -50.8134 21.0476
      vertex 280 -50.8134 -21.0476
      vertex 280 -48.5057 -25.9268
    endloop
  endfacet
  facet normal 1 -0 0
    outer loop
      vertex 280 -52.6317 15.9657
      vertex 280 -50.8134 -21.0476
      vertex 280 -50.8134 21.0476
    endloop
  endfacet
  facet normal 1 0 0
    outer loop
      vertex 280 -52.6317 15.9657
      vertex 280 -52.6317 -15.9657
      vertex 280 -50.8134 -21.0476
    endloop
  endfacet
  facet normal 1 -0 0
    outer loop
      vertex 280 -53.9432 10.73
      vertex 280 -52.6317 -15.9657
      vertex 280 -52.6317 15.9657
    endloop
  endfacet
  facet normal 1 0 0
    outer loop
      vertex 280 -53.9432 10.73
      vertex 280 -53.9432 -10.73
      vertex 280 -52.6317 -15.9657
    endloop
  endfacet
  facet normal 1 -0 0
    outer loop
      vertex 280 -54.7352 5.39094
      vertex 280 -53.9432 -10.73
      vertex 280 -53.9432 10.73
    endloop
  endfacet
  facet normal 1 0 0
    outer loop
      vertex 280 -54.7352 5.39094
      vertex 280 -54.7352 -5.39094
      vertex 280 -53.9432 -10.73
    endloop
  endfacet
  facet normal 1 0 -0
    outer loop
      vertex 280 -54.7352 -5.39094
      vertex 280 -54.7352 5.39094
      vertex 280 -55 0
    endloop
  endfacet
  facet normal 0 0.0490603 -0.998796
    outer loop
      vertex 80 0 -55
      vertex 280 5.39094 -54.7352
      vertex 280 0 -55
    endloop
  endfacet
  facet normal 0 0.0490603 -0.998796
    outer loop
      vertex 280 5.39094 -54.7352
      vertex 80 0 -55
      vertex 80 5.39094 -54.7352
    endloop
  endfacet
  facet normal 0 0.803208 -0.595699
    outer loop
      vertex 280 42.5156 -34.8916
      vertex 80 45.7308 -30.5564
      vertex 280 45.7308 -30.5564
    endloop
  endfacet
  facet normal 0 0.803208 -0.595699
    outer loop
      vertex 80 45.7308 -30.5564
      vertex 280 42.5156 -34.8916
      vertex 80 42.5156 -34.8916
    endloop
  endfacet
  facet normal 0 0.740956 -0.671553
    outer loop
      vertex 280 38.8909 -38.8909
      vertex 80 42.5156 -34.8916
      vertex 280 42.5156 -34.8916
    endloop
  endfacet
  facet normal 0 0.740956 -0.671553
    outer loop
      vertex 80 42.5156 -34.8916
      vertex 280 38.8909 -38.8909
      vertex 80 38.8909 -38.8909
    endloop
  endfacet
  facet normal 0 -0.857727 0.514106
    outer loop
      vertex 80 -48.5057 25.9268
      vertex 280 -45.7308 30.5564
      vertex 80 -45.7308 30.5564
    endloop
  endfacet
  facet normal 0 -0.857727 0.514106
    outer loop
      vertex 280 -45.7308 30.5564
      vertex 80 -48.5057 25.9268
      vertex 280 -48.5057 25.9268
    endloop
  endfacet
  facet normal -0 0.671553 0.740956
    outer loop
      vertex 80 38.8909 38.8909
      vertex 280 34.8916 42.5156
      vertex 280 38.8909 38.8909
    endloop
  endfacet
  facet normal 0 0.671553 0.740956
    outer loop
      vertex 280 34.8916 42.5156
      vertex 80 38.8909 38.8909
      vertex 80 34.8916 42.5156
    endloop
  endfacet
  facet normal 0 -0.336884 0.941546
    outer loop
      vertex 80 -15.9657 52.6317
      vertex 280 -21.0476 50.8134
      vertex 280 -15.9657 52.6317
    endloop
  endfacet
  facet normal 0 -0.336884 0.941546
    outer loop
      vertex 280 -21.0476 50.8134
      vertex 80 -15.9657 52.6317
      vertex 80 -21.0476 50.8134
    endloop
  endfacet
  facet normal 0 0.336884 -0.941546
    outer loop
      vertex 80 15.9657 -52.6317
      vertex 280 21.0476 -50.8134
      vertex 280 15.9657 -52.6317
    endloop
  endfacet
  facet normal 0 0.336884 -0.941546
    outer loop
      vertex 280 21.0476 -50.8134
      vertex 80 15.9657 -52.6317
      vertex 80 21.0476 -50.8134
    endloop
  endfacet
  facet normal 0 0.998796 0.0490603
    outer loop
      vertex 280 55 0
      vertex 80 54.7352 5.39094
      vertex 280 54.7352 5.39094
    endloop
  endfacet
  facet normal 0 0.998796 0.0490603
    outer loop
      vertex 80 54.7352 5.39094
      vertex 280 55 0
      vertex 80 55 0
    endloop
  endfacet
  facet normal 0 -0.998796 -0.0490603
    outer loop
      vertex 80 -54.7352 -5.39094
      vertex 280 -55 0
      vertex 80 -55 0
    endloop
  endfacet
  facet normal 0 -0.998796 -0.0490603
    outer loop
      vertex 280 -55 0
      vertex 80 -54.7352 -5.39094
      vertex 280 -54.7352 -5.39094
    endloop
  endfacet
  facet normal 0 0.998796 -0.0490603
    outer loop
      vertex 280 54.7352 -5.39094
      vertex 80 55 0
      vertex 280 55 0
    endloop
  endfacet
  facet normal 0 0.998796 -0.0490603
    outer loop
      vertex 80 55 0
      vertex 280 54.7352 -5.39094
      vertex 80 54.7352 -5.39094
    endloop
  endfacet
  facet normal 0 -0.514106 -0.857727
    outer loop
      vertex 80 -30.5564 -45.7308
      vertex 280 -25.9268 -48.5057
      vertex 280 -30.5564 -45.7308
    endloop
  endfacet
  facet normal -0 -0.514106 -0.857727
    outer loop
      vertex 280 -25.9268 -48.5057
      vertex 80 -30.5564 -45.7308
      vertex 80 -25.9268 -48.5057
    endloop
  endfacet
  facet normal -0 0.514106 0.857727
    outer loop
      vertex 80 30.5564 45.7308
      vertex 280 25.9268 48.5057
      vertex 280 30.5564 45.7308
    endloop
  endfacet
  facet normal 0 0.514106 0.857727
    outer loop
      vertex 280 25.9268 48.5057
      vertex 80 30.5564 45.7308
      vertex 80 25.9268 48.5057
    endloop
  endfacet
  facet normal 0 -0.97003 0.242985
    outer loop
      vertex 80 -53.9432 10.73
      vertex 280 -52.6317 15.9657
      vertex 80 -52.6317 15.9657
    endloop
  endfacet
  facet normal 0 -0.97003 0.242985
    outer loop
      vertex 280 -52.6317 15.9657
      vertex 80 -53.9432 10.73
      vertex 280 -53.9432 10.73
    endloop
  endfacet
  facet normal 0 0.514106 -0.857727
    outer loop
      vertex 80 25.9268 -48.5057
      vertex 280 30.5564 -45.7308
      vertex 280 25.9268 -48.5057
    endloop
  endfacet
  facet normal 0 0.514106 -0.857727
    outer loop
      vertex 280 30.5564 -45.7308
      vertex 80 25.9268 -48.5057
      vertex 80 30.5564 -45.7308
    endloop
  endfacet
  facet normal 0 0.595699 -0.803208
    outer loop
      vertex 80 30.5564 -45.7308
      vertex 280 34.8916 -42.5156
      vertex 280 30.5564 -45.7308
    endloop
  endfacet
  facet normal 0 0.595699 -0.803208
    outer loop
      vertex 280 34.8916 -42.5156
      vertex 80 30.5564 -45.7308
      vertex 80 34.8916 -42.5156
    endloop
  endfacet
  facet normal 0 0.427557 -0.903989
    outer loop
      vertex 80 21.0476 -50.8134
      vertex 280 25.9268 -48.5057
      vertex 280 21.0476 -50.8134
    endloop
  endfacet
  facet normal 0 0.427557 -0.903989
    outer loop
      vertex 280 25.9268 -48.5057
      vertex 80 21.0476 -50.8134
      vertex 80 25.9268 -48.5057
    endloop
  endfacet
  facet normal 0 -0.242985 -0.97003
    outer loop
      vertex 80 -15.9657 -52.6317
      vertex 280 -10.73 -53.9432
      vertex 280 -15.9657 -52.6317
    endloop
  endfacet
  facet normal -0 -0.242985 -0.97003
    outer loop
      vertex 280 -10.73 -53.9432
      vertex 80 -15.9657 -52.6317
      vertex 80 -10.73 -53.9432
    endloop
  endfacet
  facet normal -0 0.242985 0.97003
    outer loop
      vertex 80 15.9657 52.6317
      vertex 280 10.73 53.9432
      vertex 280 15.9657 52.6317
    endloop
  endfacet
  facet normal 0 0.242985 0.97003
    outer loop
      vertex 280 10.73 53.9432
      vertex 80 15.9657 52.6317
      vertex 80 10.73 53.9432
    endloop
  endfacet
  facet normal 0 0.903989 -0.427557
    outer loop
      vertex 280 48.5057 -25.9268
      vertex 80 50.8134 -21.0476
      vertex 280 50.8134 -21.0476
    endloop
  endfacet
  facet normal 0 0.903989 -0.427557
    outer loop
      vertex 80 50.8134 -21.0476
      vertex 280 48.5057 -25.9268
      vertex 80 48.5057 -25.9268
    endloop
  endfacet
  facet normal -1 0 0
    outer loop
      vertex 80 54.7352 -5.39094
      vertex 80 54.7352 5.39094
      vertex 80 55 0
    endloop
  endfacet
  facet normal -1 0 0
    outer loop
      vertex 80 53.9432 -10.73
      vertex 80 54.7352 5.39094
      vertex 80 54.7352 -5.39094
    endloop
  endfacet
  facet normal -1 0 0
    outer loop
      vertex 80 53.9432 -10.73
      vertex 80 53.9432 10.73
      vertex 80 54.7352 5.39094
    endloop
  endfacet
  facet normal -1 0 0
    outer loop
      vertex 80 52.6317 -15.9657
      vertex 80 53.9432 10.73
      vertex 80 53.9432 -10.73
    endloop
  endfacet
  facet normal -1 0 0
    outer loop
      vertex 80 52.6317 -15.9657
      vertex 80 52.6317 15.9657
      vertex 80 53.9432 10.73
    endloop
  endfacet
  facet normal -1 0 0
    outer loop
      vertex 80 50.8134 -21.0476
      vertex 80 52.6317 15.9657
      vertex 80 52.6317 -15.9657
    endloop
  endfacet
  facet normal -1 0 0
    outer loop
      vertex 80 50.8134 -21.0476
      vertex 80 50.8134 21.0476
      vertex 80 52.6317 15.9657
    endloop
  endfacet
  facet normal -1 0 0
    outer loop
      vertex 80 48.5057 -25.9268
      vertex 80 50.8134 21.0476
      vertex 80 50.8134 -21.0476
    endloop
  endfacet
  facet normal -1 0 0
    outer loop
      vertex 80 48.5057 -25.9268
      vertex 80 48.5057 25.9268
      vertex 80 50.8134 21.0476
    endloop
  endfacet
  facet normal -1 0 0
    outer loop
      vertex 80 45.7308 -30.5564
      vertex 80 48.5057 25.9268
      vertex 80 48.5057 -25.9268
    endloop
  endfacet
  facet normal -1 0 0
    outer loop
      vertex 80 45.7308 -30.5564
      vertex 80 45.7308 30.5564
      vertex 80 48.5057 25.9268
    endloop
  endfacet
  facet normal -1 0 0
    outer loop
      vertex 80 42.5156 -34.8916
      vertex 80 45.7308 30.5564
      vertex 80 45.7308 -30.5564
    endloop
  endfacet
  facet normal -1 0 0
    outer loop
      vertex 80 42.5156 -34.8916
      vertex 80 42.5156 34.8916
      vertex 80 45.7308 30.5564
    endloop
  endfacet
  facet normal -1 0 0
    outer loop
      vertex 80 38.8909 -38.8909
      vertex 80 42.5156 34.8916
      vertex 80 42.5156 -34.8916
    endloop
  endfacet
  facet normal -1 0 0
    outer loop
      vertex 80 38.8909 -38.8909
      vertex 80 38.8909 38.8909
      vertex 80 42.5156 34.8916
    endloop
  endfacet
  facet normal -1 0 0
    outer loop
      vertex 80 34.8916 -42.5156
      vertex 80 38.8909 38.8909
      vertex 80 38.8909 -38.8909
    endloop
  endfacet
  facet normal -1 0 0
    outer loop
      vertex 80 34.8916 -42.5156
      vertex 80 34.8916 42.5156
      vertex 80 38.8909 38.8909
    endloop
  endfacet
  facet normal -1 0 0
    outer loop
      vertex 80 30.5564 -45.7308
      vertex 80 34.8916 42.5156
      vertex 80 34.8916 -42.5156
    endloop
  endfacet
  facet normal -1 0 0
    outer loop
      vertex 80 30.5564 -45.7308
      vertex 80 30.5564 45.7308
      vertex 80 34.8916 42.5156
    endloop
  endfacet
  facet normal -1 0 0
    outer loop
      vertex 80 25.9268 -48.5057
      vertex 80 30.5564 45.7308
      vertex 80 30.5564 -45.7308
    endloop
  endfacet
  facet normal -1 0 0
    outer loop
      vertex 80 25.9268 -48.5057
      vertex 80 25.9268 48.5057
      vertex 80 30.5564 45.7308
    endloop
  endfacet
  facet normal -1 0 0
    outer loop
      vertex 80 21.0476 -50.8134
      vertex 80 25.9268 48.5057
      vertex 80 25.9268 -48.5057
    endloop
  endfacet
  facet normal -1 0 0
    outer loop
      vertex 80 21.0476 -50.8134
      vertex 80 21.0476 50.8134
      vertex 80 25.9268 48.5057
    endloop
  endfacet
  facet normal -1 0 0
    outer loop
      vertex 80 15.9657 -52.6317
      vertex 80 21.0476 50.8134
      vertex 80 21.0476 -50.8134
    endloop
  endfacet
  facet normal -1 0 0
    outer loop
      vertex 80 15.9657 -52.6317
      vertex 80 15.9657 52.6317
      vertex 80 21.0476 50.8134
    endloop
  endfacet
  facet normal -1 0 0
    outer loop
      vertex 80 10.73 -53.9432
      vertex 80 15.9657 52.6317
      vertex 80 15.9657 -52.6317
    endloop
  endfacet
  facet normal -1 0 0
    outer loop
      vertex 80 10.73 -53.9432
      vertex 80 10.73 53.9432
      vertex 80 15.9657 52.6317
    endloop
  endfacet
  facet normal -1 0 0
    outer loop
      vertex 80 5.39094 -54.7352
      vertex 80 10.73 53.9432
      vertex 80 10.73 -53.9432
    endloop
  endfacet
  facet normal -1 0 0
    outer loop
      vertex 80 5.39094 -54.7352
      vertex 80 5.39094 54.7352
      vertex 80 10.73 53.9432
    endloop
  endfacet
  facet normal -1 0 0
    outer loop
      vertex 80 0 -55
      vertex 80 5.39094 54.7352
      vertex 80 5.39094 -54.7352
    endloop
  endfacet
  facet normal -1 0 0
    outer loop
      vertex 80 0 -55
      vertex 80 0 55
      vertex 80 5.39094 54.7352
    endloop
  endfacet
  facet normal -1 0 0
    outer loop
      vertex 80 -5.39094 -54.7352
      vertex 80 0 55
      vertex 80 0 -55
    endloop
  endfacet
  facet normal -1 0 0
    outer loop
      vertex 80 -5.39094 -54.7352
      vertex 80 -5.39094 54.7352
      vertex 80 0 55
    endloop
  endfacet
  facet normal -1 0 0
    outer loop
      vertex 80 -10.73 -53.9432
      vertex 80 -5.39094 54.7352
      vertex 80 -5.39094 -54.7352
    endloop
  endfacet
  facet normal -1 0 0
    outer loop
      vertex 80 -10.73 -53.9432
      vertex 80 -10.73 53.9432
      vertex 80 -5.39094 54.7352
    endloop
  endfacet
  facet normal -1 0 0
    outer loop
      vertex 80 -15.9657 -52.6317
      vertex 80 -10.73 53.9432
      vertex 80 -10.73 -53.9432
    endloop
  endfacet
  facet normal -1 0 0
    outer loop
      vertex 80 -15.9657 -52.6317
      vertex 80 -15.9657 52.6317
      vertex 80 -10.73 53.9432
    endloop
  endfacet
  facet normal -1 0 0
    outer loop
      vertex 80 -21.0476 -50.8134
      vertex 80 -15.9657 52.6317
      vertex 80 -15.9657 -52.6317
    endloop
  endfacet
  facet normal -1 0 0
    outer loop
      vertex 80 -21.0476 -50.8134
      vertex 80 -21.0476 50.8134
      vertex 80 -15.9657 52.6317
    endloop
  endfacet
  facet normal -1 0 0
    outer loop
      vertex 80 -25.9268 -48.5057
      vertex 80 -21.0476 50.8134
      vertex 80 -21.0476 -50.8134
    endloop
  endfacet
  facet normal -1 0 0
    outer loop
      vertex 80 -25.9268 -48.5057
      vertex 80 -25.9268 48.5057
      vertex 80 -21.0476 50.8134
    endloop
  endfacet
  facet normal -1 0 0
    outer loop
      vertex 80 -30.5564 -45.7308
      vertex 80 -25.9268 48.5057
      vertex 80 -25.9268 -48.5057
    endloop
  endfacet
  facet normal -1 0 0
    outer loop
      vertex 80 -30.5564 -45.7308
      vertex 80 -30.5564 45.7308
      vertex 80 -25.9268 48.5057
    endloop
  endfacet
  facet normal -1 0 0
    outer loop
      vertex 80 -34.8916 -42.5156
      vertex 80 -30.5564 45.7308
      vertex 80 -30.5564 -45.7308
    endloop
  endfacet
  facet normal -1 0 0
    outer loop
      vertex 80 -34.8916 -42.5156
      vertex 80 -34.8916 42.5156
      vertex 80 -30.5564 45.7308
    endloop
  endfacet
  facet normal -1 0 0
    outer loop
      vertex 80 -38.8909 -38.8909
      vertex 80 -34.8916 42.5156
      vertex 80 -34.8916 -42.5156
    endloop
  endfacet
  facet normal -1 0 0
    outer loop
      vertex 80 -38.8909 -38.8909
      vertex 80 -38.8909 38.8909
      vertex 80 -34.8916 42.5156
    endloop
  endfacet
  facet normal -1 0 0
    outer loop
      vertex 80 -42.5156 -34.8916
      vertex 80 -38.8909 38.8909
      vertex 80 -38.8909 -38.8909
    endloop
  endfacet
  facet normal -1 0 0
    outer loop
      vertex 80 -42.5156 -34.8916
      vertex 80 -42.5156 34.8916
      vertex 80 -38.8909 38.8909
    endloop
  endfacet
  facet normal -1 0 0
    outer loop
      vertex 80 -45.7308 -30.5564
      vertex 80 -42.5156 34.8916
      vertex 80 -42.5156 -34.8916
    endloop
  endfacet
  facet normal -1 0 0
    outer loop
      vertex 80 -45.7308 -30.5564
      vertex 80 -45.7308 30.5564
      vertex 80 -42.5156 34.8916
    endloop
  endfacet
  facet normal -1 0 0
    outer loop
      vertex 80 -48.5057 -25.9268
      vertex 80 -45.7308 30.5564
      vertex 80 -45.7308 -30.5564
    endloop
  endfacet
  facet normal -1 0 0
    outer loop
      vertex 80 -48.5057 -25.9268
      vertex 80 -48.5057 25.9268
      vertex 80 -45.7308 30.5564
    endloop
  endfacet
  facet normal -1 0 0
    outer loop
      vertex 80 -50.8134 -21.0476
      vertex 80 -48.5057 25.9268
      vertex 80 -48.5057 -25.9268
    endloop
  endfacet
  facet normal -1 0 0
    outer loop
      vertex 80 -50.8134 -21.0476
      vertex 80 -50.8134 21.0476
      vertex 80 -48.5057 25.9268
    endloop
  endfacet
  facet normal -1 0 0
    outer loop
      vertex 80 -52.6317 -15.9657
      vertex 80 -50.8134 21.0476
      vertex 80 -50.8134 -21.0476
    endloop
  endfacet
  facet normal -1 0 0
    outer loop
      vertex 80 -52.6317 -15.9657
      vertex 80 -52.6317 15.9657
      vertex 80 -50.8134 21.0476
    endloop
  endfacet
  facet normal -1 0 0
    outer loop
      vertex 80 -53.9432 -10.73
      vertex 80 -52.6317 15.9657
      vertex 80 -52.6317 -15.9657
    endloop
  endfacet
  facet normal -1 0 0
    outer loop
      vertex 80 -53.9432 -10.73
      vertex 80 -53.9432 10.73
      vertex 80 -52.6317 15.9657
    endloop
  endfacet
  facet normal -1 0 0
    outer loop
      vertex 80 -54.7352 -5.39094
      vertex 80 -53.9432 10.73
      vertex 80 -53.9432 -10.73
    endloop
  endfacet
  facet normal -1 0 0
    outer loop
      vertex 80 -54.7352 -5.39094
      vertex 80 -54.7352 5.39094
      vertex 80 -53.9432 10.73
    endloop
  endfacet
  facet normal -1 0 -0
    outer loop
      vertex 80 -54.7352 5.39094
      vertex 80 -54.7352 -5.39094
      vertex 80 -55 0
    endloop
  endfacet
  facet normal 0 -0.903989 0.427557
    outer loop
      vertex 80 -50.8134 21.0476
      vertex 280 -48.5057 25.9268
      vertex 80 -48.5057 25.9268
    endloop
  endfacet
  facet normal 0 -0.903989 0.427557
    outer loop
      vertex 280 -48.5057 25.9268
      vertex 80 -50.8134 21.0476
      vertex 280 -50.8134 21.0476
    endloop
  endfacet
  facet normal 0 -0.242985 0.97003
    outer loop
      vertex 80 -10.73 53.9432
      vertex 280 -15.9657 52.6317
      vertex 280 -10.73 53.9432
    endloop
  endfacet
  facet normal 0 -0.242985 0.97003
    outer loop
      vertex 280 -15.9657 52.6317
      vertex 80 -10.73 53.9432
      vertex 80 -15.9657 52.6317
    endloop
  endfacet
  facet normal 0 0.941546 -0.336884
    outer loop
      vertex 280 50.8134 -21.0476
      vertex 80 52.6317 -15.9657
      vertex 280 52.6317 -15.9657
    endloop
  endfacet
  facet normal 0 0.941546 -0.336884
    outer loop
      vertex 80 52.6317 -15.9657
      vertex 280 50.8134 -21.0476
      vertex 80 50.8134 -21.0476
    endloop
  endfacet
  facet normal 0 -0.146735 -0.989176
    outer loop
      vertex 80 -10.73 -53.9432
      vertex 280 -5.39094 -54.7352
      vertex 280 -10.73 -53.9432
    endloop
  endfacet
  facet normal -0 -0.146735 -0.989176
    outer loop
      vertex 280 -5.39094 -54.7352
      vertex 80 -10.73 -53.9432
      vertex 80 -5.39094 -54.7352
    endloop
  endfacet
  facet normal 0 0.146735 -0.989176
    outer loop
      vertex 80 5.39094 -54.7352
      vertex 280 10.73 -53.9432
      vertex 280 5.39094 -54.7352
    endloop
  endfacet
  facet normal 0 0.146735 -0.989176
    outer loop
      vertex 280 10.73 -53.9432
      vertex 80 5.39094 -54.7352
      vertex 80 10.73 -53.9432
    endloop
  endfacet
  facet normal 0 0.989176 0.146735
    outer loop
      vertex 280 54.7352 5.39094
      vertex 80 53.9432 10.73
      vertex 280 53.9432 10.73
    endloop
  endfacet
  facet normal 0 0.989176 0.146735
    outer loop
      vertex 80 53.9432 10.73
      vertex 280 54.7352 5.39094
      vertex 80 54.7352 5.39094
    endloop
  endfacet
  facet normal 0 -0.903989 -0.427557
    outer loop
      vertex 80 -48.5057 -25.9268
      vertex 280 -50.8134 -21.0476
      vertex 80 -50.8134 -21.0476
    endloop
  endfacet
  facet normal 0 -0.903989 -0.427557
    outer loop
      vertex 280 -50.8134 -21.0476
      vertex 80 -48.5057 -25.9268
      vertex 280 -48.5057 -25.9268
    endloop
  endfacet
  facet normal 0 0.740956 0.671553
    outer loop
      vertex 280 42.5156 34.8916
      vertex 80 38.8909 38.8909
      vertex 280 38.8909 38.8909
    endloop
  endfacet
  facet normal 0 0.740956 0.671553
    outer loop
      vertex 80 38.8909 38.8909
      vertex 280 42.5156 34.8916
      vertex 80 42.5156 34.8916
    endloop
  endfacet
  facet normal 0 0.803208 0.595699
    outer loop
      vertex 280 45.7308 30.5564
      vertex 80 42.5156 34.8916
      vertex 280 42.5156 34.8916
    endloop
  endfacet
  facet normal 0 0.803208 0.595699
    outer loop
      vertex 80 42.5156 34.8916
      vertex 280 45.7308 30.5564
      vertex 80 45.7308 30.5564
    endloop
  endfacet
  facet normal 0 -0.0490603 -0.998796
    outer loop
      vertex 80 -5.39094 -54.7352
      vertex 280 0 -55
      vertex 280 -5.39094 -54.7352
    endloop
  endfacet
  facet normal -0 -0.0490603 -0.998796
    outer loop
      vertex 280 0 -55
      vertex 80 -5.39094 -54.7352
      vertex 80 0 -55
    endloop
  endfacet
  facet normal 0 0.903989 0.427557
    outer loop
      vertex 280 50.8134 21.0476
      vertex 80 48.5057 25.9268
      vertex 280 48.5057 25.9268
    endloop
  endfacet
  facet normal 0 0.903989 0.427557
    outer loop
      vertex 80 48.5057 25.9268
      vertex 280 50.8134 21.0476
      vertex 80 50.8134 21.0476
    endloop
  endfacet
  facet normal 0 0.857727 -0.514106
    outer loop
      vertex 280 45.7308 -30.5564
      vertex 80 48.5057 -25.9268
      vertex 280 48.5057 -25.9268
    endloop
  endfacet
  facet normal 0 0.857727 -0.514106
    outer loop
      vertex 80 48.5057 -25.9268
      vertex 280 45.7308 -30.5564
      vertex 80 45.7308 -30.5564
    endloop
  endfacet
  facet normal 0 -0.989176 -0.146735
    outer loop
      vertex 80 -53.9432 -10.73
      vertex 280 -54.7352 -5.39094
      vertex 80 -54.7352 -5.39094
    endloop
  endfacet
  facet normal 0 -0.989176 -0.146735
    outer loop
      vertex 280 -54.7352 -5.39094
      vertex 80 -53.9432 -10.73
      vertex 280 -53.9432 -10.73
    endloop
  endfacet
  facet normal 0 -0.671553 -0.740956
    outer loop
      vertex 80 -38.8909 -38.8909
      vertex 280 -34.8916 -42.5156
      vertex 280 -38.8909 -38.8909
    endloop
  endfacet
  facet normal -0 -0.671553 -0.740956
    outer loop
      vertex 280 -34.8916 -42.5156
      vertex 80 -38.8909 -38.8909
      vertex 80 -34.8916 -42.5156
    endloop
  endfacet
  facet normal 0 -0.595699 -0.803208
    outer loop
      vertex 80 -34.8916 -42.5156
      vertex 280 -30.5564 -45.7308
      vertex 280 -34.8916 -42.5156
    endloop
  endfacet
  facet normal -0 -0.595699 -0.803208
    outer loop
      vertex 280 -30.5564 -45.7308
      vertex 80 -34.8916 -42.5156
      vertex 80 -30.5564 -45.7308
    endloop
  endfacet
  facet normal 0 -0.97003 -0.242985
    outer loop
      vertex 80 -52.6317 -15.9657
      vertex 280 -53.9432 -10.73
      vertex 80 -53.9432 -10.73
    endloop
  endfacet
  facet normal 0 -0.97003 -0.242985
    outer loop
      vertex 280 -53.9432 -10.73
      vertex 80 -52.6317 -15.9657
      vertex 280 -52.6317 -15.9657
    endloop
  endfacet
  facet normal 0 -0.336884 -0.941546
    outer loop
      vertex 80 -21.0476 -50.8134
      vertex 280 -15.9657 -52.6317
      vertex 280 -21.0476 -50.8134
    endloop
  endfacet
  facet normal -0 -0.336884 -0.941546
    outer loop
      vertex 280 -15.9657 -52.6317
      vertex 80 -21.0476 -50.8134
      vertex 80 -15.9657 -52.6317
    endloop
  endfacet
  facet normal 0 0.97003 0.242985
    outer loop
      vertex 280 53.9432 10.73
      vertex 80 52.6317 15.9657
      vertex 280 52.6317 15.9657
    endloop
  endfacet
  facet normal 0 0.97003 0.242985
    outer loop
      vertex 80 52.6317 15.9657
      vertex 280 53.9432 10.73
      vertex 80 53.9432 10.73
    endloop
  endfacet
  facet normal 0 0.989176 -0.146735
    outer loop
      vertex 280 53.9432 -10.73
      vertex 80 54.7352 -5.39094
      vertex 280 54.7352 -5.39094
    endloop
  endfacet
  facet normal 0 0.989176 -0.146735
    outer loop
      vertex 80 54.7352 -5.39094
      vertex 280 53.9432 -10.73
      vertex 80 53.9432 -10.73
    endloop
  endfacet
  facet normal -0 0.146735 0.989176
    outer loop
      vertex 80 10.73 53.9432
      vertex 280 5.39094 54.7352
      vertex 280 10.73 53.9432
    endloop
  endfacet
  facet normal 0 0.146735 0.989176
    outer loop
      vertex 280 5.39094 54.7352
      vertex 80 10.73 53.9432
      vertex 80 5.39094 54.7352
    endloop
  endfacet
  facet normal 0 -0.427557 0.903989
    outer loop
      vertex 80 -21.0476 50.8134
      vertex 280 -25.9268 48.5057
      vertex 280 -21.0476 50.8134
    endloop
  endfacet
  facet normal 0 -0.427557 0.903989
    outer loop
      vertex 280 -25.9268 48.5057
      vertex 80 -21.0476 50.8134
      vertex 80 -25.9268 48.5057
    endloop
  endfacet
  facet normal 0 -0.514106 0.857727
    outer loop
      vertex 80 -25.9268 48.5057
      vertex 280 -30.5564 45.7308
      vertex 280 -25.9268 48.5057
    endloop
  endfacet
  facet normal 0 -0.514106 0.857727
    outer loop
      vertex 280 -30.5564 45.7308
      vertex 80 -25.9268 48.5057
      vertex 80 -30.5564 45.7308
    endloop
  endfacet
  facet normal 0 0.941546 0.336884
    outer loop
      vertex 280 52.6317 15.9657
      vertex 80 50.8134 21.0476
      vertex 280 50.8134 21.0476
    endloop
  endfacet
  facet normal 0 0.941546 0.336884
    outer loop
      vertex 80 50.8134 21.0476
      vertex 280 52.6317 15.9657
      vertex 80 52.6317 15.9657
    endloop
  endfacet
  facet normal -0 0.336884 0.941546
    outer loop
      vertex 80 21.0476 50.8134
      vertex 280 15.9657 52.6317
      vertex 280 21.0476 50.8134
    endloop
  endfacet
  facet normal 0 0.336884 0.941546
    outer loop
      vertex 280 15.9657 52.6317
      vertex 80 21.0476 50.8134
      vertex 80 15.9657 52.6317
    endloop
  endfacet
  facet normal 0 -0.803208 -0.595699
    outer loop
      vertex 80 -42.5156 -34.8916
      vertex 280 -45.7308 -30.5564
      vertex 80 -45.7308 -30.5564
    endloop
  endfacet
  facet normal 0 -0.803208 -0.595699
    outer loop
      vertex 280 -45.7308 -30.5564
      vertex 80 -42.5156 -34.8916
      vertex 280 -42.5156 -34.8916
    endloop
  endfacet
  facet normal 0 0.671553 -0.740956
    outer loop
      vertex 80 34.8916 -42.5156
      vertex 280 38.8909 -38.8909
      vertex 280 34.8916 -42.5156
    endloop
  endfacet
  facet normal 0 0.671553 -0.740956
    outer loop
      vertex 280 38.8909 -38.8909
      vertex 80 34.8916 -42.5156
      vertex 80 38.8909 -38.8909
    endloop
  endfacet
  facet normal 0 -0.146735 0.989176
    outer loop
      vertex 80 -5.39094 54.7352
      vertex 280 -10.73 53.9432
      vertex 280 -5.39094 54.7352
    endloop
  endfacet
  facet normal 0 -0.146735 0.989176
    outer loop
      vertex 280 -10.73 53.9432
      vertex 80 -5.39094 54.7352
      vertex 80 -10.73 53.9432
    endloop
  endfacet
  facet normal 0 -0.671553 0.740956
    outer loop
      vertex 80 -34.8916 42.5156
      vertex 280 -38.8909 38.8909
      vertex 280 -34.8916 42.5156
    endloop
  endfacet
  facet normal 0 -0.671553 0.740956
    outer loop
      vertex 280 -38.8909 38.8909
      vertex 80 -34.8916 42.5156
      vertex 80 -38.8909 38.8909
    endloop
  endfacet
  facet normal 0 -0.595699 0.803208
    outer loop
      vertex 80 -30.5564 45.7308
      vertex 280 -34.8916 42.5156
      vertex 280 -30.5564 45.7308
    endloop
  endfacet
  facet normal 0 -0.595699 0.803208
    outer loop
      vertex 280 -34.8916 42.5156
      vertex 80 -30.5564 45.7308
      vertex 80 -34.8916 42.5156
    endloop
  endfacet
  facet normal 0 0.857727 0.514106
    outer loop
      vertex 280 48.5057 25.9268
      vertex 80 45.7308 30.5564
      vertex 280 45.7308 30.5564
    endloop
  endfacet
  facet normal 0 0.857727 0.514106
    outer loop
      vertex 80 45.7308 30.5564
      vertex 280 48.5057 25.9268
      vertex 80 48.5057 25.9268
    endloop
  endfacet
  facet normal 0 -0.0490603 0.998796
    outer loop
      vertex 80 0 55
      vertex 280 -5.39094 54.7352
      vertex 280 0 55
    endloop
  endfacet
  facet normal 0 -0.0490603 0.998796
    outer loop
      vertex 280 -5.39094 54.7352
      vertex 80 0 55
      vertex 80 -5.39094 54.7352
    endloop
  endfacet
  facet normal -0 0.427557 0.903989
    outer loop
      vertex 80 25.9268 48.5057
      vertex 280 21.0476 50.8134
      vertex 280 25.9268 48.5057
    endloop
  endfacet
  facet normal 0 0.427557 0.903989
    outer loop
      vertex 280 21.0476 50.8134
      vertex 80 25.9268 48.5057
      vertex 80 21.0476 50.8134
    endloop
  endfacet
  facet normal 0 0.97003 -0.242985
    outer loop
      vertex 280 52.6317 -15.9657
      vertex 80 53.9432 -10.73
      vertex 280 53.9432 -10.73
    endloop
  endfacet
  facet normal 0 0.97003 -0.242985
    outer loop
      vertex 80 53.9432 -10.73
      vertex 280 52.6317 -15.9657
      vertex 80 52.6317 -15.9657
    endloop
  endfacet
  facet normal 0 -0.857727 -0.514106
    outer loop
      vertex 80 -45.7308 -30.5564
      vertex 280 -48.5057 -25.9268
      vertex 80 -48.5057 -25.9268
    endloop
  endfacet
  facet normal 0 -0.857727 -0.514106
    outer loop
      vertex 280 -48.5057 -25.9268
      vertex 80 -45.7308 -30.5564
      vertex 280 -45.7308 -30.5564
    endloop
  endfacet
  facet normal 0 -0.803208 0.595699
    outer loop
      vertex 80 -45.7308 30.5564
      vertex 280 -42.5156 34.8916
      vertex 80 -42.5156 34.8916
    endloop
  endfacet
  facet normal 0 -0.803208 0.595699
    outer loop
      vertex 280 -42.5156 34.8916
      vertex 80 -45.7308 30.5564
      vertex 280 -45.7308 30.5564
    endloop
  endfacet
  facet normal 0 -0.740956 0.671553
    outer loop
      vertex 80 -42.5156 34.8916
      vertex 280 -38.8909 38.8909
      vertex 80 -38.8909 38.8909
    endloop
  endfacet
  facet normal 0 -0.740956 0.671553
    outer loop
      vertex 280 -38.8909 38.8909
      vertex 80 -42.5156 34.8916
      vertex 280 -42.5156 34.8916
    endloop
  endfacet
  facet normal -0 0.595699 0.803208
    outer loop
      vertex 80 34.8916 42.5156
      vertex 280 30.5564 45.7308
      vertex 280 34.8916 42.5156
    endloop
  endfacet
  facet normal 0 0.595699 0.803208
    outer loop
      vertex 280 30.5564 45.7308
      vertex 80 34.8916 42.5156
      vertex 80 30.5564 45.7308
    endloop
  endfacet
  facet normal 0 -0.998796 0.0490603
    outer loop
      vertex 80 -55 0
      vertex 280 -54.7352 5.39094
      vertex 80 -54.7352 5.39094
    endloop
  endfacet
  facet normal 0 -0.998796 0.0490603
    outer loop
      vertex 280 -54.7352 5.39094
      vertex 80 -55 0
      vertex 280 -55 0
    endloop
  endfacet
  facet normal 0 -0.989176 0.146735
    outer loop
      vertex 80 -54.7352 5.39094
      vertex 280 -53.9432 10.73
      vertex 80 -53.9432 10.73
    endloop
  endfacet
  facet normal 0 -0.989176 0.146735
    outer loop
      vertex 280 -53.9432 10.73
      vertex 80 -54.7352 5.39094
      vertex 280 -54.7352 5.39094
    endloop
  endfacet
  facet normal -0 0.0490603 0.998796
    outer loop
      vertex 80 5.39094 54.7352
      vertex 280 0 55
      vertex 280 5.39094 54.7352
    endloop
  endfacet
  facet normal 0 0.0490603 0.998796
    outer loop
      vertex 280 0 55
      vertex 80 5.39094 54.7352
      vertex 80 0 55
    endloop
  endfacet
  facet normal 0 -0.941546 0.336884
    outer loop
      vertex 80 -52.6317 15.9657
      vertex 280 -50.8134 21.0476
      vertex 80 -50.8134 21.0476
    endloop
  endfacet
  facet normal 0 -0.941546 0.336884
    outer loop
      vertex 280 -50.8134 21.0476
      vertex 80 -52.6317 15.9657
      vertex 280 -52.6317 15.9657
    endloop
  endfacet
  facet normal 0 -0.740956 -0.671553
    outer loop
      vertex 80 -38.8909 -38.8909
      vertex 280 -42.5156 -34.8916
      vertex 80 -42.5156 -34.8916
    endloop
  endfacet
  facet normal 0 -0.740956 -0.671553
    outer loop
      vertex 280 -42.5156 -34.8916
      vertex 80 -38.8909 -38.8909
      vertex 280 -38.8909 -38.8909
    endloop
  endfacet
  facet normal 0.14673 -0 0.989177
    outer loop
      vertex 46.3711 169.912 9.68701
      vertex 52.6809 176 8.75104
      vertex 46.3711 176 9.68701
    endloop
  endfacet
  facet normal 0.14673 0 0.989177
    outer loop
      vertex 52.6809 176 8.75104
      vertex 46.3711 169.912 9.68701
      vertex 52.6809 169.504 8.75104
    endloop
  endfacet
  facet normal 0.989176 -0 0.146735
    outer loop
      vertex 103.751 166.21 -42.3191
      vertex 104.687 176 -48.6289
      vertex 103.751 176 -42.3191
    endloop
  endfacet
  facet normal 0.989176 0 0.146735
    outer loop
      vertex 104.687 176 -48.6289
      vertex 103.751 166.21 -42.3191
      vertex 104.687 166.149 -48.6289
    endloop
  endfacet
  facet normal 0.998795 -0 0.0490689
    outer loop
      vertex 104.687 166.149 -48.6289
      vertex 105 176 -55
      vertex 104.687 176 -48.6289
    endloop
  endfacet
  facet normal 0.998795 0 0.0490689
    outer loop
      vertex 105 176 -55
      vertex 104.687 166.149 -48.6289
      vertex 105 166.129 -55
    endloop
  endfacet
  facet normal 0.336897 0 -0.941541
    outer loop
      vertex 58.8685 131 -117.201
      vertex 64.8744 176 -115.052
      vertex 64.8744 131 -115.052
    endloop
  endfacet
  facet normal 0.336897 0 -0.941541
    outer loop
      vertex 64.8744 176 -115.052
      vertex 58.8685 131 -117.201
      vertex 58.8685 176 -117.201
    endloop
  endfacet
  facet normal 0.970028 -0 0.242993
    outer loop
      vertex 102.201 166.31 -36.1315
      vertex 103.751 176 -42.3191
      vertex 102.201 176 -36.1315
    endloop
  endfacet
  facet normal 0.970028 0 0.242993
    outer loop
      vertex 103.751 176 -42.3191
      vertex 102.201 166.31 -36.1315
      vertex 103.751 166.21 -42.3191
    endloop
  endfacet
  facet normal 0.904002 0 -0.427529
    outer loop
      vertex 100.052 131 -79.8744
      vertex 97.3249 176 -85.6408
      vertex 100.052 176 -79.8744
    endloop
  endfacet
  facet normal 0.904002 0 -0.427529
    outer loop
      vertex 97.3249 176 -85.6408
      vertex 100.052 131 -79.8744
      vertex 97.3249 131 -85.6408
    endloop
  endfacet
  facet normal -0.336897 0 -0.941541
    outer loop
      vertex 15.1256 131 -115.052
      vertex 21.1315 176 -117.201
      vertex 21.1315 131 -117.201
    endloop
  endfacet
  facet normal -0.336897 0 -0.941541
    outer loop
      vertex 21.1315 176 -117.201
      vertex 15.1256 131 -115.052
      vertex 15.1256 176 -115.052
    endloop
  endfacet
  facet normal 0.242993 0 -0.970028
    outer loop
      vertex 52.6809 131 -118.751
      vertex 58.8685 176 -117.201
      vertex 58.8685 131 -117.201
    endloop
  endfacet
  facet normal 0.242993 0 -0.970028
    outer loop
      vertex 58.8685 176 -117.201
      vertex 52.6809 131 -118.751
      vertex 52.6809 176 -118.751
    endloop
  endfacet
  facet normal -0.740947 0 0.671564
    outer loop
      vertex -10.2457 170 -13.7644
      vertex -5.96194 176 -9.03806
      vertex -10.2457 176 -13.7644
    endloop
  endfacet
  facet normal -0.740947 0 0.671564
    outer loop
      vertex -5.96194 176 -9.03806
      vertex -10.2457 170 -13.7644
      vertex -5.96194 170 -9.03806
    endloop
  endfacet
  facet normal -0.146735 0 -0.989176
    outer loop
      vertex 27.3191 131 -118.751
      vertex 33.6289 176 -119.687
      vertex 33.6289 131 -119.687
    endloop
  endfacet
  facet normal -0.146735 0 -0.989176
    outer loop
      vertex 33.6289 176 -119.687
      vertex 27.3191 131 -118.751
      vertex 27.3191 176 -118.751
    endloop
  endfacet
  facet normal 0.146735 0 -0.989176
    outer loop
      vertex 46.3711 131 -119.687
      vertex 52.6809 176 -118.751
      vertex 52.6809 131 -118.751
    endloop
  endfacet
  facet normal 0.146735 0 -0.989176
    outer loop
      vertex 52.6809 176 -118.751
      vertex 46.3711 131 -119.687
      vertex 46.3711 176 -119.687
    endloop
  endfacet
  facet normal 0.803211 -0 0.595695
    outer loop
      vertex 90.2457 167.081 -13.7644
      vertex 94.0455 176 -18.8879
      vertex 90.2457 176 -13.7644
    endloop
  endfacet
  facet normal 0.803211 0 0.595695
    outer loop
      vertex 94.0455 176 -18.8879
      vertex 90.2457 167.081 -13.7644
      vertex 94.0455 166.836 -18.8879
    endloop
  endfacet
  facet normal 0.0490689 0 -0.998795
    outer loop
      vertex 40 131 -120
      vertex 46.3711 176 -119.687
      vertex 46.3711 131 -119.687
    endloop
  endfacet
  facet normal 0.0490689 0 -0.998795
    outer loop
      vertex 46.3711 176 -119.687
      vertex 40 131 -120
      vertex 40 176 -120
    endloop
  endfacet
  facet normal 0.427516 0 -0.904008
    outer loop
      vertex 64.8744 131 -115.052
      vertex 70.6408 176 -112.325
      vertex 70.6408 131 -112.325
    endloop
  endfacet
  facet normal 0.427516 0 -0.904008
    outer loop
      vertex 70.6408 176 -112.325
      vertex 64.8744 131 -115.052
      vertex 64.8744 176 -115.052
    endloop
  endfacet
  facet normal -0.427517 0 -0.904007
    outer loop
      vertex 9.35921 131 -112.325
      vertex 15.1256 176 -115.052
      vertex 15.1256 131 -115.052
    endloop
  endfacet
  facet normal -0.427517 0 -0.904007
    outer loop
      vertex 15.1256 176 -115.052
      vertex 9.35921 131 -112.325
      vertex 9.35921 176 -112.325
    endloop
  endfacet
  facet normal -0.33689 0 0.941544
    outer loop
      vertex 15.1256 176 5.05217
      vertex 21.1315 170 7.20112
      vertex 21.1315 176 7.20112
    endloop
  endfacet
  facet normal -0.33689 0 0.941544
    outer loop
      vertex 21.1315 170 7.20112
      vertex 15.1256 176 5.05217
      vertex 15.1256 170 5.05217
    endloop
  endfacet
  facet normal 0.857727 0 -0.514106
    outer loop
      vertex 97.3249 131 -85.6408
      vertex 94.0455 176 -91.1121
      vertex 97.3249 176 -85.6408
    endloop
  endfacet
  facet normal 0.857727 0 -0.514106
    outer loop
      vertex 94.0455 176 -91.1121
      vertex 97.3249 131 -85.6408
      vertex 94.0455 131 -91.1121
    endloop
  endfacet
  facet normal -0.595716 0 -0.803195
    outer loop
      vertex -1.23556 131 -105.246
      vertex 3.88793 176 -109.046
      vertex 3.88793 131 -109.046
    endloop
  endfacet
  facet normal -0.595716 0 -0.803195
    outer loop
      vertex 3.88793 176 -109.046
      vertex -1.23556 131 -105.246
      vertex -1.23556 176 -105.246
    endloop
  endfacet
  facet normal -0.857727 0 0.514106
    outer loop
      vertex -17.3249 170 -24.3592
      vertex -14.0455 176 -18.8879
      vertex -17.3249 176 -24.3592
    endloop
  endfacet
  facet normal -0.857727 0 0.514106
    outer loop
      vertex -14.0455 176 -18.8879
      vertex -17.3249 170 -24.3592
      vertex -14.0455 170 -18.8879
    endloop
  endfacet
  facet normal 0.941541 -0 0.336897
    outer loop
      vertex 100.052 166.448 -30.1256
      vertex 102.201 176 -36.1315
      vertex 100.052 176 -30.1256
    endloop
  endfacet
  facet normal 0.941541 0 0.336897
    outer loop
      vertex 102.201 176 -36.1315
      vertex 100.052 166.448 -30.1256
      vertex 102.201 166.31 -36.1315
    endloop
  endfacet
  facet normal 0.51406 0 -0.857754
    outer loop
      vertex 70.6408 131 -112.325
      vertex 76.1121 176 -109.046
      vertex 76.1121 131 -109.046
    endloop
  endfacet
  facet normal 0.51406 0 -0.857754
    outer loop
      vertex 76.1121 176 -109.046
      vertex 70.6408 131 -112.325
      vertex 70.6408 176 -112.325
    endloop
  endfacet
  facet normal -0.242993 0 -0.970028
    outer loop
      vertex 21.1315 131 -117.201
      vertex 27.3191 176 -118.751
      vertex 27.3191 131 -118.751
    endloop
  endfacet
  facet normal -0.242993 0 -0.970028
    outer loop
      vertex 27.3191 176 -118.751
      vertex 21.1315 131 -117.201
      vertex 21.1315 176 -117.201
    endloop
  endfacet
  facet normal 0.857727 -0 0.514106
    outer loop
      vertex 94.0455 166.836 -18.8879
      vertex 97.3249 176 -24.3592
      vertex 94.0455 176 -18.8879
    endloop
  endfacet
  facet normal 0.857727 0 0.514106
    outer loop
      vertex 97.3249 176 -24.3592
      vertex 94.0455 166.836 -18.8879
      vertex 97.3249 166.624 -24.3592
    endloop
  endfacet
  facet normal -0.998795 0 -0.0490689
    outer loop
      vertex -24.687 170 -61.3711
      vertex -25 176 -55
      vertex -24.687 176 -61.3711
    endloop
  endfacet
  facet normal -0.998795 -0 -0.0490689
    outer loop
      vertex -25 176 -55
      vertex -24.687 170 -61.3711
      vertex -25 170 -55
    endloop
  endfacet
  facet normal -0.857727 0 -0.514106
    outer loop
      vertex -14.0455 131 -91.1121
      vertex -17.3249 176 -85.6408
      vertex -14.0455 176 -91.1121
    endloop
  endfacet
  facet normal -0.857727 -0 -0.514106
    outer loop
      vertex -17.3249 176 -85.6408
      vertex -14.0455 131 -91.1121
      vertex -17.3249 131 -85.6408
    endloop
  endfacet
  facet normal 0.904002 -0 0.427529
    outer loop
      vertex 97.3249 166.624 -24.3592
      vertex 100.052 176 -30.1256
      vertex 97.3249 176 -24.3592
    endloop
  endfacet
  facet normal 0.904002 0 0.427529
    outer loop
      vertex 100.052 176 -30.1256
      vertex 97.3249 166.624 -24.3592
      vertex 100.052 166.448 -30.1256
    endloop
  endfacet
  facet normal -0.242981 0 0.970031
    outer loop
      vertex 21.1315 176 7.20112
      vertex 27.3191 170 8.75104
      vertex 27.3191 176 8.75104
    endloop
  endfacet
  facet normal -0.242981 0 0.970031
    outer loop
      vertex 27.3191 170 8.75104
      vertex 21.1315 176 7.20112
      vertex 21.1315 170 7.20112
    endloop
  endfacet
  facet normal -0.5957 0 0.803207
    outer loop
      vertex -1.23556 176 -4.75432
      vertex 3.88793 170 -0.954474
      vertex 3.88793 176 -0.954474
    endloop
  endfacet
  facet normal -0.5957 0 0.803207
    outer loop
      vertex 3.88793 170 -0.954474
      vertex -1.23556 176 -4.75432
      vertex -1.23556 170 -4.75432
    endloop
  endfacet
  facet normal -0.970032 0 -0.242978
    outer loop
      vertex -22.2011 131 -73.8685
      vertex -23.751 176 -67.6809
      vertex -22.2011 176 -73.8685
    endloop
  endfacet
  facet normal -0.970032 -0 -0.242978
    outer loop
      vertex -23.751 176 -67.6809
      vertex -22.2011 131 -73.8685
      vertex -23.751 131 -67.6809
    endloop
  endfacet
  facet normal 0.989176 3.159e-05 -0.146735
    outer loop
      vertex 104.687 176 -61.3711
      vertex 104.149 166.184 -65
      vertex 103.751 176 -67.6809
    endloop
  endfacet
  facet normal 0.989188 0 -0.146651
    outer loop
      vertex 104.149 166.184 -65
      vertex 104.687 176 -61.3711
      vertex 104.687 166.149 -61.3711
    endloop
  endfacet
  facet normal 0.989159 0 -0.146848
    outer loop
      vertex 103.751 131 -67.6809
      vertex 104.149 166.184 -65
      vertex 104.149 131 -65
    endloop
  endfacet
  facet normal 0.989159 0 -0.146848
    outer loop
      vertex 104.149 166.184 -65
      vertex 103.751 131 -67.6809
      vertex 103.751 176 -67.6809
    endloop
  endfacet
  facet normal -0.14673 0 0.989177
    outer loop
      vertex 27.3191 176 8.75104
      vertex 33.6289 170 9.68701
      vertex 33.6289 176 9.68701
    endloop
  endfacet
  facet normal -0.14673 0 0.989177
    outer loop
      vertex 33.6289 170 9.68701
      vertex 27.3191 176 8.75104
      vertex 27.3191 170 8.75104
    endloop
  endfacet
  facet normal -0.671559 0 0.740951
    outer loop
      vertex -5.96194 176 -9.03806
      vertex -1.23556 170 -4.75432
      vertex -1.23556 176 -4.75432
    endloop
  endfacet
  facet normal -0.671559 0 0.740951
    outer loop
      vertex -1.23556 170 -4.75432
      vertex -5.96194 176 -9.03806
      vertex -5.96194 170 -9.03806
    endloop
  endfacet
  facet normal 0 1 0
    outer loop
      vertex 46.3711 176 9.68701
      vertex 33.6289 176 9.68701
      vertex 40 176 10
    endloop
  endfacet
  facet normal 0 1 0
    outer loop
      vertex 52.6809 176 8.75104
      vertex 33.6289 176 9.68701
      vertex 46.3711 176 9.68701
    endloop
  endfacet
  facet normal 0 1 0
    outer loop
      vertex 52.6809 176 8.75104
      vertex 27.3191 176 8.75104
      vertex 33.6289 176 9.68701
    endloop
  endfacet
  facet normal 0 1 0
    outer loop
      vertex 58.8685 176 7.20112
      vertex 27.3191 176 8.75104
      vertex 52.6809 176 8.75104
    endloop
  endfacet
  facet normal 0 1 0
    outer loop
      vertex 58.8685 176 7.20112
      vertex 21.1315 176 7.20112
      vertex 27.3191 176 8.75104
    endloop
  endfacet
  facet normal 0 1 0
    outer loop
      vertex 64.8744 176 5.05217
      vertex 21.1315 176 7.20112
      vertex 58.8685 176 7.20112
    endloop
  endfacet
  facet normal 0 1 0
    outer loop
      vertex 64.8744 176 5.05217
      vertex 15.1256 176 5.05217
      vertex 21.1315 176 7.20112
    endloop
  endfacet
  facet normal 0 1 0
    outer loop
      vertex 70.6408 176 2.32488
      vertex 15.1256 176 5.05217
      vertex 64.8744 176 5.05217
    endloop
  endfacet
  facet normal 0 1 0
    outer loop
      vertex 70.6408 176 2.32488
      vertex 9.35921 176 2.32488
      vertex 15.1256 176 5.05217
    endloop
  endfacet
  facet normal 0 1 0
    outer loop
      vertex 76.1121 176 -0.954474
      vertex 9.35921 176 2.32488
      vertex 70.6408 176 2.32488
    endloop
  endfacet
  facet normal 0 1 0
    outer loop
      vertex 76.1121 176 -0.954474
      vertex 3.88793 176 -0.954474
      vertex 9.35921 176 2.32488
    endloop
  endfacet
  facet normal 0 1 0
    outer loop
      vertex 81.2356 176 -4.75432
      vertex 3.88793 176 -0.954474
      vertex 76.1121 176 -0.954474
    endloop
  endfacet
  facet normal 0 1 0
    outer loop
      vertex 81.2356 176 -4.75432
      vertex -1.23556 176 -4.75432
      vertex 3.88793 176 -0.954474
    endloop
  endfacet
  facet normal 0 1 0
    outer loop
      vertex 85.9619 176 -9.03806
      vertex -1.23556 176 -4.75432
      vertex 81.2356 176 -4.75432
    endloop
  endfacet
  facet normal 0 1 0
    outer loop
      vertex 85.9619 176 -9.03806
      vertex -5.96194 176 -9.03806
      vertex -1.23556 176 -4.75432
    endloop
  endfacet
  facet normal 0 1 0
    outer loop
      vertex 90.2457 176 -13.7644
      vertex -5.96194 176 -9.03806
      vertex 85.9619 176 -9.03806
    endloop
  endfacet
  facet normal 0 1 0
    outer loop
      vertex 90.2457 176 -13.7644
      vertex -10.2457 176 -13.7644
      vertex -5.96194 176 -9.03806
    endloop
  endfacet
  facet normal 0 1 0
    outer loop
      vertex 94.0455 176 -18.8879
      vertex -10.2457 176 -13.7644
      vertex 90.2457 176 -13.7644
    endloop
  endfacet
  facet normal 0 1 0
    outer loop
      vertex 94.0455 176 -18.8879
      vertex -14.0455 176 -18.8879
      vertex -10.2457 176 -13.7644
    endloop
  endfacet
  facet normal 0 1 0
    outer loop
      vertex 97.3249 176 -24.3592
      vertex -14.0455 176 -18.8879
      vertex 94.0455 176 -18.8879
    endloop
  endfacet
  facet normal 0 1 0
    outer loop
      vertex 97.3249 176 -24.3592
      vertex -17.3249 176 -24.3592
      vertex -14.0455 176 -18.8879
    endloop
  endfacet
  facet normal 0 1 0
    outer loop
      vertex 100.052 176 -30.1256
      vertex -17.3249 176 -24.3592
      vertex 97.3249 176 -24.3592
    endloop
  endfacet
  facet normal 0 1 0
    outer loop
      vertex 100.052 176 -30.1256
      vertex -20.0522 176 -30.1256
      vertex -17.3249 176 -24.3592
    endloop
  endfacet
  facet normal 0 1 0
    outer loop
      vertex 102.201 176 -36.1315
      vertex -20.0522 176 -30.1256
      vertex 100.052 176 -30.1256
    endloop
  endfacet
  facet normal 0 1 0
    outer loop
      vertex 102.201 176 -36.1315
      vertex -22.2011 176 -36.1315
      vertex -20.0522 176 -30.1256
    endloop
  endfacet
  facet normal 0 1 0
    outer loop
      vertex 103.751 176 -42.3191
      vertex -22.2011 176 -36.1315
      vertex 102.201 176 -36.1315
    endloop
  endfacet
  facet normal 0 1 0
    outer loop
      vertex 103.751 176 -42.3191
      vertex -23.751 176 -42.3191
      vertex -22.2011 176 -36.1315
    endloop
  endfacet
  facet normal 0 1 0
    outer loop
      vertex 104.687 176 -48.6289
      vertex -23.751 176 -42.3191
      vertex 103.751 176 -42.3191
    endloop
  endfacet
  facet normal 0 1 0
    outer loop
      vertex 104.687 176 -48.6289
      vertex -24.687 176 -48.6289
      vertex -23.751 176 -42.3191
    endloop
  endfacet
  facet normal 0 1 0
    outer loop
      vertex 105 176 -55
      vertex -24.687 176 -48.6289
      vertex 104.687 176 -48.6289
    endloop
  endfacet
  facet normal 0 1 0
    outer loop
      vertex 105 176 -55
      vertex -25 176 -55
      vertex -24.687 176 -48.6289
    endloop
  endfacet
  facet normal 0 1 -0
    outer loop
      vertex 104.687 176 -61.3711
      vertex -25 176 -55
      vertex 105 176 -55
    endloop
  endfacet
  facet normal 0 1 0
    outer loop
      vertex 104.687 176 -61.3711
      vertex -24.687 176 -61.3711
      vertex -25 176 -55
    endloop
  endfacet
  facet normal 0 1 -0
    outer loop
      vertex 103.751 176 -67.6809
      vertex -24.687 176 -61.3711
      vertex 104.687 176 -61.3711
    endloop
  endfacet
  facet normal 0 1 0
    outer loop
      vertex 103.751 176 -67.6809
      vertex -23.751 176 -67.6809
      vertex -24.687 176 -61.3711
    endloop
  endfacet
  facet normal 0 1 -0
    outer loop
      vertex 102.201 176 -73.8685
      vertex -23.751 176 -67.6809
      vertex 103.751 176 -67.6809
    endloop
  endfacet
  facet normal 0 1 0
    outer loop
      vertex 102.201 176 -73.8685
      vertex -22.2011 176 -73.8685
      vertex -23.751 176 -67.6809
    endloop
  endfacet
  facet normal 0 1 -0
    outer loop
      vertex 100.052 176 -79.8744
      vertex -22.2011 176 -73.8685
      vertex 102.201 176 -73.8685
    endloop
  endfacet
  facet normal 0 1 0
    outer loop
      vertex 100.052 176 -79.8744
      vertex -20.0522 176 -79.8744
      vertex -22.2011 176 -73.8685
    endloop
  endfacet
  facet normal 0 1 -0
    outer loop
      vertex 97.3249 176 -85.6408
      vertex -20.0522 176 -79.8744
      vertex 100.052 176 -79.8744
    endloop
  endfacet
  facet normal 0 1 0
    outer loop
      vertex 97.3249 176 -85.6408
      vertex -17.3249 176 -85.6408
      vertex -20.0522 176 -79.8744
    endloop
  endfacet
  facet normal 0 1 -0
    outer loop
      vertex 94.0455 176 -91.1121
      vertex -17.3249 176 -85.6408
      vertex 97.3249 176 -85.6408
    endloop
  endfacet
  facet normal 0 1 0
    outer loop
      vertex 94.0455 176 -91.1121
      vertex -14.0455 176 -91.1121
      vertex -17.3249 176 -85.6408
    endloop
  endfacet
  facet normal 0 1 -0
    outer loop
      vertex 90.2457 176 -96.2356
      vertex -14.0455 176 -91.1121
      vertex 94.0455 176 -91.1121
    endloop
  endfacet
  facet normal 0 1 0
    outer loop
      vertex 90.2457 176 -96.2356
      vertex -10.2457 176 -96.2356
      vertex -14.0455 176 -91.1121
    endloop
  endfacet
  facet normal 0 1 -0
    outer loop
      vertex 85.9619 176 -100.962
      vertex -10.2457 176 -96.2356
      vertex 90.2457 176 -96.2356
    endloop
  endfacet
  facet normal 0 1 0
    outer loop
      vertex 85.9619 176 -100.962
      vertex -5.96194 176 -100.962
      vertex -10.2457 176 -96.2356
    endloop
  endfacet
  facet normal 0 1 -0
    outer loop
      vertex 81.2356 176 -105.246
      vertex -5.96194 176 -100.962
      vertex 85.9619 176 -100.962
    endloop
  endfacet
  facet normal 0 1 0
    outer loop
      vertex 81.2356 176 -105.246
      vertex -1.23556 176 -105.246
      vertex -5.96194 176 -100.962
    endloop
  endfacet
  facet normal 0 1 -0
    outer loop
      vertex 76.1121 176 -109.046
      vertex -1.23556 176 -105.246
      vertex 81.2356 176 -105.246
    endloop
  endfacet
  facet normal 0 1 0
    outer loop
      vertex 76.1121 176 -109.046
      vertex 3.88793 176 -109.046
      vertex -1.23556 176 -105.246
    endloop
  endfacet
  facet normal 0 1 -0
    outer loop
      vertex 70.6408 176 -112.325
      vertex 3.88793 176 -109.046
      vertex 76.1121 176 -109.046
    endloop
  endfacet
  facet normal 0 1 0
    outer loop
      vertex 70.6408 176 -112.325
      vertex 9.35921 176 -112.325
      vertex 3.88793 176 -109.046
    endloop
  endfacet
  facet normal 0 1 -0
    outer loop
      vertex 64.8744 176 -115.052
      vertex 9.35921 176 -112.325
      vertex 70.6408 176 -112.325
    endloop
  endfacet
  facet normal 0 1 0
    outer loop
      vertex 64.8744 176 -115.052
      vertex 15.1256 176 -115.052
      vertex 9.35921 176 -112.325
    endloop
  endfacet
  facet normal 0 1 -0
    outer loop
      vertex 58.8685 176 -117.201
      vertex 15.1256 176 -115.052
      vertex 64.8744 176 -115.052
    endloop
  endfacet
  facet normal 0 1 0
    outer loop
      vertex 58.8685 176 -117.201
      vertex 21.1315 176 -117.201
      vertex 15.1256 176 -115.052
    endloop
  endfacet
  facet normal 0 1 -0
    outer loop
      vertex 52.6809 176 -118.751
      vertex 21.1315 176 -117.201
      vertex 58.8685 176 -117.201
    endloop
  endfacet
  facet normal 0 1 0
    outer loop
      vertex 52.6809 176 -118.751
      vertex 27.3191 176 -118.751
      vertex 21.1315 176 -117.201
    endloop
  endfacet
  facet normal 0 1 -0
    outer loop
      vertex 46.3711 176 -119.687
      vertex 27.3191 176 -118.751
      vertex 52.6809 176 -118.751
    endloop
  endfacet
  facet normal 0 1 0
    outer loop
      vertex 46.3711 176 -119.687
      vertex 33.6289 176 -119.687
      vertex 27.3191 176 -118.751
    endloop
  endfacet
  facet normal -0 1 0
    outer loop
      vertex 33.6289 176 -119.687
      vertex 46.3711 176 -119.687
      vertex 40 176 -120
    endloop
  endfacet
  facet normal 0.242981 -0 0.970031
    outer loop
      vertex 52.6809 169.504 8.75104
      vertex 58.8685 176 7.20112
      vertex 52.6809 176 8.75104
    endloop
  endfacet
  facet normal 0.242981 0 0.970031
    outer loop
      vertex 58.8685 176 7.20112
      vertex 52.6809 169.504 8.75104
      vertex 58.8685 169.105 7.20112
    endloop
  endfacet
  facet normal -0.970032 0 0.242978
    outer loop
      vertex -23.751 170 -42.3191
      vertex -22.2011 176 -36.1315
      vertex -23.751 176 -42.3191
    endloop
  endfacet
  facet normal -0.970032 0 0.242978
    outer loop
      vertex -22.2011 176 -36.1315
      vertex -23.751 170 -42.3191
      vertex -22.2011 170 -36.1315
    endloop
  endfacet
  facet normal 0.998795 0 -0.0490689
    outer loop
      vertex 105 176 -55
      vertex 104.687 166.149 -61.3711
      vertex 104.687 176 -61.3711
    endloop
  endfacet
  facet normal 0.998795 0 -0.0490689
    outer loop
      vertex 104.687 166.149 -61.3711
      vertex 105 176 -55
      vertex 105 166.129 -55
    endloop
  endfacet
  facet normal -0.427554 0 0.90399
    outer loop
      vertex 9.35921 176 2.32488
      vertex 15.1256 170 5.05217
      vertex 15.1256 176 5.05217
    endloop
  endfacet
  facet normal -0.427554 0 0.90399
    outer loop
      vertex 15.1256 170 5.05217
      vertex 9.35921 176 2.32488
      vertex 9.35921 170 2.32488
    endloop
  endfacet
  facet normal -0.941546 0 -0.336884
    outer loop
      vertex -20.0522 131 -79.8744
      vertex -22.2011 176 -73.8685
      vertex -20.0522 176 -79.8744
    endloop
  endfacet
  facet normal -0.941546 -0 -0.336884
    outer loop
      vertex -22.2011 176 -73.8685
      vertex -20.0522 131 -79.8744
      vertex -22.2011 131 -73.8685
    endloop
  endfacet
  facet normal -0.0490689 0 -0.998795
    outer loop
      vertex 33.6289 131 -119.687
      vertex 40 176 -120
      vertex 40 131 -120
    endloop
  endfacet
  facet normal -0.0490689 0 -0.998795
    outer loop
      vertex 40 176 -120
      vertex 33.6289 131 -119.687
      vertex 33.6289 176 -119.687
    endloop
  endfacet
  facet normal 0.595699 -0 0.803208
    outer loop
      vertex 76.1121 167.993 -0.954474
      vertex 81.2356 176 -4.75432
      vertex 76.1121 176 -0.954474
    endloop
  endfacet
  facet normal 0.595699 0 0.803208
    outer loop
      vertex 81.2356 176 -4.75432
      vertex 76.1121 167.993 -0.954474
      vertex 81.2356 167.662 -4.75432
    endloop
  endfacet
  facet normal 0.970028 0 -0.242993
    outer loop
      vertex 103.751 131 -67.6809
      vertex 102.201 176 -73.8685
      vertex 103.751 176 -67.6809
    endloop
  endfacet
  facet normal 0.970028 0 -0.242993
    outer loop
      vertex 102.201 176 -73.8685
      vertex 103.751 131 -67.6809
      vertex 102.201 131 -73.8685
    endloop
  endfacet
  facet normal 0.803211 0 -0.595695
    outer loop
      vertex 94.0455 131 -91.1121
      vertex 90.2457 176 -96.2356
      vertex 94.0455 176 -91.1121
    endloop
  endfacet
  facet normal 0.803211 0 -0.595695
    outer loop
      vertex 90.2457 176 -96.2356
      vertex 94.0455 131 -91.1121
      vertex 90.2457 131 -96.2356
    endloop
  endfacet
  facet normal 0.740948 0 -0.671562
    outer loop
      vertex 90.2457 131 -96.2356
      vertex 85.9619 176 -100.962
      vertex 90.2457 176 -96.2356
    endloop
  endfacet
  facet normal 0.740948 0 -0.671562
    outer loop
      vertex 85.9619 176 -100.962
      vertex 90.2457 131 -96.2356
      vertex 85.9619 131 -100.962
    endloop
  endfacet
  facet normal 0.941541 0 -0.336897
    outer loop
      vertex 102.201 131 -73.8685
      vertex 100.052 176 -79.8744
      vertex 102.201 176 -73.8685
    endloop
  endfacet
  facet normal 0.941541 0 -0.336897
    outer loop
      vertex 100.052 176 -79.8744
      vertex 102.201 131 -73.8685
      vertex 100.052 131 -79.8744
    endloop
  endfacet
  facet normal 0.671565 -0 0.740946
    outer loop
      vertex 81.2356 167.662 -4.75432
      vertex 85.9619 176 -9.03806
      vertex 81.2356 176 -4.75432
    endloop
  endfacet
  facet normal 0.671565 0 0.740946
    outer loop
      vertex 85.9619 176 -9.03806
      vertex 81.2356 167.662 -4.75432
      vertex 85.9619 167.357 -9.03806
    endloop
  endfacet
  facet normal -0.90399 0 -0.427555
    outer loop
      vertex -17.3249 131 -85.6408
      vertex -20.0522 176 -79.8744
      vertex -17.3249 176 -85.6408
    endloop
  endfacet
  facet normal -0.90399 -0 -0.427555
    outer loop
      vertex -20.0522 176 -79.8744
      vertex -17.3249 131 -85.6408
      vertex -20.0522 131 -79.8744
    endloop
  endfacet
  facet normal -0.514102 0 0.857729
    outer loop
      vertex 3.88793 176 -0.954474
      vertex 9.35921 170 2.32488
      vertex 9.35921 176 2.32488
    endloop
  endfacet
  facet normal -0.514102 0 0.857729
    outer loop
      vertex 9.35921 170 2.32488
      vertex 3.88793 176 -0.954474
      vertex 3.88793 170 -0.954474
    endloop
  endfacet
  facet normal -0.989176 0 0.146735
    outer loop
      vertex -24.687 170 -48.6289
      vertex -23.751 176 -42.3191
      vertex -24.687 176 -48.6289
    endloop
  endfacet
  facet normal -0.989176 0 0.146735
    outer loop
      vertex -23.751 176 -42.3191
      vertex -24.687 170 -48.6289
      vertex -23.751 170 -42.3191
    endloop
  endfacet
  facet normal -0.90399 0 0.427555
    outer loop
      vertex -20.0522 170 -30.1256
      vertex -17.3249 176 -24.3592
      vertex -20.0522 176 -30.1256
    endloop
  endfacet
  facet normal -0.90399 0 0.427555
    outer loop
      vertex -17.3249 176 -24.3592
      vertex -20.0522 170 -30.1256
      vertex -17.3249 170 -24.3592
    endloop
  endfacet
  facet normal 0.514101 -0 0.85773
    outer loop
      vertex 70.6408 168.346 2.32488
      vertex 76.1121 176 -0.954474
      vertex 70.6408 176 2.32488
    endloop
  endfacet
  facet normal 0.514101 0 0.85773
    outer loop
      vertex 76.1121 176 -0.954474
      vertex 70.6408 168.346 2.32488
      vertex 76.1121 167.993 -0.954474
    endloop
  endfacet
  facet normal 0.427553 -0 0.90399
    outer loop
      vertex 64.8744 168.718 5.05217
      vertex 70.6408 176 2.32488
      vertex 64.8744 176 5.05217
    endloop
  endfacet
  facet normal 0.427553 0 0.90399
    outer loop
      vertex 70.6408 176 2.32488
      vertex 64.8744 168.718 5.05217
      vertex 70.6408 168.346 2.32488
    endloop
  endfacet
  facet normal 0.0490693 0 0.998795
    outer loop
      vertex 46.3711 176 9.68701
      vertex 45 170 9.75437
      vertex 46.3711 169.912 9.68701
    endloop
  endfacet
  facet normal 0.0490674 4.36525e-07 0.998795
    outer loop
      vertex 40 176 10
      vertex 45 170 9.75437
      vertex 46.3711 176 9.68701
    endloop
  endfacet
  facet normal 0.0490668 0 0.998795
    outer loop
      vertex 45 170 9.75437
      vertex 40 176 10
      vertex 40 170 10
    endloop
  endfacet
  facet normal -0.740951 0 -0.671559
    outer loop
      vertex -5.96194 131 -100.962
      vertex -10.2457 176 -96.2356
      vertex -5.96194 176 -100.962
    endloop
  endfacet
  facet normal -0.740951 -0 -0.671559
    outer loop
      vertex -10.2457 176 -96.2356
      vertex -5.96194 131 -100.962
      vertex -10.2457 131 -96.2356
    endloop
  endfacet
  facet normal -0.514061 0 -0.857753
    outer loop
      vertex 3.88793 131 -109.046
      vertex 9.35921 176 -112.325
      vertex 9.35921 131 -112.325
    endloop
  endfacet
  facet normal -0.514061 0 -0.857753
    outer loop
      vertex 9.35921 176 -112.325
      vertex 3.88793 131 -109.046
      vertex 3.88793 176 -109.046
    endloop
  endfacet
  facet normal -0.941546 0 0.336884
    outer loop
      vertex -22.2011 170 -36.1315
      vertex -20.0522 176 -30.1256
      vertex -22.2011 176 -36.1315
    endloop
  endfacet
  facet normal -0.941546 0 0.336884
    outer loop
      vertex -20.0522 176 -30.1256
      vertex -22.2011 170 -36.1315
      vertex -20.0522 170 -30.1256
    endloop
  endfacet
  facet normal 0.595715 0 -0.803196
    outer loop
      vertex 76.1121 131 -109.046
      vertex 81.2356 176 -105.246
      vertex 81.2356 131 -105.246
    endloop
  endfacet
  facet normal 0.595715 0 -0.803196
    outer loop
      vertex 81.2356 176 -105.246
      vertex 76.1121 131 -109.046
      vertex 76.1121 176 -109.046
    endloop
  endfacet
  facet normal -0.0490674 0 0.998795
    outer loop
      vertex 33.6289 176 9.68701
      vertex 40 170 10
      vertex 40 176 10
    endloop
  endfacet
  facet normal -0.0490674 0 0.998795
    outer loop
      vertex 40 170 10
      vertex 33.6289 176 9.68701
      vertex 33.6289 170 9.68701
    endloop
  endfacet
  facet normal 0.33689 -0 0.941544
    outer loop
      vertex 58.8685 169.105 7.20112
      vertex 64.8744 176 5.05217
      vertex 58.8685 176 7.20112
    endloop
  endfacet
  facet normal 0.33689 0 0.941544
    outer loop
      vertex 64.8744 176 5.05217
      vertex 58.8685 169.105 7.20112
      vertex 64.8744 168.718 5.05217
    endloop
  endfacet
  facet normal -0.803211 0 -0.595695
    outer loop
      vertex -10.2457 131 -96.2356
      vertex -14.0455 176 -91.1121
      vertex -10.2457 176 -96.2356
    endloop
  endfacet
  facet normal -0.803211 -0 -0.595695
    outer loop
      vertex -14.0455 176 -91.1121
      vertex -10.2457 131 -96.2356
      vertex -14.0455 131 -91.1121
    endloop
  endfacet
  facet normal -0.989176 2.22245e-06 -0.146735
    outer loop
      vertex -23.751 176 -67.6809
      vertex -24.1487 170 -65
      vertex -24.687 176 -61.3711
    endloop
  endfacet
  facet normal -0.989175 0 -0.14674
    outer loop
      vertex -23.751 131 -67.6809
      vertex -24.1487 170 -65
      vertex -23.751 176 -67.6809
    endloop
  endfacet
  facet normal -0.989175 -0 -0.14674
    outer loop
      vertex -24.1487 170 -65
      vertex -23.751 131 -67.6809
      vertex -24.1487 131 -65
    endloop
  endfacet
  facet normal -0.989176 -0 -0.146731
    outer loop
      vertex -24.687 176 -61.3711
      vertex -24.1487 170 -65
      vertex -24.687 170 -61.3711
    endloop
  endfacet
  facet normal 0.740944 -0 0.671567
    outer loop
      vertex 85.9619 167.357 -9.03806
      vertex 90.2457 176 -13.7644
      vertex 85.9619 176 -9.03806
    endloop
  endfacet
  facet normal 0.740944 0 0.671567
    outer loop
      vertex 90.2457 176 -13.7644
      vertex 85.9619 167.357 -9.03806
      vertex 90.2457 167.081 -13.7644
    endloop
  endfacet
  facet normal -0.671581 0 -0.740931
    outer loop
      vertex -5.96194 131 -100.962
      vertex -1.23556 176 -105.246
      vertex -1.23556 131 -105.246
    endloop
  endfacet
  facet normal -0.671581 0 -0.740931
    outer loop
      vertex -1.23556 176 -105.246
      vertex -5.96194 131 -100.962
      vertex -5.96194 176 -100.962
    endloop
  endfacet
  facet normal -0.803211 0 0.595695
    outer loop
      vertex -14.0455 170 -18.8879
      vertex -10.2457 176 -13.7644
      vertex -14.0455 176 -18.8879
    endloop
  endfacet
  facet normal -0.803211 0 0.595695
    outer loop
      vertex -10.2457 176 -13.7644
      vertex -14.0455 170 -18.8879
      vertex -10.2457 170 -13.7644
    endloop
  endfacet
  facet normal 0 -1 0
    outer loop
      vertex -22.2011 131 -73.8685
      vertex -24.1487 131 -65
      vertex -23.751 131 -67.6809
    endloop
  endfacet
  facet normal 0 -1 0
    outer loop
      vertex -24.1487 131 -65
      vertex -22.2011 131 -73.8685
      vertex 104.149 131 -65
    endloop
  endfacet
  facet normal 0 -1 0
    outer loop
      vertex 102.201 131 -73.8685
      vertex 104.149 131 -65
      vertex -22.2011 131 -73.8685
    endloop
  endfacet
  facet normal 0 -1 0
    outer loop
      vertex 104.149 131 -65
      vertex 102.201 131 -73.8685
      vertex 103.751 131 -67.6809
    endloop
  endfacet
  facet normal 0 -1 0
    outer loop
      vertex -20.0522 131 -79.8744
      vertex 102.201 131 -73.8685
      vertex -22.2011 131 -73.8685
    endloop
  endfacet
  facet normal 0 -1 0
    outer loop
      vertex -20.0522 131 -79.8744
      vertex 100.052 131 -79.8744
      vertex 102.201 131 -73.8685
    endloop
  endfacet
  facet normal 0 -1 0
    outer loop
      vertex -17.3249 131 -85.6408
      vertex 100.052 131 -79.8744
      vertex -20.0522 131 -79.8744
    endloop
  endfacet
  facet normal 0 -1 0
    outer loop
      vertex -17.3249 131 -85.6408
      vertex 97.3249 131 -85.6408
      vertex 100.052 131 -79.8744
    endloop
  endfacet
  facet normal 0 -1 0
    outer loop
      vertex -14.0455 131 -91.1121
      vertex 97.3249 131 -85.6408
      vertex -17.3249 131 -85.6408
    endloop
  endfacet
  facet normal 0 -1 0
    outer loop
      vertex -14.0455 131 -91.1121
      vertex 94.0455 131 -91.1121
      vertex 97.3249 131 -85.6408
    endloop
  endfacet
  facet normal 0 -1 0
    outer loop
      vertex -10.2457 131 -96.2356
      vertex 94.0455 131 -91.1121
      vertex -14.0455 131 -91.1121
    endloop
  endfacet
  facet normal 0 -1 0
    outer loop
      vertex -10.2457 131 -96.2356
      vertex 90.2457 131 -96.2356
      vertex 94.0455 131 -91.1121
    endloop
  endfacet
  facet normal 0 -1 0
    outer loop
      vertex -5.96194 131 -100.962
      vertex 90.2457 131 -96.2356
      vertex -10.2457 131 -96.2356
    endloop
  endfacet
  facet normal 0 -1 0
    outer loop
      vertex -5.96194 131 -100.962
      vertex 85.9619 131 -100.962
      vertex 90.2457 131 -96.2356
    endloop
  endfacet
  facet normal 0 -1 0
    outer loop
      vertex -1.23556 131 -105.246
      vertex 85.9619 131 -100.962
      vertex -5.96194 131 -100.962
    endloop
  endfacet
  facet normal 0 -1 0
    outer loop
      vertex -1.23556 131 -105.246
      vertex 81.2356 131 -105.246
      vertex 85.9619 131 -100.962
    endloop
  endfacet
  facet normal 0 -1 0
    outer loop
      vertex 3.88793 131 -109.046
      vertex 81.2356 131 -105.246
      vertex -1.23556 131 -105.246
    endloop
  endfacet
  facet normal 0 -1 0
    outer loop
      vertex 3.88793 131 -109.046
      vertex 76.1121 131 -109.046
      vertex 81.2356 131 -105.246
    endloop
  endfacet
  facet normal 0 -1 0
    outer loop
      vertex 9.35921 131 -112.325
      vertex 76.1121 131 -109.046
      vertex 3.88793 131 -109.046
    endloop
  endfacet
  facet normal 0 -1 0
    outer loop
      vertex 9.35921 131 -112.325
      vertex 70.6408 131 -112.325
      vertex 76.1121 131 -109.046
    endloop
  endfacet
  facet normal 0 -1 0
    outer loop
      vertex 15.1256 131 -115.052
      vertex 70.6408 131 -112.325
      vertex 9.35921 131 -112.325
    endloop
  endfacet
  facet normal 0 -1 0
    outer loop
      vertex 15.1256 131 -115.052
      vertex 64.8744 131 -115.052
      vertex 70.6408 131 -112.325
    endloop
  endfacet
  facet normal 0 -1 0
    outer loop
      vertex 21.1315 131 -117.201
      vertex 64.8744 131 -115.052
      vertex 15.1256 131 -115.052
    endloop
  endfacet
  facet normal 0 -1 0
    outer loop
      vertex 21.1315 131 -117.201
      vertex 58.8685 131 -117.201
      vertex 64.8744 131 -115.052
    endloop
  endfacet
  facet normal 0 -1 0
    outer loop
      vertex 27.3191 131 -118.751
      vertex 58.8685 131 -117.201
      vertex 21.1315 131 -117.201
    endloop
  endfacet
  facet normal 0 -1 0
    outer loop
      vertex 27.3191 131 -118.751
      vertex 52.6809 131 -118.751
      vertex 58.8685 131 -117.201
    endloop
  endfacet
  facet normal 0 -1 0
    outer loop
      vertex 33.6289 131 -119.687
      vertex 52.6809 131 -118.751
      vertex 27.3191 131 -118.751
    endloop
  endfacet
  facet normal 0 -1 0
    outer loop
      vertex 33.6289 131 -119.687
      vertex 46.3711 131 -119.687
      vertex 52.6809 131 -118.751
    endloop
  endfacet
  facet normal -0 -1 0
    outer loop
      vertex 46.3711 131 -119.687
      vertex 33.6289 131 -119.687
      vertex 40 131 -120
    endloop
  endfacet
  facet normal -0.998795 0 0.0490689
    outer loop
      vertex -25 170 -55
      vertex -24.687 176 -48.6289
      vertex -25 176 -55
    endloop
  endfacet
  facet normal -0.998795 0 0.0490689
    outer loop
      vertex -24.687 176 -48.6289
      vertex -25 170 -55
      vertex -24.687 170 -48.6289
    endloop
  endfacet
  facet normal 0.671587 0 -0.740925
    outer loop
      vertex 81.2356 131 -105.246
      vertex 85.9619 176 -100.962
      vertex 85.9619 131 -100.962
    endloop
  endfacet
  facet normal 0.671587 0 -0.740925
    outer loop
      vertex 85.9619 176 -100.962
      vertex 81.2356 131 -105.246
      vertex 81.2356 176 -105.246
    endloop
  endfacet
  facet normal 0.14673 0 0.989177
    outer loop
      vertex 46.3711 -169.912 9.68701
      vertex 52.6809 -176 8.75104
      vertex 52.6809 -169.504 8.75104
    endloop
  endfacet
  facet normal 0.14673 0 0.989177
    outer loop
      vertex 52.6809 -176 8.75104
      vertex 46.3711 -169.912 9.68701
      vertex 46.3711 -176 9.68701
    endloop
  endfacet
  facet normal 0.989176 -0 0.146735
    outer loop
      vertex 103.751 -176 -42.3191
      vertex 104.687 -166.149 -48.6289
      vertex 103.751 -166.21 -42.3191
    endloop
  endfacet
  facet normal 0.989176 0 0.146735
    outer loop
      vertex 104.687 -166.149 -48.6289
      vertex 103.751 -176 -42.3191
      vertex 104.687 -176 -48.6289
    endloop
  endfacet
  facet normal 0.998795 -0 0.0490689
    outer loop
      vertex 104.687 -176 -48.6289
      vertex 105 -166.129 -55
      vertex 104.687 -166.149 -48.6289
    endloop
  endfacet
  facet normal 0.998795 0 0.0490689
    outer loop
      vertex 105 -166.129 -55
      vertex 104.687 -176 -48.6289
      vertex 105 -176 -55
    endloop
  endfacet
  facet normal 0.336897 0 -0.941541
    outer loop
      vertex 58.8685 -176 -117.201
      vertex 64.8744 -131 -115.052
      vertex 64.8744 -176 -115.052
    endloop
  endfacet
  facet normal 0.336897 0 -0.941541
    outer loop
      vertex 64.8744 -131 -115.052
      vertex 58.8685 -176 -117.201
      vertex 58.8685 -131 -117.201
    endloop
  endfacet
  facet normal 0.970028 0 0.242993
    outer loop
      vertex 103.751 -176 -42.3191
      vertex 102.201 -166.31 -36.1315
      vertex 102.201 -176 -36.1315
    endloop
  endfacet
  facet normal 0.970028 0 0.242993
    outer loop
      vertex 102.201 -166.31 -36.1315
      vertex 103.751 -176 -42.3191
      vertex 103.751 -166.21 -42.3191
    endloop
  endfacet
  facet normal 0.904002 0 -0.427529
    outer loop
      vertex 100.052 -176 -79.8744
      vertex 97.3249 -131 -85.6408
      vertex 100.052 -131 -79.8744
    endloop
  endfacet
  facet normal 0.904002 0 -0.427529
    outer loop
      vertex 97.3249 -131 -85.6408
      vertex 100.052 -176 -79.8744
      vertex 97.3249 -176 -85.6408
    endloop
  endfacet
  facet normal -0.336897 0 -0.941541
    outer loop
      vertex 15.1256 -176 -115.052
      vertex 21.1315 -131 -117.201
      vertex 21.1315 -176 -117.201
    endloop
  endfacet
  facet normal -0.336897 0 -0.941541
    outer loop
      vertex 21.1315 -131 -117.201
      vertex 15.1256 -176 -115.052
      vertex 15.1256 -131 -115.052
    endloop
  endfacet
  facet normal 0.242993 0 -0.970028
    outer loop
      vertex 52.6809 -176 -118.751
      vertex 58.8685 -131 -117.201
      vertex 58.8685 -176 -117.201
    endloop
  endfacet
  facet normal 0.242993 0 -0.970028
    outer loop
      vertex 58.8685 -131 -117.201
      vertex 52.6809 -176 -118.751
      vertex 52.6809 -131 -118.751
    endloop
  endfacet
  facet normal -0.740947 0 0.671564
    outer loop
      vertex -10.2457 -176 -13.7644
      vertex -5.96194 -170 -9.03806
      vertex -10.2457 -170 -13.7644
    endloop
  endfacet
  facet normal -0.740947 0 0.671564
    outer loop
      vertex -5.96194 -170 -9.03806
      vertex -10.2457 -176 -13.7644
      vertex -5.96194 -176 -9.03806
    endloop
  endfacet
  facet normal -0.146735 0 -0.989176
    outer loop
      vertex 27.3191 -176 -118.751
      vertex 33.6289 -131 -119.687
      vertex 33.6289 -176 -119.687
    endloop
  endfacet
  facet normal -0.146735 0 -0.989176
    outer loop
      vertex 33.6289 -131 -119.687
      vertex 27.3191 -176 -118.751
      vertex 27.3191 -131 -118.751
    endloop
  endfacet
  facet normal 0.146735 0 -0.989176
    outer loop
      vertex 46.3711 -176 -119.687
      vertex 52.6809 -131 -118.751
      vertex 52.6809 -176 -118.751
    endloop
  endfacet
  facet normal 0.146735 0 -0.989176
    outer loop
      vertex 52.6809 -131 -118.751
      vertex 46.3711 -176 -119.687
      vertex 46.3711 -131 -119.687
    endloop
  endfacet
  facet normal 0.803211 0 0.595695
    outer loop
      vertex 94.0455 -176 -18.8879
      vertex 90.2457 -167.081 -13.7644
      vertex 90.2457 -176 -13.7644
    endloop
  endfacet
  facet normal 0.803211 0 0.595695
    outer loop
      vertex 90.2457 -167.081 -13.7644
      vertex 94.0455 -176 -18.8879
      vertex 94.0455 -166.836 -18.8879
    endloop
  endfacet
  facet normal 0.0490689 0 -0.998795
    outer loop
      vertex 40 -176 -120
      vertex 46.3711 -131 -119.687
      vertex 46.3711 -176 -119.687
    endloop
  endfacet
  facet normal 0.0490689 0 -0.998795
    outer loop
      vertex 46.3711 -131 -119.687
      vertex 40 -176 -120
      vertex 40 -131 -120
    endloop
  endfacet
  facet normal 0.427516 0 -0.904008
    outer loop
      vertex 64.8744 -176 -115.052
      vertex 70.6408 -131 -112.325
      vertex 70.6408 -176 -112.325
    endloop
  endfacet
  facet normal 0.427516 0 -0.904008
    outer loop
      vertex 70.6408 -131 -112.325
      vertex 64.8744 -176 -115.052
      vertex 64.8744 -131 -115.052
    endloop
  endfacet
  facet normal -0.427517 0 -0.904007
    outer loop
      vertex 9.35921 -176 -112.325
      vertex 15.1256 -131 -115.052
      vertex 15.1256 -176 -115.052
    endloop
  endfacet
  facet normal -0.427517 0 -0.904007
    outer loop
      vertex 15.1256 -131 -115.052
      vertex 9.35921 -176 -112.325
      vertex 9.35921 -131 -112.325
    endloop
  endfacet
  facet normal -0.33689 0 0.941544
    outer loop
      vertex 15.1256 -170 5.05217
      vertex 21.1315 -176 7.20112
      vertex 21.1315 -170 7.20112
    endloop
  endfacet
  facet normal -0.33689 0 0.941544
    outer loop
      vertex 21.1315 -176 7.20112
      vertex 15.1256 -170 5.05217
      vertex 15.1256 -176 5.05217
    endloop
  endfacet
  facet normal 0.857727 0 -0.514106
    outer loop
      vertex 97.3249 -176 -85.6408
      vertex 94.0455 -131 -91.1121
      vertex 97.3249 -131 -85.6408
    endloop
  endfacet
  facet normal 0.857727 0 -0.514106
    outer loop
      vertex 94.0455 -131 -91.1121
      vertex 97.3249 -176 -85.6408
      vertex 94.0455 -176 -91.1121
    endloop
  endfacet
  facet normal -0.595716 0 -0.803195
    outer loop
      vertex -1.23556 -176 -105.246
      vertex 3.88793 -131 -109.046
      vertex 3.88793 -176 -109.046
    endloop
  endfacet
  facet normal -0.595716 0 -0.803195
    outer loop
      vertex 3.88793 -131 -109.046
      vertex -1.23556 -176 -105.246
      vertex -1.23556 -131 -105.246
    endloop
  endfacet
  facet normal -0.857727 0 0.514106
    outer loop
      vertex -17.3249 -176 -24.3592
      vertex -14.0455 -170 -18.8879
      vertex -17.3249 -170 -24.3592
    endloop
  endfacet
  facet normal -0.857727 0 0.514106
    outer loop
      vertex -14.0455 -170 -18.8879
      vertex -17.3249 -176 -24.3592
      vertex -14.0455 -176 -18.8879
    endloop
  endfacet
  facet normal 0.941541 0 0.336897
    outer loop
      vertex 102.201 -176 -36.1315
      vertex 100.052 -166.448 -30.1256
      vertex 100.052 -176 -30.1256
    endloop
  endfacet
  facet normal 0.941541 0 0.336897
    outer loop
      vertex 100.052 -166.448 -30.1256
      vertex 102.201 -176 -36.1315
      vertex 102.201 -166.31 -36.1315
    endloop
  endfacet
  facet normal 0.51406 0 -0.857754
    outer loop
      vertex 70.6408 -176 -112.325
      vertex 76.1121 -131 -109.046
      vertex 76.1121 -176 -109.046
    endloop
  endfacet
  facet normal 0.51406 0 -0.857754
    outer loop
      vertex 76.1121 -131 -109.046
      vertex 70.6408 -176 -112.325
      vertex 70.6408 -131 -112.325
    endloop
  endfacet
  facet normal -0.242993 0 -0.970028
    outer loop
      vertex 21.1315 -176 -117.201
      vertex 27.3191 -131 -118.751
      vertex 27.3191 -176 -118.751
    endloop
  endfacet
  facet normal -0.242993 0 -0.970028
    outer loop
      vertex 27.3191 -131 -118.751
      vertex 21.1315 -176 -117.201
      vertex 21.1315 -131 -117.201
    endloop
  endfacet
  facet normal 0.857727 0 0.514106
    outer loop
      vertex 97.3249 -176 -24.3592
      vertex 94.0455 -166.836 -18.8879
      vertex 94.0455 -176 -18.8879
    endloop
  endfacet
  facet normal 0.857727 0 0.514106
    outer loop
      vertex 94.0455 -166.836 -18.8879
      vertex 97.3249 -176 -24.3592
      vertex 97.3249 -166.624 -24.3592
    endloop
  endfacet
  facet normal -0.998795 0 -0.0490689
    outer loop
      vertex -24.687 -176 -61.3711
      vertex -25 -170 -55
      vertex -24.687 -170 -61.3711
    endloop
  endfacet
  facet normal -0.998795 -0 -0.0490689
    outer loop
      vertex -25 -170 -55
      vertex -24.687 -176 -61.3711
      vertex -25 -176 -55
    endloop
  endfacet
  facet normal -0.857727 0 -0.514106
    outer loop
      vertex -14.0455 -176 -91.1121
      vertex -17.3249 -131 -85.6408
      vertex -14.0455 -131 -91.1121
    endloop
  endfacet
  facet normal -0.857727 -0 -0.514106
    outer loop
      vertex -17.3249 -131 -85.6408
      vertex -14.0455 -176 -91.1121
      vertex -17.3249 -176 -85.6408
    endloop
  endfacet
  facet normal 0.904002 0 0.427529
    outer loop
      vertex 100.052 -176 -30.1256
      vertex 97.3249 -166.624 -24.3592
      vertex 97.3249 -176 -24.3592
    endloop
  endfacet
  facet normal 0.904002 0 0.427529
    outer loop
      vertex 97.3249 -166.624 -24.3592
      vertex 100.052 -176 -30.1256
      vertex 100.052 -166.448 -30.1256
    endloop
  endfacet
  facet normal -0.242981 0 0.970031
    outer loop
      vertex 21.1315 -170 7.20112
      vertex 27.3191 -176 8.75104
      vertex 27.3191 -170 8.75104
    endloop
  endfacet
  facet normal -0.242981 0 0.970031
    outer loop
      vertex 27.3191 -176 8.75104
      vertex 21.1315 -170 7.20112
      vertex 21.1315 -176 7.20112
    endloop
  endfacet
  facet normal -0.5957 0 0.803207
    outer loop
      vertex -1.23556 -170 -4.75432
      vertex 3.88793 -176 -0.954474
      vertex 3.88793 -170 -0.954474
    endloop
  endfacet
  facet normal -0.5957 0 0.803207
    outer loop
      vertex 3.88793 -176 -0.954474
      vertex -1.23556 -170 -4.75432
      vertex -1.23556 -176 -4.75432
    endloop
  endfacet
  facet normal -0.970032 0 -0.242978
    outer loop
      vertex -22.2011 -176 -73.8685
      vertex -23.751 -131 -67.6809
      vertex -22.2011 -131 -73.8685
    endloop
  endfacet
  facet normal -0.970032 -0 -0.242978
    outer loop
      vertex -23.751 -131 -67.6809
      vertex -22.2011 -176 -73.8685
      vertex -23.751 -176 -67.6809
    endloop
  endfacet
  facet normal 0.989188 0 -0.146651
    outer loop
      vertex 104.687 -166.149 -61.3711
      vertex 104.687 -176 -61.3711
      vertex 104.149 -166.184 -65
    endloop
  endfacet
  facet normal 0.989159 0 -0.146848
    outer loop
      vertex 104.149 -166.184 -65
      vertex 103.751 -131 -67.6809
      vertex 104.149 -131 -65
    endloop
  endfacet
  facet normal 0.989159 0 -0.146848
    outer loop
      vertex 104.149 -166.184 -65
      vertex 103.751 -176 -67.6809
      vertex 103.751 -131 -67.6809
    endloop
  endfacet
  facet normal 0.989176 -3.159e-05 -0.146735
    outer loop
      vertex 103.751 -176 -67.6809
      vertex 104.149 -166.184 -65
      vertex 104.687 -176 -61.3711
    endloop
  endfacet
  facet normal -0.14673 0 0.989177
    outer loop
      vertex 27.3191 -170 8.75104
      vertex 33.6289 -176 9.68701
      vertex 33.6289 -170 9.68701
    endloop
  endfacet
  facet normal -0.14673 0 0.989177
    outer loop
      vertex 33.6289 -176 9.68701
      vertex 27.3191 -170 8.75104
      vertex 27.3191 -176 8.75104
    endloop
  endfacet
  facet normal -0.671559 0 0.740951
    outer loop
      vertex -5.96194 -170 -9.03806
      vertex -1.23556 -176 -4.75432
      vertex -1.23556 -170 -4.75432
    endloop
  endfacet
  facet normal -0.671559 0 0.740951
    outer loop
      vertex -1.23556 -176 -4.75432
      vertex -5.96194 -170 -9.03806
      vertex -5.96194 -176 -9.03806
    endloop
  endfacet
  facet normal 0 1 0
    outer loop
      vertex 102.201 -131 -73.8685
      vertex 104.149 -131 -65
      vertex 103.751 -131 -67.6809
    endloop
  endfacet
  facet normal 0 1 0
    outer loop
      vertex 104.149 -131 -65
      vertex 102.201 -131 -73.8685
      vertex -24.1487 -131 -65
    endloop
  endfacet
  facet normal 0 1 -0
    outer loop
      vertex -22.2011 -131 -73.8685
      vertex -24.1487 -131 -65
      vertex 102.201 -131 -73.8685
    endloop
  endfacet
  facet normal 0 1 0
    outer loop
      vertex -24.1487 -131 -65
      vertex -22.2011 -131 -73.8685
      vertex -23.751 -131 -67.6809
    endloop
  endfacet
  facet normal 0 1 -0
    outer loop
      vertex 100.052 -131 -79.8744
      vertex -22.2011 -131 -73.8685
      vertex 102.201 -131 -73.8685
    endloop
  endfacet
  facet normal 0 1 0
    outer loop
      vertex 100.052 -131 -79.8744
      vertex -20.0522 -131 -79.8744
      vertex -22.2011 -131 -73.8685
    endloop
  endfacet
  facet normal 0 1 -0
    outer loop
      vertex 97.3249 -131 -85.6408
      vertex -20.0522 -131 -79.8744
      vertex 100.052 -131 -79.8744
    endloop
  endfacet
  facet normal 0 1 0
    outer loop
      vertex 97.3249 -131 -85.6408
      vertex -17.3249 -131 -85.6408
      vertex -20.0522 -131 -79.8744
    endloop
  endfacet
  facet normal 0 1 -0
    outer loop
      vertex 94.0455 -131 -91.1121
      vertex -17.3249 -131 -85.6408
      vertex 97.3249 -131 -85.6408
    endloop
  endfacet
  facet normal 0 1 0
    outer loop
      vertex 94.0455 -131 -91.1121
      vertex -14.0455 -131 -91.1121
      vertex -17.3249 -131 -85.6408
    endloop
  endfacet
  facet normal 0 1 -0
    outer loop
      vertex 90.2457 -131 -96.2356
      vertex -14.0455 -131 -91.1121
      vertex 94.0455 -131 -91.1121
    endloop
  endfacet
  facet normal 0 1 0
    outer loop
      vertex 90.2457 -131 -96.2356
      vertex -10.2457 -131 -96.2356
      vertex -14.0455 -131 -91.1121
    endloop
  endfacet
  facet normal 0 1 -0
    outer loop
      vertex 85.9619 -131 -100.962
      vertex -10.2457 -131 -96.2356
      vertex 90.2457 -131 -96.2356
    endloop
  endfacet
  facet normal 0 1 0
    outer loop
      vertex 85.9619 -131 -100.962
      vertex -5.96194 -131 -100.962
      vertex -10.2457 -131 -96.2356
    endloop
  endfacet
  facet normal 0 1 -0
    outer loop
      vertex 81.2356 -131 -105.246
      vertex -5.96194 -131 -100.962
      vertex 85.9619 -131 -100.962
    endloop
  endfacet
  facet normal 0 1 0
    outer loop
      vertex 81.2356 -131 -105.246
      vertex -1.23556 -131 -105.246
      vertex -5.96194 -131 -100.962
    endloop
  endfacet
  facet normal 0 1 -0
    outer loop
      vertex 76.1121 -131 -109.046
      vertex -1.23556 -131 -105.246
      vertex 81.2356 -131 -105.246
    endloop
  endfacet
  facet normal 0 1 0
    outer loop
      vertex 76.1121 -131 -109.046
      vertex 3.88793 -131 -109.046
      vertex -1.23556 -131 -105.246
    endloop
  endfacet
  facet normal 0 1 -0
    outer loop
      vertex 70.6408 -131 -112.325
      vertex 3.88793 -131 -109.046
      vertex 76.1121 -131 -109.046
    endloop
  endfacet
  facet normal 0 1 0
    outer loop
      vertex 70.6408 -131 -112.325
      vertex 9.35921 -131 -112.325
      vertex 3.88793 -131 -109.046
    endloop
  endfacet
  facet normal 0 1 -0
    outer loop
      vertex 64.8744 -131 -115.052
      vertex 9.35921 -131 -112.325
      vertex 70.6408 -131 -112.325
    endloop
  endfacet
  facet normal 0 1 0
    outer loop
      vertex 64.8744 -131 -115.052
      vertex 15.1256 -131 -115.052
      vertex 9.35921 -131 -112.325
    endloop
  endfacet
  facet normal 0 1 -0
    outer loop
      vertex 58.8685 -131 -117.201
      vertex 15.1256 -131 -115.052
      vertex 64.8744 -131 -115.052
    endloop
  endfacet
  facet normal 0 1 0
    outer loop
      vertex 58.8685 -131 -117.201
      vertex 21.1315 -131 -117.201
      vertex 15.1256 -131 -115.052
    endloop
  endfacet
  facet normal 0 1 -0
    outer loop
      vertex 52.6809 -131 -118.751
      vertex 21.1315 -131 -117.201
      vertex 58.8685 -131 -117.201
    endloop
  endfacet
  facet normal 0 1 0
    outer loop
      vertex 52.6809 -131 -118.751
      vertex 27.3191 -131 -118.751
      vertex 21.1315 -131 -117.201
    endloop
  endfacet
  facet normal 0 1 -0
    outer loop
      vertex 46.3711 -131 -119.687
      vertex 27.3191 -131 -118.751
      vertex 52.6809 -131 -118.751
    endloop
  endfacet
  facet normal 0 1 0
    outer loop
      vertex 46.3711 -131 -119.687
      vertex 33.6289 -131 -119.687
      vertex 27.3191 -131 -118.751
    endloop
  endfacet
  facet normal -0 1 0
    outer loop
      vertex 33.6289 -131 -119.687
      vertex 46.3711 -131 -119.687
      vertex 40 -131 -120
    endloop
  endfacet
  facet normal 0.242981 0 0.970031
    outer loop
      vertex 52.6809 -169.504 8.75104
      vertex 58.8685 -176 7.20112
      vertex 58.8685 -169.105 7.20112
    endloop
  endfacet
  facet normal 0.242981 0 0.970031
    outer loop
      vertex 58.8685 -176 7.20112
      vertex 52.6809 -169.504 8.75104
      vertex 52.6809 -176 8.75104
    endloop
  endfacet
  facet normal -0.970032 0 0.242978
    outer loop
      vertex -23.751 -176 -42.3191
      vertex -22.2011 -170 -36.1315
      vertex -23.751 -170 -42.3191
    endloop
  endfacet
  facet normal -0.970032 0 0.242978
    outer loop
      vertex -22.2011 -170 -36.1315
      vertex -23.751 -176 -42.3191
      vertex -22.2011 -176 -36.1315
    endloop
  endfacet
  facet normal 0.998795 0 -0.0490689
    outer loop
      vertex 105 -176 -55
      vertex 104.687 -166.149 -61.3711
      vertex 105 -166.129 -55
    endloop
  endfacet
  facet normal 0.998795 0 -0.0490689
    outer loop
      vertex 104.687 -166.149 -61.3711
      vertex 105 -176 -55
      vertex 104.687 -176 -61.3711
    endloop
  endfacet
  facet normal -0.427554 0 0.90399
    outer loop
      vertex 9.35921 -170 2.32488
      vertex 15.1256 -176 5.05217
      vertex 15.1256 -170 5.05217
    endloop
  endfacet
  facet normal -0.427554 0 0.90399
    outer loop
      vertex 15.1256 -176 5.05217
      vertex 9.35921 -170 2.32488
      vertex 9.35921 -176 2.32488
    endloop
  endfacet
  facet normal -0.941546 0 -0.336884
    outer loop
      vertex -20.0522 -176 -79.8744
      vertex -22.2011 -131 -73.8685
      vertex -20.0522 -131 -79.8744
    endloop
  endfacet
  facet normal -0.941546 -0 -0.336884
    outer loop
      vertex -22.2011 -131 -73.8685
      vertex -20.0522 -176 -79.8744
      vertex -22.2011 -176 -73.8685
    endloop
  endfacet
  facet normal -0.0490689 0 -0.998795
    outer loop
      vertex 33.6289 -176 -119.687
      vertex 40 -131 -120
      vertex 40 -176 -120
    endloop
  endfacet
  facet normal -0.0490689 0 -0.998795
    outer loop
      vertex 40 -131 -120
      vertex 33.6289 -176 -119.687
      vertex 33.6289 -131 -119.687
    endloop
  endfacet
  facet normal 0.595699 0 0.803208
    outer loop
      vertex 76.1121 -167.993 -0.954474
      vertex 81.2356 -176 -4.75432
      vertex 81.2356 -167.662 -4.75432
    endloop
  endfacet
  facet normal 0.595699 0 0.803208
    outer loop
      vertex 81.2356 -176 -4.75432
      vertex 76.1121 -167.993 -0.954474
      vertex 76.1121 -176 -0.954474
    endloop
  endfacet
  facet normal 0.970028 0 -0.242993
    outer loop
      vertex 103.751 -176 -67.6809
      vertex 102.201 -131 -73.8685
      vertex 103.751 -131 -67.6809
    endloop
  endfacet
  facet normal 0.970028 0 -0.242993
    outer loop
      vertex 102.201 -131 -73.8685
      vertex 103.751 -176 -67.6809
      vertex 102.201 -176 -73.8685
    endloop
  endfacet
  facet normal 0.803211 0 -0.595695
    outer loop
      vertex 94.0455 -176 -91.1121
      vertex 90.2457 -131 -96.2356
      vertex 94.0455 -131 -91.1121
    endloop
  endfacet
  facet normal 0.803211 0 -0.595695
    outer loop
      vertex 90.2457 -131 -96.2356
      vertex 94.0455 -176 -91.1121
      vertex 90.2457 -176 -96.2356
    endloop
  endfacet
  facet normal 0.740948 0 -0.671562
    outer loop
      vertex 90.2457 -176 -96.2356
      vertex 85.9619 -131 -100.962
      vertex 90.2457 -131 -96.2356
    endloop
  endfacet
  facet normal 0.740948 0 -0.671562
    outer loop
      vertex 85.9619 -131 -100.962
      vertex 90.2457 -176 -96.2356
      vertex 85.9619 -176 -100.962
    endloop
  endfacet
  facet normal 0.941541 0 -0.336897
    outer loop
      vertex 102.201 -176 -73.8685
      vertex 100.052 -131 -79.8744
      vertex 102.201 -131 -73.8685
    endloop
  endfacet
  facet normal 0.941541 0 -0.336897
    outer loop
      vertex 100.052 -131 -79.8744
      vertex 102.201 -176 -73.8685
      vertex 100.052 -176 -79.8744
    endloop
  endfacet
  facet normal 0.671565 0 0.740946
    outer loop
      vertex 81.2356 -167.662 -4.75432
      vertex 85.9619 -176 -9.03806
      vertex 85.9619 -167.357 -9.03806
    endloop
  endfacet
  facet normal 0.671565 0 0.740946
    outer loop
      vertex 85.9619 -176 -9.03806
      vertex 81.2356 -167.662 -4.75432
      vertex 81.2356 -176 -4.75432
    endloop
  endfacet
  facet normal -0.90399 0 -0.427555
    outer loop
      vertex -17.3249 -176 -85.6408
      vertex -20.0522 -131 -79.8744
      vertex -17.3249 -131 -85.6408
    endloop
  endfacet
  facet normal -0.90399 -0 -0.427555
    outer loop
      vertex -20.0522 -131 -79.8744
      vertex -17.3249 -176 -85.6408
      vertex -20.0522 -176 -79.8744
    endloop
  endfacet
  facet normal -0.514102 0 0.857729
    outer loop
      vertex 3.88793 -170 -0.954474
      vertex 9.35921 -176 2.32488
      vertex 9.35921 -170 2.32488
    endloop
  endfacet
  facet normal -0.514102 0 0.857729
    outer loop
      vertex 9.35921 -176 2.32488
      vertex 3.88793 -170 -0.954474
      vertex 3.88793 -176 -0.954474
    endloop
  endfacet
  facet normal -0.989176 0 0.146735
    outer loop
      vertex -24.687 -176 -48.6289
      vertex -23.751 -170 -42.3191
      vertex -24.687 -170 -48.6289
    endloop
  endfacet
  facet normal -0.989176 0 0.146735
    outer loop
      vertex -23.751 -170 -42.3191
      vertex -24.687 -176 -48.6289
      vertex -23.751 -176 -42.3191
    endloop
  endfacet
  facet normal -0.90399 0 0.427555
    outer loop
      vertex -20.0522 -176 -30.1256
      vertex -17.3249 -170 -24.3592
      vertex -20.0522 -170 -30.1256
    endloop
  endfacet
  facet normal -0.90399 0 0.427555
    outer loop
      vertex -17.3249 -170 -24.3592
      vertex -20.0522 -176 -30.1256
      vertex -17.3249 -176 -24.3592
    endloop
  endfacet
  facet normal 0.514101 0 0.85773
    outer loop
      vertex 70.6408 -168.346 2.32488
      vertex 76.1121 -176 -0.954474
      vertex 76.1121 -167.993 -0.954474
    endloop
  endfacet
  facet normal 0.514101 0 0.85773
    outer loop
      vertex 76.1121 -176 -0.954474
      vertex 70.6408 -168.346 2.32488
      vertex 70.6408 -176 2.32488
    endloop
  endfacet
  facet normal 0.427553 0 0.90399
    outer loop
      vertex 64.8744 -168.718 5.05217
      vertex 70.6408 -176 2.32488
      vertex 70.6408 -168.346 2.32488
    endloop
  endfacet
  facet normal 0.427553 0 0.90399
    outer loop
      vertex 70.6408 -176 2.32488
      vertex 64.8744 -168.718 5.05217
      vertex 64.8744 -176 5.05217
    endloop
  endfacet
  facet normal 0.0490693 0 0.998795
    outer loop
      vertex 45 -170 9.75437
      vertex 46.3711 -176 9.68701
      vertex 46.3711 -169.912 9.68701
    endloop
  endfacet
  facet normal 0.0490668 -0 0.998795
    outer loop
      vertex 40 -176 10
      vertex 45 -170 9.75437
      vertex 40 -170 10
    endloop
  endfacet
  facet normal 0.0490674 -4.36525e-07 0.998795
    outer loop
      vertex 45 -170 9.75437
      vertex 40 -176 10
      vertex 46.3711 -176 9.68701
    endloop
  endfacet
  facet normal -0.740951 0 -0.671559
    outer loop
      vertex -5.96194 -176 -100.962
      vertex -10.2457 -131 -96.2356
      vertex -5.96194 -131 -100.962
    endloop
  endfacet
  facet normal -0.740951 -0 -0.671559
    outer loop
      vertex -10.2457 -131 -96.2356
      vertex -5.96194 -176 -100.962
      vertex -10.2457 -176 -96.2356
    endloop
  endfacet
  facet normal -0.514061 0 -0.857753
    outer loop
      vertex 3.88793 -176 -109.046
      vertex 9.35921 -131 -112.325
      vertex 9.35921 -176 -112.325
    endloop
  endfacet
  facet normal -0.514061 0 -0.857753
    outer loop
      vertex 9.35921 -131 -112.325
      vertex 3.88793 -176 -109.046
      vertex 3.88793 -131 -109.046
    endloop
  endfacet
  facet normal -0.941546 0 0.336884
    outer loop
      vertex -22.2011 -176 -36.1315
      vertex -20.0522 -170 -30.1256
      vertex -22.2011 -170 -36.1315
    endloop
  endfacet
  facet normal -0.941546 0 0.336884
    outer loop
      vertex -20.0522 -170 -30.1256
      vertex -22.2011 -176 -36.1315
      vertex -20.0522 -176 -30.1256
    endloop
  endfacet
  facet normal 0.595715 0 -0.803196
    outer loop
      vertex 76.1121 -176 -109.046
      vertex 81.2356 -131 -105.246
      vertex 81.2356 -176 -105.246
    endloop
  endfacet
  facet normal 0.595715 0 -0.803196
    outer loop
      vertex 81.2356 -131 -105.246
      vertex 76.1121 -176 -109.046
      vertex 76.1121 -131 -109.046
    endloop
  endfacet
  facet normal -0.0490674 0 0.998795
    outer loop
      vertex 33.6289 -170 9.68701
      vertex 40 -176 10
      vertex 40 -170 10
    endloop
  endfacet
  facet normal -0.0490674 0 0.998795
    outer loop
      vertex 40 -176 10
      vertex 33.6289 -170 9.68701
      vertex 33.6289 -176 9.68701
    endloop
  endfacet
  facet normal 0.33689 0 0.941544
    outer loop
      vertex 58.8685 -169.105 7.20112
      vertex 64.8744 -176 5.05217
      vertex 64.8744 -168.718 5.05217
    endloop
  endfacet
  facet normal 0.33689 0 0.941544
    outer loop
      vertex 64.8744 -176 5.05217
      vertex 58.8685 -169.105 7.20112
      vertex 58.8685 -176 7.20112
    endloop
  endfacet
  facet normal -0.803211 0 -0.595695
    outer loop
      vertex -10.2457 -176 -96.2356
      vertex -14.0455 -131 -91.1121
      vertex -10.2457 -131 -96.2356
    endloop
  endfacet
  facet normal -0.803211 -0 -0.595695
    outer loop
      vertex -14.0455 -131 -91.1121
      vertex -10.2457 -176 -96.2356
      vertex -14.0455 -176 -91.1121
    endloop
  endfacet
  facet normal -0.989175 0 -0.14674
    outer loop
      vertex -23.751 -131 -67.6809
      vertex -24.1487 -170 -65
      vertex -24.1487 -131 -65
    endloop
  endfacet
  facet normal -0.989175 0 -0.14674
    outer loop
      vertex -23.751 -176 -67.6809
      vertex -24.1487 -170 -65
      vertex -23.751 -131 -67.6809
    endloop
  endfacet
  facet normal -0.989176 -2.22245e-06 -0.146735
    outer loop
      vertex -24.687 -176 -61.3711
      vertex -24.1487 -170 -65
      vertex -23.751 -176 -67.6809
    endloop
  endfacet
  facet normal -0.989176 0 -0.146731
    outer loop
      vertex -24.1487 -170 -65
      vertex -24.687 -176 -61.3711
      vertex -24.687 -170 -61.3711
    endloop
  endfacet
  facet normal 0.740944 0 0.671567
    outer loop
      vertex 90.2457 -176 -13.7644
      vertex 85.9619 -167.357 -9.03806
      vertex 85.9619 -176 -9.03806
    endloop
  endfacet
  facet normal 0.740944 0 0.671567
    outer loop
      vertex 85.9619 -167.357 -9.03806
      vertex 90.2457 -176 -13.7644
      vertex 90.2457 -167.081 -13.7644
    endloop
  endfacet
  facet normal -0.671581 0 -0.740931
    outer loop
      vertex -5.96194 -176 -100.962
      vertex -1.23556 -131 -105.246
      vertex -1.23556 -176 -105.246
    endloop
  endfacet
  facet normal -0.671581 0 -0.740931
    outer loop
      vertex -1.23556 -131 -105.246
      vertex -5.96194 -176 -100.962
      vertex -5.96194 -131 -100.962
    endloop
  endfacet
  facet normal -0.803211 0 0.595695
    outer loop
      vertex -14.0455 -176 -18.8879
      vertex -10.2457 -170 -13.7644
      vertex -14.0455 -170 -18.8879
    endloop
  endfacet
  facet normal -0.803211 0 0.595695
    outer loop
      vertex -10.2457 -170 -13.7644
      vertex -14.0455 -176 -18.8879
      vertex -10.2457 -176 -13.7644
    endloop
  endfacet
  facet normal 0 -1 0
    outer loop
      vertex 33.6289 -176 9.68701
      vertex 46.3711 -176 9.68701
      vertex 40 -176 10
    endloop
  endfacet
  facet normal 0 -1 0
    outer loop
      vertex 27.3191 -176 8.75104
      vertex 46.3711 -176 9.68701
      vertex 33.6289 -176 9.68701
    endloop
  endfacet
  facet normal 0 -1 0
    outer loop
      vertex 27.3191 -176 8.75104
      vertex 52.6809 -176 8.75104
      vertex 46.3711 -176 9.68701
    endloop
  endfacet
  facet normal 0 -1 0
    outer loop
      vertex 21.1315 -176 7.20112
      vertex 52.6809 -176 8.75104
      vertex 27.3191 -176 8.75104
    endloop
  endfacet
  facet normal 0 -1 0
    outer loop
      vertex 21.1315 -176 7.20112
      vertex 58.8685 -176 7.20112
      vertex 52.6809 -176 8.75104
    endloop
  endfacet
  facet normal 0 -1 0
    outer loop
      vertex 15.1256 -176 5.05217
      vertex 58.8685 -176 7.20112
      vertex 21.1315 -176 7.20112
    endloop
  endfacet
  facet normal 0 -1 0
    outer loop
      vertex 15.1256 -176 5.05217
      vertex 64.8744 -176 5.05217
      vertex 58.8685 -176 7.20112
    endloop
  endfacet
  facet normal 0 -1 0
    outer loop
      vertex 9.35921 -176 2.32488
      vertex 64.8744 -176 5.05217
      vertex 15.1256 -176 5.05217
    endloop
  endfacet
  facet normal 0 -1 0
    outer loop
      vertex 9.35921 -176 2.32488
      vertex 70.6408 -176 2.32488
      vertex 64.8744 -176 5.05217
    endloop
  endfacet
  facet normal 0 -1 0
    outer loop
      vertex 3.88793 -176 -0.954474
      vertex 70.6408 -176 2.32488
      vertex 9.35921 -176 2.32488
    endloop
  endfacet
  facet normal 0 -1 0
    outer loop
      vertex 3.88793 -176 -0.954474
      vertex 76.1121 -176 -0.954474
      vertex 70.6408 -176 2.32488
    endloop
  endfacet
  facet normal 0 -1 0
    outer loop
      vertex -1.23556 -176 -4.75432
      vertex 76.1121 -176 -0.954474
      vertex 3.88793 -176 -0.954474
    endloop
  endfacet
  facet normal 0 -1 0
    outer loop
      vertex -1.23556 -176 -4.75432
      vertex 81.2356 -176 -4.75432
      vertex 76.1121 -176 -0.954474
    endloop
  endfacet
  facet normal 0 -1 0
    outer loop
      vertex -5.96194 -176 -9.03806
      vertex 81.2356 -176 -4.75432
      vertex -1.23556 -176 -4.75432
    endloop
  endfacet
  facet normal 0 -1 0
    outer loop
      vertex -5.96194 -176 -9.03806
      vertex 85.9619 -176 -9.03806
      vertex 81.2356 -176 -4.75432
    endloop
  endfacet
  facet normal 0 -1 0
    outer loop
      vertex -10.2457 -176 -13.7644
      vertex 85.9619 -176 -9.03806
      vertex -5.96194 -176 -9.03806
    endloop
  endfacet
  facet normal 0 -1 0
    outer loop
      vertex -10.2457 -176 -13.7644
      vertex 90.2457 -176 -13.7644
      vertex 85.9619 -176 -9.03806
    endloop
  endfacet
  facet normal 0 -1 0
    outer loop
      vertex -14.0455 -176 -18.8879
      vertex 90.2457 -176 -13.7644
      vertex -10.2457 -176 -13.7644
    endloop
  endfacet
  facet normal 0 -1 0
    outer loop
      vertex -14.0455 -176 -18.8879
      vertex 94.0455 -176 -18.8879
      vertex 90.2457 -176 -13.7644
    endloop
  endfacet
  facet normal 0 -1 0
    outer loop
      vertex -17.3249 -176 -24.3592
      vertex 94.0455 -176 -18.8879
      vertex -14.0455 -176 -18.8879
    endloop
  endfacet
  facet normal 0 -1 0
    outer loop
      vertex -17.3249 -176 -24.3592
      vertex 97.3249 -176 -24.3592
      vertex 94.0455 -176 -18.8879
    endloop
  endfacet
  facet normal 0 -1 0
    outer loop
      vertex -20.0522 -176 -30.1256
      vertex 97.3249 -176 -24.3592
      vertex -17.3249 -176 -24.3592
    endloop
  endfacet
  facet normal 0 -1 0
    outer loop
      vertex -20.0522 -176 -30.1256
      vertex 100.052 -176 -30.1256
      vertex 97.3249 -176 -24.3592
    endloop
  endfacet
  facet normal 0 -1 0
    outer loop
      vertex -22.2011 -176 -36.1315
      vertex 100.052 -176 -30.1256
      vertex -20.0522 -176 -30.1256
    endloop
  endfacet
  facet normal 0 -1 0
    outer loop
      vertex -22.2011 -176 -36.1315
      vertex 102.201 -176 -36.1315
      vertex 100.052 -176 -30.1256
    endloop
  endfacet
  facet normal 0 -1 0
    outer loop
      vertex -23.751 -176 -42.3191
      vertex 102.201 -176 -36.1315
      vertex -22.2011 -176 -36.1315
    endloop
  endfacet
  facet normal 0 -1 0
    outer loop
      vertex -23.751 -176 -42.3191
      vertex 103.751 -176 -42.3191
      vertex 102.201 -176 -36.1315
    endloop
  endfacet
  facet normal 0 -1 0
    outer loop
      vertex -24.687 -176 -48.6289
      vertex 103.751 -176 -42.3191
      vertex -23.751 -176 -42.3191
    endloop
  endfacet
  facet normal 0 -1 0
    outer loop
      vertex -24.687 -176 -48.6289
      vertex 104.687 -176 -48.6289
      vertex 103.751 -176 -42.3191
    endloop
  endfacet
  facet normal 0 -1 0
    outer loop
      vertex -25 -176 -55
      vertex 104.687 -176 -48.6289
      vertex -24.687 -176 -48.6289
    endloop
  endfacet
  facet normal 0 -1 0
    outer loop
      vertex -25 -176 -55
      vertex 105 -176 -55
      vertex 104.687 -176 -48.6289
    endloop
  endfacet
  facet normal 0 -1 0
    outer loop
      vertex -24.687 -176 -61.3711
      vertex 105 -176 -55
      vertex -25 -176 -55
    endloop
  endfacet
  facet normal 0 -1 0
    outer loop
      vertex -24.687 -176 -61.3711
      vertex 104.687 -176 -61.3711
      vertex 105 -176 -55
    endloop
  endfacet
  facet normal 0 -1 0
    outer loop
      vertex -23.751 -176 -67.6809
      vertex 104.687 -176 -61.3711
      vertex -24.687 -176 -61.3711
    endloop
  endfacet
  facet normal 0 -1 0
    outer loop
      vertex -23.751 -176 -67.6809
      vertex 103.751 -176 -67.6809
      vertex 104.687 -176 -61.3711
    endloop
  endfacet
  facet normal 0 -1 0
    outer loop
      vertex -22.2011 -176 -73.8685
      vertex 103.751 -176 -67.6809
      vertex -23.751 -176 -67.6809
    endloop
  endfacet
  facet normal 0 -1 0
    outer loop
      vertex -22.2011 -176 -73.8685
      vertex 102.201 -176 -73.8685
      vertex 103.751 -176 -67.6809
    endloop
  endfacet
  facet normal 0 -1 0
    outer loop
      vertex -20.0522 -176 -79.8744
      vertex 102.201 -176 -73.8685
      vertex -22.2011 -176 -73.8685
    endloop
  endfacet
  facet normal 0 -1 0
    outer loop
      vertex -20.0522 -176 -79.8744
      vertex 100.052 -176 -79.8744
      vertex 102.201 -176 -73.8685
    endloop
  endfacet
  facet normal 0 -1 0
    outer loop
      vertex -17.3249 -176 -85.6408
      vertex 100.052 -176 -79.8744
      vertex -20.0522 -176 -79.8744
    endloop
  endfacet
  facet normal 0 -1 0
    outer loop
      vertex -17.3249 -176 -85.6408
      vertex 97.3249 -176 -85.6408
      vertex 100.052 -176 -79.8744
    endloop
  endfacet
  facet normal 0 -1 0
    outer loop
      vertex -14.0455 -176 -91.1121
      vertex 97.3249 -176 -85.6408
      vertex -17.3249 -176 -85.6408
    endloop
  endfacet
  facet normal 0 -1 0
    outer loop
      vertex -14.0455 -176 -91.1121
      vertex 94.0455 -176 -91.1121
      vertex 97.3249 -176 -85.6408
    endloop
  endfacet
  facet normal 0 -1 0
    outer loop
      vertex -10.2457 -176 -96.2356
      vertex 94.0455 -176 -91.1121
      vertex -14.0455 -176 -91.1121
    endloop
  endfacet
  facet normal 0 -1 0
    outer loop
      vertex -10.2457 -176 -96.2356
      vertex 90.2457 -176 -96.2356
      vertex 94.0455 -176 -91.1121
    endloop
  endfacet
  facet normal 0 -1 0
    outer loop
      vertex -5.96194 -176 -100.962
      vertex 90.2457 -176 -96.2356
      vertex -10.2457 -176 -96.2356
    endloop
  endfacet
  facet normal 0 -1 0
    outer loop
      vertex -5.96194 -176 -100.962
      vertex 85.9619 -176 -100.962
      vertex 90.2457 -176 -96.2356
    endloop
  endfacet
  facet normal 0 -1 0
    outer loop
      vertex -1.23556 -176 -105.246
      vertex 85.9619 -176 -100.962
      vertex -5.96194 -176 -100.962
    endloop
  endfacet
  facet normal 0 -1 0
    outer loop
      vertex -1.23556 -176 -105.246
      vertex 81.2356 -176 -105.246
      vertex 85.9619 -176 -100.962
    endloop
  endfacet
  facet normal 0 -1 0
    outer loop
      vertex 3.88793 -176 -109.046
      vertex 81.2356 -176 -105.246
      vertex -1.23556 -176 -105.246
    endloop
  endfacet
  facet normal 0 -1 0
    outer loop
      vertex 3.88793 -176 -109.046
      vertex 76.1121 -176 -109.046
      vertex 81.2356 -176 -105.246
    endloop
  endfacet
  facet normal 0 -1 0
    outer loop
      vertex 9.35921 -176 -112.325
      vertex 76.1121 -176 -109.046
      vertex 3.88793 -176 -109.046
    endloop
  endfacet
  facet normal 0 -1 0
    outer loop
      vertex 9.35921 -176 -112.325
      vertex 70.6408 -176 -112.325
      vertex 76.1121 -176 -109.046
    endloop
  endfacet
  facet normal 0 -1 0
    outer loop
      vertex 15.1256 -176 -115.052
      vertex 70.6408 -176 -112.325
      vertex 9.35921 -176 -112.325
    endloop
  endfacet
  facet normal 0 -1 0
    outer loop
      vertex 15.1256 -176 -115.052
      vertex 64.8744 -176 -115.052
      vertex 70.6408 -176 -112.325
    endloop
  endfacet
  facet normal 0 -1 0
    outer loop
      vertex 21.1315 -176 -117.201
      vertex 64.8744 -176 -115.052
      vertex 15.1256 -176 -115.052
    endloop
  endfacet
  facet normal 0 -1 0
    outer loop
      vertex 21.1315 -176 -117.201
      vertex 58.8685 -176 -117.201
      vertex 64.8744 -176 -115.052
    endloop
  endfacet
  facet normal 0 -1 0
    outer loop
      vertex 27.3191 -176 -118.751
      vertex 58.8685 -176 -117.201
      vertex 21.1315 -176 -117.201
    endloop
  endfacet
  facet normal 0 -1 0
    outer loop
      vertex 27.3191 -176 -118.751
      vertex 52.6809 -176 -118.751
      vertex 58.8685 -176 -117.201
    endloop
  endfacet
  facet normal 0 -1 0
    outer loop
      vertex 33.6289 -176 -119.687
      vertex 52.6809 -176 -118.751
      vertex 27.3191 -176 -118.751
    endloop
  endfacet
  facet normal 0 -1 0
    outer loop
      vertex 33.6289 -176 -119.687
      vertex 46.3711 -176 -119.687
      vertex 52.6809 -176 -118.751
    endloop
  endfacet
  facet normal -0 -1 0
    outer loop
      vertex 46.3711 -176 -119.687
      vertex 33.6289 -176 -119.687
      vertex 40 -176 -120
    endloop
  endfacet
  facet normal -0.998795 0 0.0490689
    outer loop
      vertex -25 -176 -55
      vertex -24.687 -170 -48.6289
      vertex -25 -170 -55
    endloop
  endfacet
  facet normal -0.998795 0 0.0490689
    outer loop
      vertex -24.687 -170 -48.6289
      vertex -25 -176 -55
      vertex -24.687 -176 -48.6289
    endloop
  endfacet
  facet normal 0.671587 0 -0.740925
    outer loop
      vertex 81.2356 -176 -105.246
      vertex 85.9619 -131 -100.962
      vertex 85.9619 -176 -100.962
    endloop
  endfacet
  facet normal 0.671587 0 -0.740925
    outer loop
      vertex 85.9619 -131 -100.962
      vertex 81.2356 -176 -105.246
      vertex 81.2356 -131 -105.246
    endloop
  endfacet
endsolid OpenSCAD_Model
