solid OpenSCAD_Model
  facet normal -1 0 0
    outer loop
      vertex 261 -152.889 -59.1111
      vertex 261 -147 -58.6389
      vertex 261 -147 -59.1111
    endloop
  endfacet
  facet normal -1 -0 0
    outer loop
      vertex 261 -147 -58.6389
      vertex 261 -152.889 -59.1111
      vertex 261 -152.889 -58.6389
    endloop
  endfacet
  facet normal -1 0 0
    outer loop
      vertex 261 -152.889 -54.3611
      vertex 261 -147 -36.8889
      vertex 261 -147 -54.3611
    endloop
  endfacet
  facet normal -1 -0 0
    outer loop
      vertex 261 -147 -36.8889
      vertex 261 -152.889 -54.3611
      vertex 261 -152.889 -36.8889
    endloop
  endfacet
  facet normal 0 -1 0
    outer loop
      vertex 189 -147 -53
      vertex 181 -147 60
      vertex 179 -147 60
    endloop
  endfacet
  facet normal 0 -1 0
    outer loop
      vertex 181 -147 60
      vertex 189 -147 -53
      vertex 191 -147 -53
    endloop
  endfacet
  facet normal 0 -1 0
    outer loop
      vertex 179 -147 -55
      vertex 189 -147 -53
      vertex 179 -147 60
    endloop
  endfacet
  facet normal 0 -1 -0
    outer loop
      vertex 189 -147 -53
      vertex 179 -147 -55
      vertex 189 -147 -55
    endloop
  endfacet
  facet normal 0 -1 0
    outer loop
      vertex 181 -147 60
      vertex 191 -147 -53
      vertex 261 -147 -36.8889
    endloop
  endfacet
  facet normal 0 -1 -0
    outer loop
      vertex 261 -147 -36.8889
      vertex 191 -147 -53
      vertex 261 -147 -54.3611
    endloop
  endfacet
  facet normal -0 -1 0
    outer loop
      vertex 261 -147 -59.1111
      vertex 261 -147 -58.6389
      vertex 204.333 -147 -59.7407
    endloop
  endfacet
  facet normal 0 1 0
    outer loop
      vertex 259.75 -153 -58.6632
      vertex 259.75 -153 -59.125
      vertex 204.333 -153 -59.7407
    endloop
  endfacet
  facet normal 0 1 -0
    outer loop
      vertex 188 -153 -48
      vertex 181 -153 60
      vertex 259.75 -153 -35.375
    endloop
  endfacet
  facet normal 0 1 0
    outer loop
      vertex 181 -153 60
      vertex 179 -153 -42.8298
      vertex 179 -153 60
    endloop
  endfacet
  facet normal 0 1 0
    outer loop
      vertex 181 -153 60
      vertex 188 -153 -48
      vertex 179 -153 -42.8298
    endloop
  endfacet
  facet normal 0 1 0
    outer loop
      vertex 259.75 -153 -35.375
      vertex 191 -153 -53
      vertex 188 -153 -48
    endloop
  endfacet
  facet normal -0 1 0
    outer loop
      vertex 191 -153 -53
      vertex 259.75 -153 -35.375
      vertex 259.75 -153 -54.3368
    endloop
  endfacet
  facet normal 0 1 -0
    outer loop
      vertex 189 -153 -53
      vertex 188 -153 -48
      vertex 191 -153 -53
    endloop
  endfacet
  facet normal 0 1 0
    outer loop
      vertex 188 -153 -55
      vertex 189 -153 -53
      vertex 189 -153 -55
    endloop
  endfacet
  facet normal 0 1 0
    outer loop
      vertex 189 -153 -53
      vertex 188 -153 -55
      vertex 188 -153 -48
    endloop
  endfacet
  facet normal -1 0 0
    outer loop
      vertex 261 -137.733 -54.3611
      vertex 261 -135 -59.1111
      vertex 261 -137.733 -58.6389
    endloop
  endfacet
  facet normal -1 0 0
    outer loop
      vertex 261 -141 -59.1111
      vertex 261 -137.733 -58.6389
      vertex 261 -135 -59.1111
    endloop
  endfacet
  facet normal -1 -0 0
    outer loop
      vertex 261 -137.733 -58.6389
      vertex 261 -141 -59.1111
      vertex 261 -141 -58.6389
    endloop
  endfacet
  facet normal -1 0 0
    outer loop
      vertex 261 -135 -59.1111
      vertex 261 -137.733 -54.3611
      vertex 261 -135 -36.8889
    endloop
  endfacet
  facet normal -1 0 0
    outer loop
      vertex 261 -141 -36.8889
      vertex 261 -137.733 -54.3611
      vertex 261 -141 -54.3611
    endloop
  endfacet
  facet normal -1 0 0
    outer loop
      vertex 261 -137.733 -54.3611
      vertex 261 -141 -36.8889
      vertex 261 -135 -36.8889
    endloop
  endfacet
  facet normal 0 -1 0
    outer loop
      vertex 189 -135 -53
      vertex 181 -135 60
      vertex 179 -135 60
    endloop
  endfacet
  facet normal 0 -1 0
    outer loop
      vertex 181 -135 60
      vertex 189 -135 -53
      vertex 191 -135 -53
    endloop
  endfacet
  facet normal 0 -1 0
    outer loop
      vertex 179 -135 -55
      vertex 189 -135 -53
      vertex 179 -135 60
    endloop
  endfacet
  facet normal 0 -1 -0
    outer loop
      vertex 189 -135 -53
      vertex 179 -135 -55
      vertex 189 -135 -55
    endloop
  endfacet
  facet normal 0 -1 0
    outer loop
      vertex 181 -135 60
      vertex 191 -135 -53
      vertex 261 -135 -36.8889
    endloop
  endfacet
  facet normal 0 -1 0
    outer loop
      vertex 243.174 -135 -54.0145
      vertex 261 -135 -36.8889
      vertex 191 -135 -53
    endloop
  endfacet
  facet normal 0 -1 0
    outer loop
      vertex 261 -135 -59.1111
      vertex 243.174 -135 -54.0145
      vertex 243.174 -135 -58.9855
    endloop
  endfacet
  facet normal 0 -1 0
    outer loop
      vertex 243.174 -135 -54.0145
      vertex 261 -135 -59.1111
      vertex 261 -135 -36.8889
    endloop
  endfacet
  facet normal -0 -1 0
    outer loop
      vertex 261 -135 -59.1111
      vertex 243.174 -135 -58.9855
      vertex 204.333 -135 -59.7407
    endloop
  endfacet
  facet normal 0 1 0
    outer loop
      vertex 261 -141 -36.8889
      vertex 261 -141 -54.3611
      vertex 191 -141 -53
    endloop
  endfacet
  facet normal 0 1 -0
    outer loop
      vertex 191 -141 -53
      vertex 181 -141 60
      vertex 261 -141 -36.8889
    endloop
  endfacet
  facet normal 0 1 -0
    outer loop
      vertex 189 -141 -53
      vertex 181 -141 60
      vertex 191 -141 -53
    endloop
  endfacet
  facet normal 0 1 0
    outer loop
      vertex 181 -141 60
      vertex 189 -141 -53
      vertex 179 -141 60
    endloop
  endfacet
  facet normal 0 1 0
    outer loop
      vertex 179 -141 -55
      vertex 189 -141 -53
      vertex 189 -141 -55
    endloop
  endfacet
  facet normal 0 1 0
    outer loop
      vertex 189 -141 -53
      vertex 179 -141 -55
      vertex 179 -141 60
    endloop
  endfacet
  facet normal 0 1 0
    outer loop
      vertex 261 -141 -58.6389
      vertex 261 -141 -59.1111
      vertex 204.333 -141 -59.7407
    endloop
  endfacet
  facet normal -1 0 0
    outer loop
      vertex 261 -129 -59.1111
      vertex 261 -123 -36.8889
      vertex 261 -123 -59.1111
    endloop
  endfacet
  facet normal -1 -0 0
    outer loop
      vertex 261 -123 -36.8889
      vertex 261 -129 -59.1111
      vertex 261 -129 -36.8889
    endloop
  endfacet
  facet normal 0 -1 0
    outer loop
      vertex 179 -123 -55
      vertex 181 -123 60
      vertex 179 -123 60
    endloop
  endfacet
  facet normal 0 -1 -0
    outer loop
      vertex 181 -123 60
      vertex 179 -123 -55
      vertex 190 -123 -55
    endloop
  endfacet
  facet normal 0 -1 0
    outer loop
      vertex 181 -123 60
      vertex 190 -123 -55
      vertex 261 -123 -36.8889
    endloop
  endfacet
  facet normal 0 -1 0
    outer loop
      vertex 190 -123 -55
      vertex 261 -123 -59.1111
      vertex 261 -123 -36.8889
    endloop
  endfacet
  facet normal -0 -1 0
    outer loop
      vertex 261 -123 -59.1111
      vertex 190 -123 -55
      vertex 190 -123 -59.9
    endloop
  endfacet
  facet normal 0 1 0
    outer loop
      vertex 181 -129 60
      vertex 204.043 -129 -53.2536
      vertex 191 -129 -53
    endloop
  endfacet
  facet normal 0 1 -0
    outer loop
      vertex 261 -129 -59.1111
      vertex 204.043 -129 -53.2536
      vertex 261 -129 -36.8889
    endloop
  endfacet
  facet normal 0 1 0
    outer loop
      vertex 204.043 -129 -53.2536
      vertex 261 -129 -59.1111
      vertex 204.043 -129 -59.744
    endloop
  endfacet
  facet normal 0 1 -0
    outer loop
      vertex 204.043 -129 -53.2536
      vertex 181 -129 60
      vertex 261 -129 -36.8889
    endloop
  endfacet
  facet normal 0 1 -0
    outer loop
      vertex 189 -129 -53
      vertex 181 -129 60
      vertex 191 -129 -53
    endloop
  endfacet
  facet normal 0 1 0
    outer loop
      vertex 181 -129 60
      vertex 189 -129 -53
      vertex 179 -129 60
    endloop
  endfacet
  facet normal 0 1 0
    outer loop
      vertex 179 -129 -55
      vertex 189 -129 -53
      vertex 189 -129 -55
    endloop
  endfacet
  facet normal 0 1 0
    outer loop
      vertex 189 -129 -53
      vertex 179 -129 -55
      vertex 179 -129 60
    endloop
  endfacet
  facet normal -1 0 0
    outer loop
      vertex 261 -117 -59.1111
      vertex 261 -111 -36.8889
      vertex 261 -111 -59.1111
    endloop
  endfacet
  facet normal -1 -0 0
    outer loop
      vertex 261 -111 -36.8889
      vertex 261 -117 -59.1111
      vertex 261 -117 -36.8889
    endloop
  endfacet
  facet normal 0 -1 0
    outer loop
      vertex 189 -111 -53
      vertex 181 -111 60
      vertex 179 -111 60
    endloop
  endfacet
  facet normal 0 -1 0
    outer loop
      vertex 181 -111 60
      vertex 189 -111 -53
      vertex 191 -111 -53
    endloop
  endfacet
  facet normal 0 -1 0
    outer loop
      vertex 179 -111 -55
      vertex 189 -111 -53
      vertex 179 -111 60
    endloop
  endfacet
  facet normal 0 -1 -0
    outer loop
      vertex 189 -111 -53
      vertex 179 -111 -55
      vertex 189 -111 -55
    endloop
  endfacet
  facet normal 0 -1 0
    outer loop
      vertex 181 -111 60
      vertex 191 -111 -53
      vertex 261 -111 -36.8889
    endloop
  endfacet
  facet normal 0 -1 0
    outer loop
      vertex 256.217 -111 -54.2681
      vertex 261 -111 -36.8889
      vertex 191 -111 -53
    endloop
  endfacet
  facet normal 0 -1 0
    outer loop
      vertex 261 -111 -59.1111
      vertex 256.217 -111 -54.2681
      vertex 256.217 -111 -58.7319
    endloop
  endfacet
  facet normal 0 -1 0
    outer loop
      vertex 256.217 -111 -54.2681
      vertex 261 -111 -59.1111
      vertex 261 -111 -36.8889
    endloop
  endfacet
  facet normal -0 -1 0
    outer loop
      vertex 261 -111 -59.1111
      vertex 256.217 -111 -58.7319
      vertex 204.333 -111 -59.7407
    endloop
  endfacet
  facet normal 0 1 0
    outer loop
      vertex 181 -117 60
      vertex 217.087 -117 -53.5072
      vertex 191 -117 -53
    endloop
  endfacet
  facet normal 0 1 -0
    outer loop
      vertex 261 -117 -59.1111
      vertex 217.087 -117 -53.5072
      vertex 261 -117 -36.8889
    endloop
  endfacet
  facet normal 0 1 0
    outer loop
      vertex 261 -117 -59.1111
      vertex 217.087 -117 -59.4928
      vertex 217.087 -117 -53.5072
    endloop
  endfacet
  facet normal -0 1 0
    outer loop
      vertex 217.087 -117 -59.4928
      vertex 261 -117 -59.1111
      vertex 204.333 -117 -59.7407
    endloop
  endfacet
  facet normal 0 1 -0
    outer loop
      vertex 217.087 -117 -53.5072
      vertex 181 -117 60
      vertex 261 -117 -36.8889
    endloop
  endfacet
  facet normal 0 1 -0
    outer loop
      vertex 189 -117 -53
      vertex 181 -117 60
      vertex 191 -117 -53
    endloop
  endfacet
  facet normal 0 1 0
    outer loop
      vertex 181 -117 60
      vertex 189 -117 -53
      vertex 179 -117 60
    endloop
  endfacet
  facet normal 0 1 0
    outer loop
      vertex 179 -117 -55
      vertex 189 -117 -53
      vertex 189 -117 -55
    endloop
  endfacet
  facet normal 0 1 0
    outer loop
      vertex 189 -117 -53
      vertex 179 -117 -55
      vertex 179 -117 60
    endloop
  endfacet
  facet normal -1 0 0
    outer loop
      vertex 261 -105 -54.3611
      vertex 261 -99 -36.8889
      vertex 261 -99 -54.3611
    endloop
  endfacet
  facet normal -1 -0 0
    outer loop
      vertex 261 -99 -36.8889
      vertex 261 -105 -54.3611
      vertex 261 -105 -36.8889
    endloop
  endfacet
  facet normal -1 0 0
    outer loop
      vertex 261 -105 -59.1111
      vertex 261 -99 -58.6389
      vertex 261 -99 -59.1111
    endloop
  endfacet
  facet normal -1 -0 0
    outer loop
      vertex 261 -99 -58.6389
      vertex 261 -105 -59.1111
      vertex 261 -105 -58.6389
    endloop
  endfacet
  facet normal 0 -1 0
    outer loop
      vertex 189 -99 -53
      vertex 181 -99 60
      vertex 179 -99 60
    endloop
  endfacet
  facet normal 0 -1 0
    outer loop
      vertex 181 -99 60
      vertex 189 -99 -53
      vertex 191 -99 -53
    endloop
  endfacet
  facet normal 0 -1 0
    outer loop
      vertex 179 -99 -55
      vertex 189 -99 -53
      vertex 179 -99 60
    endloop
  endfacet
  facet normal 0 -1 -0
    outer loop
      vertex 189 -99 -53
      vertex 179 -99 -55
      vertex 189 -99 -55
    endloop
  endfacet
  facet normal 0 -1 0
    outer loop
      vertex 181 -99 60
      vertex 191 -99 -53
      vertex 261 -99 -36.8889
    endloop
  endfacet
  facet normal 0 -1 -0
    outer loop
      vertex 261 -99 -36.8889
      vertex 191 -99 -53
      vertex 261 -99 -54.3611
    endloop
  endfacet
  facet normal -0 -1 0
    outer loop
      vertex 261 -99 -59.1111
      vertex 261 -99 -58.6389
      vertex 204.333 -99 -59.7407
    endloop
  endfacet
  facet normal 0 1 0
    outer loop
      vertex 261 -105 -36.8889
      vertex 261 -105 -54.3611
      vertex 191 -105 -53
    endloop
  endfacet
  facet normal 0 1 -0
    outer loop
      vertex 191 -105 -53
      vertex 181 -105 60
      vertex 261 -105 -36.8889
    endloop
  endfacet
  facet normal 0 1 -0
    outer loop
      vertex 189 -105 -53
      vertex 181 -105 60
      vertex 191 -105 -53
    endloop
  endfacet
  facet normal 0 1 0
    outer loop
      vertex 181 -105 60
      vertex 189 -105 -53
      vertex 179 -105 60
    endloop
  endfacet
  facet normal 0 1 0
    outer loop
      vertex 179 -105 -55
      vertex 189 -105 -53
      vertex 189 -105 -55
    endloop
  endfacet
  facet normal 0 1 0
    outer loop
      vertex 189 -105 -53
      vertex 179 -105 -55
      vertex 179 -105 60
    endloop
  endfacet
  facet normal 0 1 0
    outer loop
      vertex 261 -105 -58.6389
      vertex 261 -105 -59.1111
      vertex 204.333 -105 -59.7407
    endloop
  endfacet
  facet normal -1 0 0
    outer loop
      vertex 179 -160 -42.8298
      vertex 179 -153 60
      vertex 179 -153 -42.8298
    endloop
  endfacet
  facet normal -1 -0 0
    outer loop
      vertex 179 -153 60
      vertex 179 -160 -42.8298
      vertex 179 -160 60
    endloop
  endfacet
  facet normal -1 0 0
    outer loop
      vertex 179 99 -55
      vertex 179 65 0
      vertex 179 99 60
    endloop
  endfacet
  facet normal -1 0 0
    outer loop
      vertex 179 99 -55
      vertex 179 64.4439 -8.4842
      vertex 179 65 0
    endloop
  endfacet
  facet normal -1 0 0
    outer loop
      vertex 179 99 -55
      vertex 179 62.7852 -16.8232
      vertex 179 64.4439 -8.4842
    endloop
  endfacet
  facet normal -1 0 0
    outer loop
      vertex 179 99 -55
      vertex 179 60.0522 -24.8744
      vertex 179 62.7852 -16.8232
    endloop
  endfacet
  facet normal -1 0 0
    outer loop
      vertex 179 99 -55
      vertex 179 56.2916 -32.5
      vertex 179 60.0522 -24.8744
    endloop
  endfacet
  facet normal -1 0 0
    outer loop
      vertex 179 99 -55
      vertex 179 51.568 -39.5695
      vertex 179 56.2916 -32.5
    endloop
  endfacet
  facet normal -1 0 0
    outer loop
      vertex 179 99 -55
      vertex 179 45.9619 -45.9619
      vertex 179 51.568 -39.5695
    endloop
  endfacet
  facet normal -1 0 0
    outer loop
      vertex 179 99 -55
      vertex 179 41.7017 -49.6981
      vertex 179 45.9619 -45.9619
    endloop
  endfacet
  facet normal -1 0 0
    outer loop
      vertex 179 33.3613 -39.7585
      vertex 179 30.4381 -39.6677
      vertex 179 33.095 -37.3376
    endloop
  endfacet
  facet normal -1 0 0
    outer loop
      vertex 179 25 -43.3013
      vertex 179 33.3613 -39.7585
      vertex 179 41.7017 -49.6981
    endloop
  endfacet
  facet normal -1 -0 0
    outer loop
      vertex 179 33.3613 -39.7585
      vertex 179 25 -43.3013
      vertex 179 30.4381 -39.6677
    endloop
  endfacet
  facet normal -1 0 0
    outer loop
      vertex 179 41.7017 -49.6981
      vertex 179 19.1342 -46.194
      vertex 179 25 -43.3013
    endloop
  endfacet
  facet normal -1 0 0
    outer loop
      vertex 179 41.7017 -49.6981
      vertex 179 12.941 -48.2963
      vertex 179 19.1342 -46.194
    endloop
  endfacet
  facet normal -1 0 0
    outer loop
      vertex 179 3 -53
      vertex 179 41.7017 -49.6981
      vertex 179 99 -55
    endloop
  endfacet
  facet normal -1 -0 0
    outer loop
      vertex 179 41.7017 -49.6981
      vertex 179 3 -53
      vertex 179 12.941 -48.2963
    endloop
  endfacet
  facet normal -1 0 0
    outer loop
      vertex 179 12.941 -48.2963
      vertex 179 3 -53
      vertex 179 6.52631 -49.5722
    endloop
  endfacet
  facet normal -1 0 0
    outer loop
      vertex 179 99 -55
      vertex 179 -3 -53
      vertex 179 3 -53
    endloop
  endfacet
  facet normal -1 0 0
    outer loop
      vertex 179 -3 -53
      vertex 179 -6.52631 -49.5722
      vertex 179 -3 -49.8034
    endloop
  endfacet
  facet normal -1 0 0
    outer loop
      vertex 179 -3 -53
      vertex 179 -12.941 -48.2963
      vertex 179 -6.52631 -49.5722
    endloop
  endfacet
  facet normal -1 0 0
    outer loop
      vertex 179 -3 -53
      vertex 179 -19.1342 -46.194
      vertex 179 -12.941 -48.2963
    endloop
  endfacet
  facet normal -1 0 0
    outer loop
      vertex 179 -30.4381 -39.6677
      vertex 179 -35.3553 -39.598
      vertex 179 -33.095 -37.3376
    endloop
  endfacet
  facet normal -1 0 0
    outer loop
      vertex 179 -25 -43.3013
      vertex 179 -35.3553 -39.598
      vertex 179 -30.4381 -39.6677
    endloop
  endfacet
  facet normal -1 0 0
    outer loop
      vertex 179 -99 -55
      vertex 179 -25 -43.3013
      vertex 179 -19.1342 -46.194
    endloop
  endfacet
  facet normal -1 0 0
    outer loop
      vertex 179 -99 -55
      vertex 179 -19.1342 -46.194
      vertex 179 -3 -53
    endloop
  endfacet
  facet normal -1 0 0
    outer loop
      vertex 179 -39.598 -35.3553
      vertex 179 -43.3013 -25
      vertex 179 -39.6677 -30.4381
    endloop
  endfacet
  facet normal -1 0 0
    outer loop
      vertex 179 -99 -55
      vertex 179 -43.3013 -25
      vertex 179 -39.598 -35.3553
    endloop
  endfacet
  facet normal -1 0 0
    outer loop
      vertex 179 -49.5722 -6.52631
      vertex 179 -53 -3
      vertex 179 -49.8034 -3
    endloop
  endfacet
  facet normal -1 0 0
    outer loop
      vertex 179 -48.2963 -12.941
      vertex 179 -53 -3
      vertex 179 -49.5722 -6.52631
    endloop
  endfacet
  facet normal -1 0 0
    outer loop
      vertex 179 -99 -55
      vertex 179 -48.2963 -12.941
      vertex 179 -46.194 -19.1342
    endloop
  endfacet
  facet normal -1 -0 0
    outer loop
      vertex 179 -43.3013 -25
      vertex 179 -99 -55
      vertex 179 -46.194 -19.1342
    endloop
  endfacet
  facet normal -1 -0 0
    outer loop
      vertex 179 -53 -3
      vertex 179 -99 -55
      vertex 179 -53 3
    endloop
  endfacet
  facet normal -1 -0 0
    outer loop
      vertex 179 -48.2963 -12.941
      vertex 179 -99 -55
      vertex 179 -53 -3
    endloop
  endfacet
  facet normal -1 -0 0
    outer loop
      vertex 179 -35.3553 -39.598
      vertex 179 -99 -55
      vertex 179 -39.598 -35.3553
    endloop
  endfacet
  facet normal -1 -0 0
    outer loop
      vertex 179 -25 -43.3013
      vertex 179 -99 -55
      vertex 179 -35.3553 -39.598
    endloop
  endfacet
  facet normal -1 0 0
    outer loop
      vertex 179 -99 -55
      vertex 179 -3 -53
      vertex 179 99 -55
    endloop
  endfacet
  facet normal -1 0 0
    outer loop
      vertex 179 64.4439 8.4842
      vertex 179 99 60
      vertex 179 65 0
    endloop
  endfacet
  facet normal -1 0 0
    outer loop
      vertex 179 62.7852 16.8232
      vertex 179 99 60
      vertex 179 64.4439 8.4842
    endloop
  endfacet
  facet normal -1 0 0
    outer loop
      vertex 179 60.0522 24.8744
      vertex 179 99 60
      vertex 179 62.7852 16.8232
    endloop
  endfacet
  facet normal -1 0 0
    outer loop
      vertex 179 56.2916 32.5
      vertex 179 99 60
      vertex 179 60.0522 24.8744
    endloop
  endfacet
  facet normal -1 0 0
    outer loop
      vertex 179 51.568 39.5695
      vertex 179 99 60
      vertex 179 56.2916 32.5
    endloop
  endfacet
  facet normal -1 0 0
    outer loop
      vertex 179 45.9619 45.9619
      vertex 179 99 60
      vertex 179 51.568 39.5695
    endloop
  endfacet
  facet normal -1 0 0
    outer loop
      vertex 179 39.5695 51.568
      vertex 179 99 60
      vertex 179 45.9619 45.9619
    endloop
  endfacet
  facet normal -1 0 0
    outer loop
      vertex 179 32.5 56.2916
      vertex 179 99 60
      vertex 179 39.5695 51.568
    endloop
  endfacet
  facet normal -1 -0 0
    outer loop
      vertex 179 99 60
      vertex 179 32.5 56.2916
      vertex 179 24.9802 60
    endloop
  endfacet
  facet normal -1 -0 0
    outer loop
      vertex 179 34.5092 -38.7518
      vertex 179 33.3613 -39.7585
      vertex 179 33.095 -37.3376
    endloop
  endfacet
  facet normal -1 0 0
    outer loop
      vertex 179 6.52631 -49.5722
      vertex 179 3 -53
      vertex 179 3 -49.8034
    endloop
  endfacet
  facet normal -1 -0 0
    outer loop
      vertex 179 -37.3376 -33.095
      vertex 179 -39.598 -35.3553
      vertex 179 -39.6677 -30.4381
    endloop
  endfacet
  facet normal -1 -0 0
    outer loop
      vertex 179 -37.3376 33.095
      vertex 179 -39.6677 30.4381
      vertex 179 -39.598 35.3553
    endloop
  endfacet
  facet normal -1 0 0
    outer loop
      vertex 179 -6.52631 49.5722
      vertex 179 -3 51.8034
      vertex 179 -3 49.8034
    endloop
  endfacet
  facet normal -1 0 0
    outer loop
      vertex 179 -6.52631 49.5722
      vertex 179 -6.78736 51.5551
      vertex 179 -3 51.8034
    endloop
  endfacet
  facet normal -1 0 0
    outer loop
      vertex 179 -12.941 48.2963
      vertex 179 -6.78736 51.5551
      vertex 179 -6.52631 49.5722
    endloop
  endfacet
  facet normal -1 0 0
    outer loop
      vertex 179 -12.941 48.2963
      vertex 179 -13.4586 50.2281
      vertex 179 -6.78736 51.5551
    endloop
  endfacet
  facet normal -1 0 0
    outer loop
      vertex 179 -19.1342 46.194
      vertex 179 -13.4586 50.2281
      vertex 179 -12.941 48.2963
    endloop
  endfacet
  facet normal -1 0 0
    outer loop
      vertex 179 -19.1342 46.194
      vertex 179 -19.8995 48.0417
      vertex 179 -13.4586 50.2281
    endloop
  endfacet
  facet normal -1 0 0
    outer loop
      vertex 179 -25 43.3013
      vertex 179 -19.8995 48.0417
      vertex 179 -19.1342 46.194
    endloop
  endfacet
  facet normal -1 0 0
    outer loop
      vertex 179 -25 43.3013
      vertex 179 -26 45.0333
      vertex 179 -19.8995 48.0417
    endloop
  endfacet
  facet normal -1 0 0
    outer loop
      vertex 179 -30.4381 39.6677
      vertex 179 -26 45.0333
      vertex 179 -25 43.3013
    endloop
  endfacet
  facet normal -1 0 0
    outer loop
      vertex 179 -30.4381 39.6677
      vertex 179 -31.6556 41.2544
      vertex 179 -26 45.0333
    endloop
  endfacet
  facet normal -1 0 0
    outer loop
      vertex 179 -33.3613 39.7585
      vertex 179 -30.4381 39.6677
      vertex 179 -33.095 37.3376
    endloop
  endfacet
  facet normal -1 0 0
    outer loop
      vertex 179 -30.4381 39.6677
      vertex 179 -33.3613 39.7585
      vertex 179 -31.6556 41.2544
    endloop
  endfacet
  facet normal -1 0 0
    outer loop
      vertex 179 -35.3553 39.598
      vertex 179 -33.3613 39.7585
      vertex 179 -33.095 37.3376
    endloop
  endfacet
  facet normal -1 0 0
    outer loop
      vertex 179 -35.3553 39.598
      vertex 179 -41.7017 49.6981
      vertex 179 -33.3613 39.7585
    endloop
  endfacet
  facet normal -1 0 0
    outer loop
      vertex 179 -39.598 35.3553
      vertex 179 -41.7017 49.6981
      vertex 179 -35.3553 39.598
    endloop
  endfacet
  facet normal -1 0 0
    outer loop
      vertex 179 -43.3013 25
      vertex 179 -39.598 35.3553
      vertex 179 -39.6677 30.4381
    endloop
  endfacet
  facet normal -1 -0 0
    outer loop
      vertex 179 -39.598 35.3553
      vertex 179 -43.3013 25
      vertex 179 -41.7017 49.6981
    endloop
  endfacet
  facet normal -1 0 0
    outer loop
      vertex 179 -99 60
      vertex 179 -43.3013 25
      vertex 179 -46.194 19.1342
    endloop
  endfacet
  facet normal -1 0 0
    outer loop
      vertex 179 -99 60
      vertex 179 -46.194 19.1342
      vertex 179 -48.2963 12.941
    endloop
  endfacet
  facet normal -1 0 0
    outer loop
      vertex 179 -53 3
      vertex 179 -48.2963 12.941
      vertex 179 -49.5722 6.52631
    endloop
  endfacet
  facet normal -1 0 0
    outer loop
      vertex 179 -53 3
      vertex 179 -49.5722 6.52631
      vertex 179 -49.8034 3
    endloop
  endfacet
  facet normal -1 -0 0
    outer loop
      vertex 179 -48.2963 12.941
      vertex 179 -53 3
      vertex 179 -99 60
    endloop
  endfacet
  facet normal -1 0 0
    outer loop
      vertex 179 -99 60
      vertex 179 -53 3
      vertex 179 -99 -55
    endloop
  endfacet
  facet normal -1 0 0
    outer loop
      vertex 179 -32.5 56.2916
      vertex 179 -99 60
      vertex 179 -24.9802 60
    endloop
  endfacet
  facet normal -1 0 0
    outer loop
      vertex 179 -39.5695 51.568
      vertex 179 -99 60
      vertex 179 -32.5 56.2916
    endloop
  endfacet
  facet normal -1 0 0
    outer loop
      vertex 179 -41.7017 49.6981
      vertex 179 -99 60
      vertex 179 -39.5695 51.568
    endloop
  endfacet
  facet normal -1 0 0
    outer loop
      vertex 179 -43.3013 25
      vertex 179 -99 60
      vertex 179 -41.7017 49.6981
    endloop
  endfacet
  facet normal -1 0 0
    outer loop
      vertex 179 49.5722 -6.52631
      vertex 179 51.5551 -6.78736
      vertex 179 50.2281 -13.4586
    endloop
  endfacet
  facet normal -1 0 0
    outer loop
      vertex 179 51.5551 -6.78736
      vertex 179 49.5722 -6.52631
      vertex 179 51.8034 -3
    endloop
  endfacet
  facet normal -1 -0 0
    outer loop
      vertex 179 51.8034 -3
      vertex 179 49.5722 -6.52631
      vertex 179 49.8034 -3
    endloop
  endfacet
  facet normal -1 0 0
    outer loop
      vertex 179 50.2281 -13.4586
      vertex 179 48.2963 -12.941
      vertex 179 49.5722 -6.52631
    endloop
  endfacet
  facet normal -1 0 0
    outer loop
      vertex 179 48.0417 -19.8995
      vertex 179 48.2963 -12.941
      vertex 179 50.2281 -13.4586
    endloop
  endfacet
  facet normal -1 0 0
    outer loop
      vertex 179 48.0417 -19.8995
      vertex 179 46.194 -19.1342
      vertex 179 48.2963 -12.941
    endloop
  endfacet
  facet normal -1 0 0
    outer loop
      vertex 179 45.0333 -26
      vertex 179 46.194 -19.1342
      vertex 179 48.0417 -19.8995
    endloop
  endfacet
  facet normal -1 0 0
    outer loop
      vertex 179 45.0333 -26
      vertex 179 43.3013 -25
      vertex 179 46.194 -19.1342
    endloop
  endfacet
  facet normal -1 0 0
    outer loop
      vertex 179 41.2544 -31.6556
      vertex 179 43.3013 -25
      vertex 179 45.0333 -26
    endloop
  endfacet
  facet normal -1 0 0
    outer loop
      vertex 179 41.2544 -31.6556
      vertex 179 39.6677 -30.4381
      vertex 179 43.3013 -25
    endloop
  endfacet
  facet normal -1 0 0
    outer loop
      vertex 179 38.7518 -34.5092
      vertex 179 39.6677 -30.4381
      vertex 179 41.2544 -31.6556
    endloop
  endfacet
  facet normal -1 0 0
    outer loop
      vertex 179 39.6677 -30.4381
      vertex 179 38.7518 -34.5092
      vertex 179 37.3376 -33.095
    endloop
  endfacet
  facet normal -1 0 0
    outer loop
      vertex 179 49.5722 6.52631
      vertex 179 51.5551 6.78736
      vertex 179 51.8034 3
    endloop
  endfacet
  facet normal -1 0 0
    outer loop
      vertex 179 49.5722 6.52631
      vertex 179 51.8034 3
      vertex 179 49.8034 3
    endloop
  endfacet
  facet normal -1 -0 0
    outer loop
      vertex 179 51.5551 6.78736
      vertex 179 49.5722 6.52631
      vertex 179 50.2281 13.4586
    endloop
  endfacet
  facet normal -1 0 0
    outer loop
      vertex 179 48.2963 12.941
      vertex 179 50.2281 13.4586
      vertex 179 49.5722 6.52631
    endloop
  endfacet
  facet normal -1 0 0
    outer loop
      vertex 179 48.2963 12.941
      vertex 179 48.0417 19.8995
      vertex 179 50.2281 13.4586
    endloop
  endfacet
  facet normal -1 0 0
    outer loop
      vertex 179 46.194 19.1342
      vertex 179 48.0417 19.8995
      vertex 179 48.2963 12.941
    endloop
  endfacet
  facet normal -1 0 0
    outer loop
      vertex 179 46.194 19.1342
      vertex 179 45.0333 26
      vertex 179 48.0417 19.8995
    endloop
  endfacet
  facet normal -1 0 0
    outer loop
      vertex 179 43.3013 25
      vertex 179 45.0333 26
      vertex 179 46.194 19.1342
    endloop
  endfacet
  facet normal -1 0 0
    outer loop
      vertex 179 43.3013 25
      vertex 179 41.2544 31.6556
      vertex 179 45.0333 26
    endloop
  endfacet
  facet normal -1 0 0
    outer loop
      vertex 179 39.6677 30.4381
      vertex 179 41.2544 31.6556
      vertex 179 43.3013 25
    endloop
  endfacet
  facet normal -1 0 0
    outer loop
      vertex 179 39.6677 30.4381
      vertex 179 38.7518 34.5092
      vertex 179 41.2544 31.6556
    endloop
  endfacet
  facet normal -1 0 -0
    outer loop
      vertex 179 38.7518 34.5092
      vertex 179 39.6677 30.4381
      vertex 179 37.3376 33.095
    endloop
  endfacet
  facet normal -1 0 0
    outer loop
      vertex 179 33.095 37.3376
      vertex 179 31.6556 41.2544
      vertex 179 34.5092 38.7518
    endloop
  endfacet
  facet normal -1 0 0
    outer loop
      vertex 179 30.4381 39.6677
      vertex 179 31.6556 41.2544
      vertex 179 33.095 37.3376
    endloop
  endfacet
  facet normal -1 0 0
    outer loop
      vertex 179 30.4381 39.6677
      vertex 179 26 45.0333
      vertex 179 31.6556 41.2544
    endloop
  endfacet
  facet normal -1 0 0
    outer loop
      vertex 179 25 43.3013
      vertex 179 26 45.0333
      vertex 179 30.4381 39.6677
    endloop
  endfacet
  facet normal -1 0 0
    outer loop
      vertex 179 25 43.3013
      vertex 179 19.8995 48.0417
      vertex 179 26 45.0333
    endloop
  endfacet
  facet normal -1 0 0
    outer loop
      vertex 179 19.1342 46.194
      vertex 179 19.8995 48.0417
      vertex 179 25 43.3013
    endloop
  endfacet
  facet normal -1 0 0
    outer loop
      vertex 179 19.1342 46.194
      vertex 179 13.4586 50.2281
      vertex 179 19.8995 48.0417
    endloop
  endfacet
  facet normal -1 0 0
    outer loop
      vertex 179 12.941 48.2963
      vertex 179 13.4586 50.2281
      vertex 179 19.1342 46.194
    endloop
  endfacet
  facet normal -1 0 0
    outer loop
      vertex 179 12.941 48.2963
      vertex 179 6.78736 51.5551
      vertex 179 13.4586 50.2281
    endloop
  endfacet
  facet normal -1 0 0
    outer loop
      vertex 179 6.52631 49.5722
      vertex 179 6.78736 51.5551
      vertex 179 12.941 48.2963
    endloop
  endfacet
  facet normal -1 0 0
    outer loop
      vertex 179 3 49.8034
      vertex 179 6.78736 51.5551
      vertex 179 6.52631 49.5722
    endloop
  endfacet
  facet normal -1 -0 0
    outer loop
      vertex 179 6.78736 51.5551
      vertex 179 3 49.8034
      vertex 179 3 51.8034
    endloop
  endfacet
  facet normal -1 0 0
    outer loop
      vertex 179 -147 -55
      vertex 179 -141 60
      vertex 179 -141 -55
    endloop
  endfacet
  facet normal -1 -0 0
    outer loop
      vertex 179 -141 60
      vertex 179 -147 -55
      vertex 179 -147 60
    endloop
  endfacet
  facet normal -1 0 0
    outer loop
      vertex 179 -135 -55
      vertex 179 -129 60
      vertex 179 -129 -55
    endloop
  endfacet
  facet normal -1 -0 0
    outer loop
      vertex 179 -129 60
      vertex 179 -135 -55
      vertex 179 -135 60
    endloop
  endfacet
  facet normal -1 0 0
    outer loop
      vertex 179 -123 -55
      vertex 179 -117 60
      vertex 179 -117 -55
    endloop
  endfacet
  facet normal -1 -0 0
    outer loop
      vertex 179 -117 60
      vertex 179 -123 -55
      vertex 179 -123 60
    endloop
  endfacet
  facet normal -1 0 0
    outer loop
      vertex 179 -111 -55
      vertex 179 -105 60
      vertex 179 -105 -55
    endloop
  endfacet
  facet normal -1 -0 0
    outer loop
      vertex 179 -105 60
      vertex 179 -111 -55
      vertex 179 -111 60
    endloop
  endfacet
  facet normal 0.0886496 -0.996063 0
    outer loop
      vertex 188 -159.378 -55
      vertex 189 -159.289 -53
      vertex 188 -159.378 -48
    endloop
  endfacet
  facet normal 0.0886496 -0.996063 0
    outer loop
      vertex 189 -159.289 -53
      vertex 188 -159.378 -55
      vertex 189 -159.289 -55
    endloop
  endfacet
  facet normal 0.0885398 -0.996073 0
    outer loop
      vertex 181 -160 -43.9787
      vertex 259.75 -153 -35.375
      vertex 181 -160 60
    endloop
  endfacet
  facet normal 0.0885348 -0.996073 4.62487e-05
    outer loop
      vertex 188 -159.378 -48
      vertex 259.75 -153 -35.375
      vertex 181 -160 -43.9787
    endloop
  endfacet
  facet normal 0.0886496 -0.996063 0
    outer loop
      vertex 191 -159.111 -53
      vertex 188 -159.378 -48
      vertex 189 -159.289 -53
    endloop
  endfacet
  facet normal 0.088553 -0.996071 -5.83893e-05
    outer loop
      vertex 188 -159.378 -48
      vertex 191 -159.111 -53
      vertex 259.75 -153 -35.375
    endloop
  endfacet
  facet normal 0.0885382 -0.996073 0
    outer loop
      vertex 259.75 -153 -35.375
      vertex 191 -159.111 -53
      vertex 259.75 -153 -54.3368
    endloop
  endfacet
  facet normal 0.0885406 -0.996073 0
    outer loop
      vertex 259.75 -153 -58.6632
      vertex 204.333 -157.926 -59.7407
      vertex 259.75 -153 -59.125
    endloop
  endfacet
  facet normal 0.0885508 -0.996072 0
    outer loop
      vertex 261 -152.889 -58.6389
      vertex 271 -152 -59
      vertex 271 -152 -58.4444
    endloop
  endfacet
  facet normal 0.0885508 -0.996072 0
    outer loop
      vertex 271 -152 -59
      vertex 261 -152.889 -58.6389
      vertex 261 -152.889 -59.1111
    endloop
  endfacet
  facet normal 0.0885508 -0.996072 0
    outer loop
      vertex 261 -152.889 -54.3611
      vertex 271 -152 -49
      vertex 261 -152.889 -36.8889
    endloop
  endfacet
  facet normal 0.0885508 -0.996072 0
    outer loop
      vertex 271 -152 -49
      vertex 261 -152.889 -54.3611
      vertex 271 -152 -54.5556
    endloop
  endfacet
  facet normal -0 0 1
    outer loop
      vertex 179 -153 60
      vertex 181 -160 60
      vertex 181 -153 60
    endloop
  endfacet
  facet normal 0 0 1
    outer loop
      vertex 181 -160 60
      vertex 179 -153 60
      vertex 179 -160 60
    endloop
  endfacet
  facet normal 0 0 -1
    outer loop
      vertex 179 -105 60
      vertex 181 -99 60
      vertex 181 -105 60
    endloop
  endfacet
  facet normal -0 0 -1
    outer loop
      vertex 181 -99 60
      vertex 179 -105 60
      vertex 179 -99 60
    endloop
  endfacet
  facet normal 0 0 -1
    outer loop
      vertex 179 -117 60
      vertex 181 -111 60
      vertex 181 -117 60
    endloop
  endfacet
  facet normal -0 0 -1
    outer loop
      vertex 181 -111 60
      vertex 179 -117 60
      vertex 179 -111 60
    endloop
  endfacet
  facet normal 0 0 -1
    outer loop
      vertex 179 -129 60
      vertex 181 -123 60
      vertex 181 -129 60
    endloop
  endfacet
  facet normal -0 0 -1
    outer loop
      vertex 181 -123 60
      vertex 179 -129 60
      vertex 179 -123 60
    endloop
  endfacet
  facet normal 0 0 -1
    outer loop
      vertex 179 -141 60
      vertex 181 -135 60
      vertex 181 -141 60
    endloop
  endfacet
  facet normal -0 0 -1
    outer loop
      vertex 181 -135 60
      vertex 179 -141 60
      vertex 179 -135 60
    endloop
  endfacet
  facet normal 0 0 -1
    outer loop
      vertex 179 -147 60
      vertex 181.28 -147.958 60
      vertex 179.728 -149.728 60
    endloop
  endfacet
  facet normal 0 0 -1
    outer loop
      vertex 181.28 -147.958 60
      vertex 179 -147 60
      vertex 181 -147 60
    endloop
  endfacet
  facet normal 0 0 -1
    outer loop
      vertex 171.659 -154.387 60
      vertex 179 -141 60
      vertex 179 -147 60
    endloop
  endfacet
  facet normal -0 0 -1
    outer loop
      vertex 179 -141 60
      vertex 167 -155 60
      vertex 179 -135 60
    endloop
  endfacet
  facet normal -0 0 -1
    outer loop
      vertex 179 -135 60
      vertex 167 -155 60
      vertex 179 -129 60
    endloop
  endfacet
  facet normal -0 0 -1
    outer loop
      vertex 179 -129 60
      vertex 167 -155 60
      vertex 179 -123 60
    endloop
  endfacet
  facet normal -0 0 -1
    outer loop
      vertex 179 -123 60
      vertex 167 -155 60
      vertex 179 -117 60
    endloop
  endfacet
  facet normal -0 0 -1
    outer loop
      vertex 179 -117 60
      vertex 167 -155 60
      vertex 179 -111 60
    endloop
  endfacet
  facet normal 0 0 -1
    outer loop
      vertex 55 -24.9802 60
      vertex 179 -111 60
      vertex 167 -155 60
    endloop
  endfacet
  facet normal 0 0 -1
    outer loop
      vertex 179 -111 60
      vertex 55 -24.9802 60
      vertex 179 -105 60
    endloop
  endfacet
  facet normal 0 0 -1
    outer loop
      vertex 177.958 -151.28 60
      vertex 179 -147 60
      vertex 179.728 -149.728 60
    endloop
  endfacet
  facet normal 0 0 -1
    outer loop
      vertex 176 -152.588 60
      vertex 179 -147 60
      vertex 177.958 -151.28 60
    endloop
  endfacet
  facet normal 0 0 -1
    outer loop
      vertex 173.888 -153.63 60
      vertex 179 -147 60
      vertex 176 -152.588 60
    endloop
  endfacet
  facet normal 0 0 -1
    outer loop
      vertex 171.659 -154.387 60
      vertex 179 -147 60
      vertex 173.888 -153.63 60
    endloop
  endfacet
  facet normal 0 0 -1
    outer loop
      vertex 179 -141 60
      vertex 171.659 -154.387 60
      vertex 169.349 -154.846 60
    endloop
  endfacet
  facet normal 0 0 -1
    outer loop
      vertex 179 -141 60
      vertex 169.349 -154.846 60
      vertex 167 -155 60
    endloop
  endfacet
  facet normal 0 0 -1
    outer loop
      vertex 179 -105 60
      vertex 55 -24.9802 60
      vertex 179 -99 60
    endloop
  endfacet
  facet normal 0 0 -1
    outer loop
      vertex 179 -99 60
      vertex 55 -24.9802 60
      vertex 179 -24.9802 60
    endloop
  endfacet
  facet normal 0 0 -1
    outer loop
      vertex 167 -155 60
      vertex 0 -152 60
      vertex 55 -24.9802 60
    endloop
  endfacet
  facet normal 0 0 -1
    outer loop
      vertex 0 -152 60
      vertex 167 -155 60
      vertex 0 -155 60
    endloop
  endfacet
  facet normal 0 0 -1
    outer loop
      vertex 181 -135 60
      vertex 185 -137 60
      vertex 184.846 -139.349 60
    endloop
  endfacet
  facet normal 0 0 -1
    outer loop
      vertex 181 -141 60
      vertex 184.846 -139.349 60
      vertex 184.387 -141.659 60
    endloop
  endfacet
  facet normal 0 0 -1
    outer loop
      vertex 181 -141 60
      vertex 184.387 -141.659 60
      vertex 183.63 -143.888 60
    endloop
  endfacet
  facet normal 0 0 -1
    outer loop
      vertex 181 -141 60
      vertex 183.63 -143.888 60
      vertex 182.588 -146 60
    endloop
  endfacet
  facet normal 0 0 -1
    outer loop
      vertex 181 -147 60
      vertex 182.588 -146 60
      vertex 181.28 -147.958 60
    endloop
  endfacet
  facet normal -0 0 -1
    outer loop
      vertex 182.588 -146 60
      vertex 181 -147 60
      vertex 181 -141 60
    endloop
  endfacet
  facet normal -0 0 -1
    outer loop
      vertex 184.846 -139.349 60
      vertex 181 -141 60
      vertex 181 -135 60
    endloop
  endfacet
  facet normal 0 0 -1
    outer loop
      vertex 185 -137 60
      vertex 181 -135 60
      vertex 181 -129 60
    endloop
  endfacet
  facet normal 0 0 -1
    outer loop
      vertex 185 -137 60
      vertex 181 -129 60
      vertex 181 -123 60
    endloop
  endfacet
  facet normal 0 0 -1
    outer loop
      vertex 185 -137 60
      vertex 181 -123 60
      vertex 181 -117 60
    endloop
  endfacet
  facet normal 0 0 -1
    outer loop
      vertex 185 -137 60
      vertex 181 -117 60
      vertex 181 -111 60
    endloop
  endfacet
  facet normal 0 0 -1
    outer loop
      vertex 185 -137 60
      vertex 181 -111 60
      vertex 181 -105 60
    endloop
  endfacet
  facet normal 0 0 -1
    outer loop
      vertex 185 -137 60
      vertex 181 -105 60
      vertex 181 -99 60
    endloop
  endfacet
  facet normal 0 0 -1
    outer loop
      vertex 185 -137 60
      vertex 181 -99 60
      vertex 185 -24.9802 60
    endloop
  endfacet
  facet normal -0 0 -1
    outer loop
      vertex 185 -24.9802 60
      vertex 181 -99 60
      vertex 181 -24.9802 60
    endloop
  endfacet
  facet normal 0 0 -1
    outer loop
      vertex 55 24.9802 60
      vertex 179 99 60
      vertex 179 24.9802 60
    endloop
  endfacet
  facet normal -0 0 -1
    outer loop
      vertex 179 99 60
      vertex 55 24.9802 60
      vertex 179 105 60
    endloop
  endfacet
  facet normal -0 0 -1
    outer loop
      vertex 179 105 60
      vertex 55 24.9802 60
      vertex 179 111 60
    endloop
  endfacet
  facet normal 0 -0 -1
    outer loop
      vertex 167 155 60
      vertex 179 111 60
      vertex 55 24.9802 60
    endloop
  endfacet
  facet normal 0 0 -1
    outer loop
      vertex 179 111 60
      vertex 167 155 60
      vertex 179 117 60
    endloop
  endfacet
  facet normal 0 0 -1
    outer loop
      vertex 179 117 60
      vertex 167 155 60
      vertex 179 123 60
    endloop
  endfacet
  facet normal 0 0 -1
    outer loop
      vertex 179 123 60
      vertex 167 155 60
      vertex 179 129 60
    endloop
  endfacet
  facet normal 0 0 -1
    outer loop
      vertex 179 129 60
      vertex 167 155 60
      vertex 179 135 60
    endloop
  endfacet
  facet normal -0 -0 -1
    outer loop
      vertex 169.349 154.846 60
      vertex 179 141 60
      vertex 167 155 60
    endloop
  endfacet
  facet normal -0 -0 -1
    outer loop
      vertex 171.659 154.387 60
      vertex 179 141 60
      vertex 169.349 154.846 60
    endloop
  endfacet
  facet normal 0 0 -1
    outer loop
      vertex 179 147 60
      vertex 176 152.588 60
      vertex 177.958 151.28 60
    endloop
  endfacet
  facet normal 0 0 -1
    outer loop
      vertex 179 147 60
      vertex 173.888 153.63 60
      vertex 176 152.588 60
    endloop
  endfacet
  facet normal 0 0 -1
    outer loop
      vertex 179 147 60
      vertex 171.659 154.387 60
      vertex 173.888 153.63 60
    endloop
  endfacet
  facet normal 0 0 -1
    outer loop
      vertex 179 141 60
      vertex 171.659 154.387 60
      vertex 179 147 60
    endloop
  endfacet
  facet normal 0 0 -1
    outer loop
      vertex 179 135 60
      vertex 167 155 60
      vertex 179 141 60
    endloop
  endfacet
  facet normal 0 0 -1
    outer loop
      vertex -185 -137 60
      vertex 55 -24.9802 60
      vertex 0 -152 60
    endloop
  endfacet
  facet normal -0 0 -1
    outer loop
      vertex 55 -24.9802 60
      vertex -185 -137 60
      vertex 55 24.9802 60
    endloop
  endfacet
  facet normal 0 0 -1
    outer loop
      vertex 0 152 60
      vertex 167 155 60
      vertex 55 24.9802 60
    endloop
  endfacet
  facet normal -0 0 -1
    outer loop
      vertex 167 155 60
      vertex 0 152 60
      vertex 0 155 60
    endloop
  endfacet
  facet normal 0 0 -1
    outer loop
      vertex 179 135 60
      vertex 181 141 60
      vertex 181 135 60
    endloop
  endfacet
  facet normal -0 0 -1
    outer loop
      vertex 181 141 60
      vertex 179 135 60
      vertex 179 141 60
    endloop
  endfacet
  facet normal 0 0 -1
    outer loop
      vertex 179 123 60
      vertex 181 129 60
      vertex 181 123 60
    endloop
  endfacet
  facet normal -0 0 -1
    outer loop
      vertex 181 129 60
      vertex 179 123 60
      vertex 179 129 60
    endloop
  endfacet
  facet normal 0 0 -1
    outer loop
      vertex 179 111 60
      vertex 181 117 60
      vertex 181 111 60
    endloop
  endfacet
  facet normal -0 0 -1
    outer loop
      vertex 181 117 60
      vertex 179 111 60
      vertex 179 117 60
    endloop
  endfacet
  facet normal 0 0 -1
    outer loop
      vertex 179 99 60
      vertex 181 105 60
      vertex 181 99 60
    endloop
  endfacet
  facet normal -0 0 -1
    outer loop
      vertex 181 105 60
      vertex 179 99 60
      vertex 179 105 60
    endloop
  endfacet
  facet normal 0 0 -1
    outer loop
      vertex 181 99 60
      vertex 185 137 60
      vertex 185 24.9802 60
    endloop
  endfacet
  facet normal 0 0 -1
    outer loop
      vertex 181 105 60
      vertex 185 137 60
      vertex 181 99 60
    endloop
  endfacet
  facet normal 0 0 -1
    outer loop
      vertex 181 111 60
      vertex 185 137 60
      vertex 181 105 60
    endloop
  endfacet
  facet normal 0 0 -1
    outer loop
      vertex 181 117 60
      vertex 185 137 60
      vertex 181 111 60
    endloop
  endfacet
  facet normal 0 0 -1
    outer loop
      vertex 181 129 60
      vertex 185 137 60
      vertex 181 123 60
    endloop
  endfacet
  facet normal 0 0 -1
    outer loop
      vertex 181 99 60
      vertex 185 24.9802 60
      vertex 181 24.9802 60
    endloop
  endfacet
  facet normal 0 0 -1
    outer loop
      vertex 181 123 60
      vertex 185 137 60
      vertex 181 117 60
    endloop
  endfacet
  facet normal 0 0 -1
    outer loop
      vertex 181 135 60
      vertex 185 137 60
      vertex 181 129 60
    endloop
  endfacet
  facet normal -0 0 -1
    outer loop
      vertex 185 137 60
      vertex 181 135 60
      vertex 184.846 139.349 60
    endloop
  endfacet
  facet normal 0 0 -1
    outer loop
      vertex 181 141 60
      vertex 184.846 139.349 60
      vertex 181 135 60
    endloop
  endfacet
  facet normal 0 0 -1
    outer loop
      vertex 184.846 139.349 60
      vertex 181 141 60
      vertex 184.387 141.659 60
    endloop
  endfacet
  facet normal -0 0 -1
    outer loop
      vertex 184.387 141.659 60
      vertex 181 141 60
      vertex 183.63 143.888 60
    endloop
  endfacet
  facet normal -0 0 -1
    outer loop
      vertex 183.63 143.888 60
      vertex 181 141 60
      vertex 182.588 146 60
    endloop
  endfacet
  facet normal 0 0 -1
    outer loop
      vertex 181 147 60
      vertex 182.588 146 60
      vertex 181 141 60
    endloop
  endfacet
  facet normal 0 0 -1
    outer loop
      vertex 182.588 146 60
      vertex 181 147 60
      vertex 181.28 147.958 60
    endloop
  endfacet
  facet normal 0 0 -1
    outer loop
      vertex 179 147 60
      vertex 181.28 147.958 60
      vertex 181 147 60
    endloop
  endfacet
  facet normal -0 0 -1
    outer loop
      vertex 181.28 147.958 60
      vertex 179 147 60
      vertex 179.728 149.728 60
    endloop
  endfacet
  facet normal -0 0 -1
    outer loop
      vertex 179.728 149.728 60
      vertex 179 147 60
      vertex 177.958 151.28 60
    endloop
  endfacet
  facet normal 0 0 -1
    outer loop
      vertex -185 -137 60
      vertex 0 -152 60
      vertex -176.881 -152 60
    endloop
  endfacet
  facet normal 0 0 -1
    outer loop
      vertex -185 137 60
      vertex 55 24.9802 60
      vertex -185 -137 60
    endloop
  endfacet
  facet normal 0 0 -1
    outer loop
      vertex -179.728 -149.728 60
      vertex -176.881 -152 60
      vertex -177.958 -151.28 60
    endloop
  endfacet
  facet normal 0 0 -1
    outer loop
      vertex 55 24.9802 60
      vertex -185 137 60
      vertex 0 152 60
    endloop
  endfacet
  facet normal 0 0 -1
    outer loop
      vertex -176.881 -152 60
      vertex -179.728 -149.728 60
      vertex -185 -137 60
    endloop
  endfacet
  facet normal -0 0 -1
    outer loop
      vertex 0 152 60
      vertex -185 137 60
      vertex -176.881 152 60
    endloop
  endfacet
  facet normal 0 0 -1
    outer loop
      vertex -185 -137 60
      vertex -179.728 -149.728 60
      vertex -181.28 -147.958 60
    endloop
  endfacet
  facet normal 0 -0 -1
    outer loop
      vertex -179.728 149.728 60
      vertex -176.881 152 60
      vertex -185 137 60
    endloop
  endfacet
  facet normal 0 0 -1
    outer loop
      vertex -185 -137 60
      vertex -181.28 -147.958 60
      vertex -182.588 -146 60
    endloop
  endfacet
  facet normal 0 0 -1
    outer loop
      vertex -176.881 152 60
      vertex -179.728 149.728 60
      vertex -177.958 151.28 60
    endloop
  endfacet
  facet normal 0 0 -1
    outer loop
      vertex -185 -137 60
      vertex -182.588 -146 60
      vertex -183.63 -143.888 60
    endloop
  endfacet
  facet normal 0 0 -1
    outer loop
      vertex -179.728 149.728 60
      vertex -185 137 60
      vertex -181.28 147.958 60
    endloop
  endfacet
  facet normal 0 0 -1
    outer loop
      vertex -185 -137 60
      vertex -183.63 -143.888 60
      vertex -184.387 -141.659 60
    endloop
  endfacet
  facet normal 0 0 -1
    outer loop
      vertex -181.28 147.958 60
      vertex -185 137 60
      vertex -182.588 146 60
    endloop
  endfacet
  facet normal 0 0 -1
    outer loop
      vertex -185 -137 60
      vertex -184.387 -141.659 60
      vertex -184.846 -139.349 60
    endloop
  endfacet
  facet normal 0 0 -1
    outer loop
      vertex -182.588 146 60
      vertex -185 137 60
      vertex -183.63 143.888 60
    endloop
  endfacet
  facet normal 0 0 -1
    outer loop
      vertex -183.63 143.888 60
      vertex -185 137 60
      vertex -184.387 141.659 60
    endloop
  endfacet
  facet normal 0 0 -1
    outer loop
      vertex -184.387 141.659 60
      vertex -185 137 60
      vertex -184.846 139.349 60
    endloop
  endfacet
  facet normal -0 0 1
    outer loop
      vertex -167 -155 60
      vertex 0 -160 60
      vertex 0 -155 60
    endloop
  endfacet
  facet normal 0 0 1
    outer loop
      vertex -300 -160 60
      vertex -176.881 -152 60
      vertex -300 -152 60
    endloop
  endfacet
  facet normal 0 0 1
    outer loop
      vertex -176.881 -152 60
      vertex -300 -160 60
      vertex -176 -152.588 60
    endloop
  endfacet
  facet normal 0 0 1
    outer loop
      vertex -176 -152.588 60
      vertex -300 -160 60
      vertex -173.888 -153.63 60
    endloop
  endfacet
  facet normal 0 0 1
    outer loop
      vertex -173.888 -153.63 60
      vertex -300 -160 60
      vertex -171.659 -154.387 60
    endloop
  endfacet
  facet normal 0 0 1
    outer loop
      vertex -171.659 -154.387 60
      vertex -300 -160 60
      vertex -169.349 -154.846 60
    endloop
  endfacet
  facet normal 0 0 1
    outer loop
      vertex -169.349 -154.846 60
      vertex -300 -160 60
      vertex -167 -155 60
    endloop
  endfacet
  facet normal 0 0 1
    outer loop
      vertex -167 -155 60
      vertex -300 -160 60
      vertex 0 -160 60
    endloop
  endfacet
  facet normal 0 0 1
    outer loop
      vertex 0 160 60
      vertex -167 155 60
      vertex 0 155 60
    endloop
  endfacet
  facet normal -0 0 1
    outer loop
      vertex -300 160 60
      vertex -167 155 60
      vertex 0 160 60
    endloop
  endfacet
  facet normal 0 0 1
    outer loop
      vertex -300 160 60
      vertex -169.349 154.846 60
      vertex -167 155 60
    endloop
  endfacet
  facet normal 0 0 1
    outer loop
      vertex -300 160 60
      vertex -171.659 154.387 60
      vertex -169.349 154.846 60
    endloop
  endfacet
  facet normal 0 0 1
    outer loop
      vertex -300 160 60
      vertex -173.888 153.63 60
      vertex -171.659 154.387 60
    endloop
  endfacet
  facet normal 0 0 1
    outer loop
      vertex -300 160 60
      vertex -176 152.588 60
      vertex -173.888 153.63 60
    endloop
  endfacet
  facet normal 0 0 1
    outer loop
      vertex -300 160 60
      vertex -176.881 152 60
      vertex -176 152.588 60
    endloop
  endfacet
  facet normal 0 0 1
    outer loop
      vertex -176.881 152 60
      vertex -300 160 60
      vertex -300 152 60
    endloop
  endfacet
  facet normal 0 -1 0
    outer loop
      vertex -109.137 -160 14.4011
      vertex 0 -160 60
      vertex -300 -160 60
    endloop
  endfacet
  facet normal 0 -1 0
    outer loop
      vertex 0 -160 60
      vertex -109.137 -160 14.4011
      vertex -100 -160 15
    endloop
  endfacet
  facet normal 0 -1 0
    outer loop
      vertex -300 -160 60
      vertex -118.117 -160 12.6148
      vertex -109.137 -160 14.4011
    endloop
  endfacet
  facet normal 0 -1 0
    outer loop
      vertex -300 -160 60
      vertex -126.788 -160 9.67157
      vertex -118.117 -160 12.6148
    endloop
  endfacet
  facet normal 0 -1 0
    outer loop
      vertex -300 -160 60
      vertex -135 -160 5.62178
      vertex -126.788 -160 9.67157
    endloop
  endfacet
  facet normal 0 -1 0
    outer loop
      vertex -300 -160 60
      vertex -142.613 -160 0.534734
      vertex -135 -160 5.62178
    endloop
  endfacet
  facet normal 0 -1 0
    outer loop
      vertex -300 -160 60
      vertex -149.497 -160 -5.50252
      vertex -142.613 -160 0.534734
    endloop
  endfacet
  facet normal 0 -1 0
    outer loop
      vertex -300 -160 60
      vertex -155.535 -160 -12.3867
      vertex -149.497 -160 -5.50252
    endloop
  endfacet
  facet normal 0 -1 0
    outer loop
      vertex -300 -160 60
      vertex -160.622 -160 -20
      vertex -155.535 -160 -12.3867
    endloop
  endfacet
  facet normal 0 -1 0
    outer loop
      vertex -227 -160 -53
      vertex -160.622 -160 -20
      vertex -300 -160 60
    endloop
  endfacet
  facet normal 0 -1 0
    outer loop
      vertex -160.622 -160 -20
      vertex -227 -160 -53
      vertex -164.672 -160 -28.2122
    endloop
  endfacet
  facet normal 0 -1 0
    outer loop
      vertex -164.672 -160 -28.2122
      vertex -227 -160 -53
      vertex -167.615 -160 -36.8827
    endloop
  endfacet
  facet normal 0 -1 0
    outer loop
      vertex -227 -160 -53
      vertex -300 -160 60
      vertex -229 -160 -53
    endloop
  endfacet
  facet normal 0 -1 0
    outer loop
      vertex -300 -160 60
      vertex -288.348 -160 -54.6486
      vertex -229 -160 -53
    endloop
  endfacet
  facet normal 0 -1 0
    outer loop
      vertex -300 -160 -60
      vertex -288.348 -160 -54.6486
      vertex -300 -160 60
    endloop
  endfacet
  facet normal 0 -1 -0
    outer loop
      vertex -288.348 -160 -54.6486
      vertex -300 -160 -60
      vertex -288.348 -160 -58.3514
    endloop
  endfacet
  facet normal 0 -1 -0
    outer loop
      vertex -288.348 -160 -58.3514
      vertex -300 -160 -60
      vertex -229 -160 -60
    endloop
  endfacet
  facet normal 0 -1 0
    outer loop
      vertex -90.8632 -160 14.4011
      vertex 0 -160 60
      vertex -100 -160 15
    endloop
  endfacet
  facet normal 0 -1 0
    outer loop
      vertex -81.8827 -160 12.6148
      vertex 0 -160 60
      vertex -90.8632 -160 14.4011
    endloop
  endfacet
  facet normal 0 -1 0
    outer loop
      vertex -73.2122 -160 9.67157
      vertex 0 -160 60
      vertex -81.8827 -160 12.6148
    endloop
  endfacet
  facet normal 0 -1 0
    outer loop
      vertex -65 -160 5.62178
      vertex 0 -160 60
      vertex -73.2122 -160 9.67157
    endloop
  endfacet
  facet normal 0 -1 0
    outer loop
      vertex -57.3867 -160 0.534734
      vertex 0 -160 60
      vertex -65 -160 5.62178
    endloop
  endfacet
  facet normal 0 -1 0
    outer loop
      vertex -50.5025 -160 -5.50252
      vertex 0 -160 60
      vertex -57.3867 -160 0.534734
    endloop
  endfacet
  facet normal 0 -1 0
    outer loop
      vertex -44.4653 -160 -12.3867
      vertex 0 -160 60
      vertex -50.5025 -160 -5.50252
    endloop
  endfacet
  facet normal 0 -1 0
    outer loop
      vertex -39.3782 -160 -20
      vertex 0 -160 60
      vertex -44.4653 -160 -12.3867
    endloop
  endfacet
  facet normal 0 -1 0
    outer loop
      vertex -35.3284 -160 -28.2122
      vertex 0 -160 60
      vertex -39.3782 -160 -20
    endloop
  endfacet
  facet normal 0 -1 0
    outer loop
      vertex -32.3852 -160 -36.8827
      vertex 0 -160 60
      vertex -35.3284 -160 -28.2122
    endloop
  endfacet
  facet normal 0 -1 0
    outer loop
      vertex -32.3852 -160 -36.8827
      vertex 179 -160 -42.8298
      vertex 0 -160 60
    endloop
  endfacet
  facet normal 0 -1 0
    outer loop
      vertex -30.5989 -160 -45.8632
      vertex 179 -160 -42.8298
      vertex -32.3852 -160 -36.8827
    endloop
  endfacet
  facet normal 0 -1 0
    outer loop
      vertex -30 -160 -55
      vertex 179 -160 -42.8298
      vertex -30.5989 -160 -45.8632
    endloop
  endfacet
  facet normal 0 -1 0
    outer loop
      vertex -30.5989 -160 -64.1368
      vertex 179 -160 -42.8298
      vertex -30 -160 -55
    endloop
  endfacet
  facet normal 0 -1 0
    outer loop
      vertex -30.7706 -160 -65
      vertex 179 -160 -42.8298
      vertex -30.5989 -160 -64.1368
    endloop
  endfacet
  facet normal 0 -1 0
    outer loop
      vertex 181 -160 -43.9787
      vertex 188 -160 -55
      vertex 188 -160 -48
    endloop
  endfacet
  facet normal 0 -1 0
    outer loop
      vertex 190 -160 -65
      vertex 179 -160 -42.8298
      vertex -30.7706 -160 -65
    endloop
  endfacet
  facet normal 0 -1 0
    outer loop
      vertex 188 -160 -55
      vertex 189 -160 -60
      vertex 189 -160 -55
    endloop
  endfacet
  facet normal 0 -1 0
    outer loop
      vertex 179 -160 -42.8298
      vertex 188 -160 -55
      vertex 181 -160 -43.9787
    endloop
  endfacet
  facet normal -0 -1 -0
    outer loop
      vertex 188 -160 -55
      vertex 179 -160 -42.8298
      vertex 189 -160 -60
    endloop
  endfacet
  facet normal -0 -1 -0
    outer loop
      vertex 189 -160 -60
      vertex 179 -160 -42.8298
      vertex 190 -160 -65
    endloop
  endfacet
  facet normal 0 -1 0
    outer loop
      vertex 189 -160 -60
      vertex 190 -160 -65
      vertex 190 -160 -60
    endloop
  endfacet
  facet normal 0 -1 0
    outer loop
      vertex 179 -160 -42.8298
      vertex 181 -160 60
      vertex 179 -160 60
    endloop
  endfacet
  facet normal 0 -1 -0
    outer loop
      vertex 181 -160 60
      vertex 179 -160 -42.8298
      vertex 181 -160 -43.9787
    endloop
  endfacet
  facet normal 0 -1 0
    outer loop
      vertex -190 -160 -60
      vertex -167.615 -160 -36.8827
      vertex -227 -160 -53
    endloop
  endfacet
  facet normal 0 -1 0
    outer loop
      vertex -167.615 -160 -36.8827
      vertex -190 -160 -60
      vertex -169.401 -160 -45.8632
    endloop
  endfacet
  facet normal 0 -1 0
    outer loop
      vertex -190 -160 -60
      vertex -227 -160 -53
      vertex -227 -160 -60
    endloop
  endfacet
  facet normal 0 -1 0
    outer loop
      vertex -169.401 -160 -45.8632
      vertex -190 -160 -60
      vertex -170 -160 -55
    endloop
  endfacet
  facet normal 0 -1 0
    outer loop
      vertex -190 -160 -60
      vertex -169.401 -160 -64.1368
      vertex -170 -160 -55
    endloop
  endfacet
  facet normal 0 -1 0
    outer loop
      vertex -190 -160 -65
      vertex -169.401 -160 -64.1368
      vertex -190 -160 -60
    endloop
  endfacet
  facet normal 0 -1 -0
    outer loop
      vertex -169.401 -160 -64.1368
      vertex -190 -160 -65
      vertex -169.229 -160 -65
    endloop
  endfacet
  facet normal 0.771113 0 0.636699
    outer loop
      vertex 181 -153 60
      vertex 181 -160 60
      vertex 259.75 -153 -35.375
    endloop
  endfacet
  facet normal 0.771113 0 0.636699
    outer loop
      vertex 181 -141 60
      vertex 181 -147 60
      vertex 261 -141 -36.8889
    endloop
  endfacet
  facet normal 0.771113 0 0.636699
    outer loop
      vertex 181 -129 60
      vertex 181 -135 60
      vertex 261 -129 -36.8889
    endloop
  endfacet
  facet normal 0.771113 0 0.636699
    outer loop
      vertex 181 -117 60
      vertex 181 -123 60
      vertex 261 -117 -36.8889
    endloop
  endfacet
  facet normal 0.771113 0 0.636699
    outer loop
      vertex 181 -105 60
      vertex 181 -111 60
      vertex 261 -105 -36.8889
    endloop
  endfacet
  facet normal 0.771158 0.00148307 0.636642
    outer loop
      vertex 189.506 -41.7017 49.6981
      vertex 210 -43.3615 24.8778
      vertex 209.899 -43.3013 25
    endloop
  endfacet
  facet normal 0.77111 3.03609e-06 0.636702
    outer loop
      vertex 189.506 -41.7017 49.6981
      vertex 181 -99 60
      vertex 210 -43.3615 24.8778
    endloop
  endfacet
  facet normal 0.771106 4.56424e-06 0.636707
    outer loop
      vertex 187.962 -39.5695 51.568
      vertex 181 -99 60
      vertex 189.506 -41.7017 49.6981
    endloop
  endfacet
  facet normal 0.771129 -2.04646e-06 0.636679
    outer loop
      vertex 184.062 -32.5 56.2916
      vertex 181 -99 60
      vertex 187.962 -39.5695 51.568
    endloop
  endfacet
  facet normal 0.771111 -0 0.636701
    outer loop
      vertex 181 -99 60
      vertex 184.062 -32.5 56.2916
      vertex 181 -24.9802 60
    endloop
  endfacet
  facet normal 0.771184 3.15795e-05 0.636612
    outer loop
      vertex 187.768 -3 51.8034
      vertex 189.61 -6.52631 49.5722
      vertex 189.419 -3 49.8034
    endloop
  endfacet
  facet normal 0.771162 2.7895e-06 0.636639
    outer loop
      vertex 187.973 -6.78736 51.5551
      vertex 189.61 -6.52631 49.5722
      vertex 187.768 -3 51.8034
    endloop
  endfacet
  facet normal 0.771157 7.84759e-05 0.636645
    outer loop
      vertex 187.973 -6.78736 51.5551
      vertex 190.664 -12.941 48.2963
      vertex 189.61 -6.52631 49.5722
    endloop
  endfacet
  facet normal 0.77112 3.90719e-05 0.63669
    outer loop
      vertex 189.069 -13.4586 50.2281
      vertex 190.664 -12.941 48.2963
      vertex 187.973 -6.78736 51.5551
    endloop
  endfacet
  facet normal 0.771137 -8.83558e-05 0.636669
    outer loop
      vertex 189.069 -13.4586 50.2281
      vertex 192.399 -19.1342 46.194
      vertex 190.664 -12.941 48.2963
    endloop
  endfacet
  facet normal 0.771231 4.76405e-05 0.636555
    outer loop
      vertex 190.874 -19.8995 48.0417
      vertex 192.399 -19.1342 46.194
      vertex 189.069 -13.4586 50.2281
    endloop
  endfacet
  facet normal 0.771207 0.000164723 0.636584
    outer loop
      vertex 190.874 -19.8995 48.0417
      vertex 194.788 -25 43.3013
      vertex 192.399 -19.1342 46.194
    endloop
  endfacet
  facet normal 0.771128 1.56788e-05 0.63668
    outer loop
      vertex 193.358 -26 45.0333
      vertex 194.788 -25 43.3013
      vertex 190.874 -19.8995 48.0417
    endloop
  endfacet
  facet normal 0.771134 -2.83583e-06 0.636673
    outer loop
      vertex 193.358 -26 45.0333
      vertex 197.788 -30.4381 39.6677
      vertex 194.788 -25 43.3013
    endloop
  endfacet
  facet normal 0.771138 8.23711e-06 0.636668
    outer loop
      vertex 196.478 -31.6556 41.2544
      vertex 197.788 -30.4381 39.6677
      vertex 193.358 -26 45.0333
    endloop
  endfacet
  facet normal 0.771145 -9.2823e-06 0.63666
    outer loop
      vertex 197.713 -33.3613 39.7585
      vertex 197.788 -30.4381 39.6677
      vertex 196.478 -31.6556 41.2544
    endloop
  endfacet
  facet normal 0.771099 -6.37426e-06 0.636716
    outer loop
      vertex 197.788 -30.4381 39.6677
      vertex 197.713 -33.3613 39.7585
      vertex 199.712 -33.095 37.3376
    endloop
  endfacet
  facet normal 0.771089 0.000180532 0.636728
    outer loop
      vertex 197.713 -33.3613 39.7585
      vertex 197.846 -35.3553 39.598
      vertex 199.712 -33.095 37.3376
    endloop
  endfacet
  facet normal 0.771042 0.000172854 0.636784
    outer loop
      vertex 189.506 -41.7017 49.6981
      vertex 197.846 -35.3553 39.598
      vertex 197.713 -33.3613 39.7585
    endloop
  endfacet
  facet normal 0.771107 -3.83213e-05 0.636706
    outer loop
      vertex 189.506 -41.7017 49.6981
      vertex 201.349 -39.598 35.3553
      vertex 197.846 -35.3553 39.598
    endloop
  endfacet
  facet normal 0.771109 -7.08091e-05 0.636703
    outer loop
      vertex 209.899 -43.3013 25
      vertex 201.349 -39.598 35.3553
      vertex 189.506 -41.7017 49.6981
    endloop
  endfacet
  facet normal 0.771118 -2.0195e-05 0.636692
    outer loop
      vertex 201.349 -39.598 35.3553
      vertex 209.899 -43.3013 25
      vertex 205.409 -39.6677 30.4381
    endloop
  endfacet
  facet normal 0.771119 9.04899e-05 0.636691
    outer loop
      vertex 203.215 -37.3376 33.095
      vertex 201.349 -39.598 35.3553
      vertex 205.409 -39.6677 30.4381
    endloop
  endfacet
  facet normal 0.771113 -0 0.636698
    outer loop
      vertex 210 -43.3615 24.8778
      vertex 271 -8 -49
      vertex 210 -2.57778 24.8778
    endloop
  endfacet
  facet normal 0.771113 -3.00392e-07 0.636699
    outer loop
      vertex 261 -99 -36.8889
      vertex 210 -43.3615 24.8778
      vertex 181 -99 60
    endloop
  endfacet
  facet normal 0.771113 -1.10253e-07 0.636698
    outer loop
      vertex 210 -43.3615 24.8778
      vertex 261 -99 -36.8889
      vertex 271 -8 -49
    endloop
  endfacet
  facet normal 0.771112 0 0.636699
    outer loop
      vertex 271 -152 -49
      vertex 261 -99 -36.8889
      vertex 261 -105 -36.8889
    endloop
  endfacet
  facet normal 0.771113 -0 0.636699
    outer loop
      vertex 261 -111 -36.8889
      vertex 261 -105 -36.8889
      vertex 181 -111 60
    endloop
  endfacet
  facet normal 0.771112 0 0.636699
    outer loop
      vertex 271 -152 -49
      vertex 261 -105 -36.8889
      vertex 261 -111 -36.8889
    endloop
  endfacet
  facet normal 0.771112 0 0.636699
    outer loop
      vertex 271 -152 -49
      vertex 261 -111 -36.8889
      vertex 261 -117 -36.8889
    endloop
  endfacet
  facet normal 0.771113 -0 0.636699
    outer loop
      vertex 261 -123 -36.8889
      vertex 261 -117 -36.8889
      vertex 181 -123 60
    endloop
  endfacet
  facet normal 0.771112 0 0.636699
    outer loop
      vertex 271 -152 -49
      vertex 261 -117 -36.8889
      vertex 261 -123 -36.8889
    endloop
  endfacet
  facet normal 0.771112 0 0.636699
    outer loop
      vertex 271 -152 -49
      vertex 261 -123 -36.8889
      vertex 261 -129 -36.8889
    endloop
  endfacet
  facet normal 0.771113 -0 0.636699
    outer loop
      vertex 261 -135 -36.8889
      vertex 261 -129 -36.8889
      vertex 181 -135 60
    endloop
  endfacet
  facet normal 0.771112 0 0.636699
    outer loop
      vertex 271 -152 -49
      vertex 261 -129 -36.8889
      vertex 261 -135 -36.8889
    endloop
  endfacet
  facet normal 0.771112 0 0.636699
    outer loop
      vertex 271 -152 -49
      vertex 261 -135 -36.8889
      vertex 261 -141 -36.8889
    endloop
  endfacet
  facet normal 0.771113 -0 0.636699
    outer loop
      vertex 261 -147 -36.8889
      vertex 261 -141 -36.8889
      vertex 181 -147 60
    endloop
  endfacet
  facet normal 0.771112 0 0.636699
    outer loop
      vertex 271 -152 -49
      vertex 261 -141 -36.8889
      vertex 261 -147 -36.8889
    endloop
  endfacet
  facet normal 0.771112 0 0.636699
    outer loop
      vertex 261 -99 -36.8889
      vertex 271 -152 -49
      vertex 271 -8 -49
    endloop
  endfacet
  facet normal 0.771112 0 0.636699
    outer loop
      vertex 271 -152 -49
      vertex 261 -147 -36.8889
      vertex 261 -152.889 -36.8889
    endloop
  endfacet
  facet normal 1 0 0
    outer loop
      vertex 271 -8 -49
      vertex 271 -35.2667 -54.5556
      vertex 271 -8 -59
    endloop
  endfacet
  facet normal 1 0 0
    outer loop
      vertex 271 -8 -49
      vertex 271 -56.7333 -54.5556
      vertex 271 -35.2667 -54.5556
    endloop
  endfacet
  facet normal 1 0 0
    outer loop
      vertex 271 -56.7333 -54.5556
      vertex 271 -87.2667 -54.5556
      vertex 271 -56.7333 -58.4444
    endloop
  endfacet
  facet normal 1 0 0
    outer loop
      vertex 271 -8 -49
      vertex 271 -87.2667 -54.5556
      vertex 271 -56.7333 -54.5556
    endloop
  endfacet
  facet normal 1 -0 0
    outer loop
      vertex 271 -152 -49
      vertex 271 -87.2667 -54.5556
      vertex 271 -8 -49
    endloop
  endfacet
  facet normal 1 0 0
    outer loop
      vertex 271 -108.733 -54.5556
      vertex 271 -139.267 -54.5556
      vertex 271 -108.733 -58.4444
    endloop
  endfacet
  facet normal 1 0 0
    outer loop
      vertex 271 -87.2667 -54.5556
      vertex 271 -152 -49
      vertex 271 -108.733 -54.5556
    endloop
  endfacet
  facet normal 1 0 0
    outer loop
      vertex 271 -108.733 -54.5556
      vertex 271 -152 -49
      vertex 271 -139.267 -54.5556
    endloop
  endfacet
  facet normal 1 0 0
    outer loop
      vertex 271 -139.267 -54.5556
      vertex 271 -152 -49
      vertex 271 -152 -54.5556
    endloop
  endfacet
  facet normal 1 -0 0
    outer loop
      vertex 271 -35.2667 -58.4444
      vertex 271 -8 -59
      vertex 271 -35.2667 -54.5556
    endloop
  endfacet
  facet normal 1 -0 0
    outer loop
      vertex 271 -56.7333 -58.4444
      vertex 271 -8 -59
      vertex 271 -35.2667 -58.4444
    endloop
  endfacet
  facet normal 1 0 0
    outer loop
      vertex 271 -87.2667 -58.4444
      vertex 271 -56.7333 -58.4444
      vertex 271 -87.2667 -54.5556
    endloop
  endfacet
  facet normal 1 -0 0
    outer loop
      vertex 271 -87.2667 -58.4444
      vertex 271 -8 -59
      vertex 271 -56.7333 -58.4444
    endloop
  endfacet
  facet normal 1 -0 0
    outer loop
      vertex 271 -108.733 -58.4444
      vertex 271 -8 -59
      vertex 271 -87.2667 -58.4444
    endloop
  endfacet
  facet normal 1 0 0
    outer loop
      vertex 271 -139.267 -58.4444
      vertex 271 -108.733 -58.4444
      vertex 271 -139.267 -54.5556
    endloop
  endfacet
  facet normal 1 0 0
    outer loop
      vertex 271 -152 -59
      vertex 271 -108.733 -58.4444
      vertex 271 -139.267 -58.4444
    endloop
  endfacet
  facet normal 1 0 0
    outer loop
      vertex 271 -152 -59
      vertex 271 -139.267 -58.4444
      vertex 271 -152 -58.4444
    endloop
  endfacet
  facet normal 1 0 0
    outer loop
      vertex 271 -108.733 -58.4444
      vertex 271 -152 -59
      vertex 271 -8 -59
    endloop
  endfacet
  facet normal 0.0111146 0 -0.999938
    outer loop
      vertex 191 -23 -59.8889
      vertex 204.333 -14.9556 -59.7407
      vertex 204.333 -25.0444 -59.7407
    endloop
  endfacet
  facet normal 0.0111146 0 -0.999938
    outer loop
      vertex 191 -23 -59.8889
      vertex 191 -17 -59.8889
      vertex 204.333 -14.9556 -59.7407
    endloop
  endfacet
  facet normal 0.0110993 0 -0.999938
    outer loop
      vertex 190 -23 -59.9
      vertex 191 -17 -59.8889
      vertex 191 -23 -59.8889
    endloop
  endfacet
  facet normal 0.0110993 0 -0.999938
    outer loop
      vertex 191 -17 -59.8889
      vertex 190 -23 -59.9
      vertex 190 -17 -59.9
    endloop
  endfacet
  facet normal 0.0111146 0 -0.999938
    outer loop
      vertex 191 -75 -59.8889
      vertex 204.333 -66.9556 -59.7407
      vertex 204.333 -77.0444 -59.7407
    endloop
  endfacet
  facet normal 0.0111146 0 -0.999938
    outer loop
      vertex 191 -75 -59.8889
      vertex 191 -69 -59.8889
      vertex 204.333 -66.9556 -59.7407
    endloop
  endfacet
  facet normal 0.0110993 0 -0.999938
    outer loop
      vertex 190 -75 -59.9
      vertex 191 -69 -59.8889
      vertex 191 -75 -59.8889
    endloop
  endfacet
  facet normal 0.0110993 0 -0.999938
    outer loop
      vertex 191 -69 -59.8889
      vertex 190 -75 -59.9
      vertex 190 -69 -59.9
    endloop
  endfacet
  facet normal 0.0111098 0 -0.999938
    outer loop
      vertex 204.333 -111 -59.7407
      vertex 261 -105 -59.1111
      vertex 261 -111 -59.1111
    endloop
  endfacet
  facet normal 0.0111098 0 -0.999938
    outer loop
      vertex 261 -105 -59.1111
      vertex 204.333 -111 -59.7407
      vertex 204.333 -105 -59.7407
    endloop
  endfacet
  facet normal 0.0111098 0 -0.999938
    outer loop
      vertex 261 -123 -59.1111
      vertex 204.333 -118.956 -59.7407
      vertex 261 -117 -59.1111
    endloop
  endfacet
  facet normal 0.0111106 1.04349e-05 -0.999938
    outer loop
      vertex 190 -123 -59.9
      vertex 204.333 -118.956 -59.7407
      vertex 261 -123 -59.1111
    endloop
  endfacet
  facet normal 0.0111159 -8.27258e-06 -0.999938
    outer loop
      vertex 204.333 -118.956 -59.7407
      vertex 190 -123 -59.9
      vertex 191 -121 -59.8889
    endloop
  endfacet
  facet normal 0.0110993 0 -0.999938
    outer loop
      vertex 191 -121 -59.8889
      vertex 190 -123 -59.9
      vertex 190 -121 -59.9
    endloop
  endfacet
  facet normal 0.0111098 0 -0.999938
    outer loop
      vertex 204.333 -135 -59.7407
      vertex 261 -129 -59.1111
      vertex 261 -135 -59.1111
    endloop
  endfacet
  facet normal 0.0111098 0 -0.999938
    outer loop
      vertex 204.333 -129.044 -59.7407
      vertex 261 -129 -59.1111
      vertex 204.333 -135 -59.7407
    endloop
  endfacet
  facet normal 0.0111112 -0.00176242 -0.999937
    outer loop
      vertex 261 -129 -59.1111
      vertex 204.333 -129.044 -59.7407
      vertex 204.043 -129 -59.744
    endloop
  endfacet
  facet normal 0.0111098 0 -0.999938
    outer loop
      vertex 204.333 -147 -59.7407
      vertex 261 -141 -59.1111
      vertex 261 -147 -59.1111
    endloop
  endfacet
  facet normal 0.0111098 0 -0.999938
    outer loop
      vertex 261 -141 -59.1111
      vertex 204.333 -147 -59.7407
      vertex 204.333 -141 -59.7407
    endloop
  endfacet
  facet normal 0.0111093 0 -0.999938
    outer loop
      vertex 261 -147 -59.1111
      vertex 271 -152 -59
      vertex 261 -152.889 -59.1111
    endloop
  endfacet
  facet normal 0.0111093 0 -0.999938
    outer loop
      vertex 261 -141 -59.1111
      vertex 271 -152 -59
      vertex 261 -147 -59.1111
    endloop
  endfacet
  facet normal 0.0111093 0 -0.999938
    outer loop
      vertex 261 -135 -59.1111
      vertex 271 -152 -59
      vertex 261 -141 -59.1111
    endloop
  endfacet
  facet normal 0.0111093 0 -0.999938
    outer loop
      vertex 261 -129 -59.1111
      vertex 271 -152 -59
      vertex 261 -135 -59.1111
    endloop
  endfacet
  facet normal 0.0111093 0 -0.999938
    outer loop
      vertex 261 -123 -59.1111
      vertex 271 -152 -59
      vertex 261 -129 -59.1111
    endloop
  endfacet
  facet normal 0.0111093 0 -0.999938
    outer loop
      vertex 261 -117 -59.1111
      vertex 271 -152 -59
      vertex 261 -123 -59.1111
    endloop
  endfacet
  facet normal 0.0111093 0 -0.999938
    outer loop
      vertex 261 -111 -59.1111
      vertex 271 -152 -59
      vertex 261 -117 -59.1111
    endloop
  endfacet
  facet normal 0.0111093 0 -0.999938
    outer loop
      vertex 261 -105 -59.1111
      vertex 271 -152 -59
      vertex 261 -111 -59.1111
    endloop
  endfacet
  facet normal 0.0111093 0 -0.999938
    outer loop
      vertex 261 -99 -59.1111
      vertex 271 -152 -59
      vertex 261 -105 -59.1111
    endloop
  endfacet
  facet normal 0.0111093 0 -0.999938
    outer loop
      vertex 271 -152 -59
      vertex 261 -99 -59.1111
      vertex 271 -8 -59
    endloop
  endfacet
  facet normal 0.0111098 0 -0.999938
    outer loop
      vertex 204.333 -77.0444 -59.7407
      vertex 261 -99 -59.1111
      vertex 204.333 -99 -59.7407
    endloop
  endfacet
  facet normal 0.0111098 0 -0.999938
    outer loop
      vertex 204.333 -66.9556 -59.7407
      vertex 261 -99 -59.1111
      vertex 204.333 -77.0444 -59.7407
    endloop
  endfacet
  facet normal 0.0111098 -5.40942e-08 -0.999938
    outer loop
      vertex 261 -99 -59.1111
      vertex 204.333 -66.9556 -59.7407
      vertex 271 -8 -59
    endloop
  endfacet
  facet normal 0.0111098 0 -0.999938
    outer loop
      vertex 204.333 -25.0444 -59.7407
      vertex 271 -8 -59
      vertex 204.333 -66.9556 -59.7407
    endloop
  endfacet
  facet normal 0.0111098 0 -0.999938
    outer loop
      vertex 204.333 -14.9556 -59.7407
      vertex 271 -8 -59
      vertex 204.333 -25.0444 -59.7407
    endloop
  endfacet
  facet normal 0.0111098 0 -0.999938
    outer loop
      vertex 271 -8 -59
      vertex 204.333 -14.9556 -59.7407
      vertex 204.333 -2.07407 -59.7407
    endloop
  endfacet
  facet normal 0.0111098 0 -0.999938
    outer loop
      vertex 261 -117 -59.1111
      vertex 204.333 -118.956 -59.7407
      vertex 204.333 -117 -59.7407
    endloop
  endfacet
  facet normal 0.0111096 0 -0.999938
    outer loop
      vertex 259.75 -153 -59.125
      vertex 204.333 -157.926 -59.7407
      vertex 204.333 -153 -59.7407
    endloop
  endfacet
  facet normal 0.0885398 0.996073 -0
    outer loop
      vertex 189 -0.711111 -55
      vertex 181 0 -53
      vertex 189 -0.711111 -53
    endloop
  endfacet
  facet normal 0.0885398 0.996073 0
    outer loop
      vertex 181 0 -53
      vertex 189 -0.711111 -55
      vertex 181 0 -55
    endloop
  endfacet
  facet normal 0.0885411 0.996073 1.1485e-06
    outer loop
      vertex 257.514 -6.80122 -54.2933
      vertex 210 -2.57778 24.8778
      vertex 271 -8 -49
    endloop
  endfacet
  facet normal 0.0885409 0.996073 0
    outer loop
      vertex 210 -2.57778 -49.831
      vertex 208 -2.4 -53
      vertex 208 -2.4 -49.8427
    endloop
  endfacet
  facet normal 0.0885392 0.996073 0
    outer loop
      vertex 210 -2.57778 24.8778
      vertex 257.514 -6.80122 -54.2933
      vertex 210 -2.57778 -49.831
    endloop
  endfacet
  facet normal 0.0885398 0.996073 1.85774e-05
    outer loop
      vertex 208 -2.4 -53
      vertex 257.514 -6.80122 -54.2933
      vertex 191 -0.888889 -53
    endloop
  endfacet
  facet normal 0.0885393 0.996073 9.92473e-07
    outer loop
      vertex 210 -2.57778 -49.831
      vertex 257.514 -6.80122 -54.2933
      vertex 208 -2.4 -53
    endloop
  endfacet
  facet normal 0.0885416 0.996072 -0
    outer loop
      vertex 271 -8 -59
      vertex 257.514 -6.80122 -54.2933
      vertex 271 -8 -49
    endloop
  endfacet
  facet normal 0.0885416 0.996072 0
    outer loop
      vertex 257.514 -6.80122 -54.2933
      vertex 271 -8 -59
      vertex 257.514 -6.80122 -58.7067
    endloop
  endfacet
  facet normal 0.0885401 0.996073 -6.6566e-05
    outer loop
      vertex 257.514 -6.80122 -58.7067
      vertex 271 -8 -59
      vertex 204.333 -2.07407 -59.7407
    endloop
  endfacet
  facet normal -1 0 0
    outer loop
      vertex 261 147 -59.1111
      vertex 261 152.889 -36.8889
      vertex 261 152.889 -59.1111
    endloop
  endfacet
  facet normal -1 -0 0
    outer loop
      vertex 261 152.889 -36.8889
      vertex 261 147 -59.1111
      vertex 261 147 -36.8889
    endloop
  endfacet
  facet normal 0 1 -0
    outer loop
      vertex 261 147 -59.1111
      vertex 190 147 -55
      vertex 261 147 -36.8889
    endloop
  endfacet
  facet normal 0 1 0
    outer loop
      vertex 190 147 -55
      vertex 261 147 -59.1111
      vertex 190 147 -59.9
    endloop
  endfacet
  facet normal 0 1 -0
    outer loop
      vertex 190 147 -55
      vertex 181 147 60
      vertex 261 147 -36.8889
    endloop
  endfacet
  facet normal 0 1 0
    outer loop
      vertex 179 147 -55
      vertex 181 147 60
      vertex 190 147 -55
    endloop
  endfacet
  facet normal 0 1 0
    outer loop
      vertex 181 147 60
      vertex 179 147 -55
      vertex 179 147 60
    endloop
  endfacet
  facet normal 0 -1 0
    outer loop
      vertex 179 153 -42.8298
      vertex 181 153 60
      vertex 179 153 60
    endloop
  endfacet
  facet normal 0 -1 0
    outer loop
      vertex 188 153 -48
      vertex 181 153 60
      vertex 179 153 -42.8298
    endloop
  endfacet
  facet normal 0 -1 0
    outer loop
      vertex 181 153 60
      vertex 188 153 -48
      vertex 259.75 153 -35.375
    endloop
  endfacet
  facet normal 0 -1 0
    outer loop
      vertex 190 153 -55
      vertex 188 153 -48
      vertex 188 153 -55
    endloop
  endfacet
  facet normal 0 -1 0
    outer loop
      vertex 188 153 -48
      vertex 190 153 -55
      vertex 259.75 153 -35.375
    endloop
  endfacet
  facet normal 0 -1 0
    outer loop
      vertex 190 153 -55
      vertex 259.75 153 -59.125
      vertex 259.75 153 -35.375
    endloop
  endfacet
  facet normal -0 -1 0
    outer loop
      vertex 259.75 153 -59.125
      vertex 190 153 -55
      vertex 190 153 -59.9
    endloop
  endfacet
  facet normal -1 0 0
    outer loop
      vertex 261 135 -59.1111
      vertex 261 141 -36.8889
      vertex 261 141 -59.1111
    endloop
  endfacet
  facet normal -1 -0 0
    outer loop
      vertex 261 141 -36.8889
      vertex 261 135 -59.1111
      vertex 261 135 -36.8889
    endloop
  endfacet
  facet normal 0 1 -0
    outer loop
      vertex 261 135 -59.1111
      vertex 190 135 -55
      vertex 261 135 -36.8889
    endloop
  endfacet
  facet normal 0 1 0
    outer loop
      vertex 190 135 -55
      vertex 261 135 -59.1111
      vertex 190 135 -59.9
    endloop
  endfacet
  facet normal 0 1 -0
    outer loop
      vertex 190 135 -55
      vertex 181 135 60
      vertex 261 135 -36.8889
    endloop
  endfacet
  facet normal 0 1 0
    outer loop
      vertex 179 135 -55
      vertex 181 135 60
      vertex 190 135 -55
    endloop
  endfacet
  facet normal 0 1 0
    outer loop
      vertex 181 135 60
      vertex 179 135 -55
      vertex 179 135 60
    endloop
  endfacet
  facet normal 0 -1 0
    outer loop
      vertex 179 141 -55
      vertex 181 141 60
      vertex 179 141 60
    endloop
  endfacet
  facet normal 0 -1 -0
    outer loop
      vertex 181 141 60
      vertex 179 141 -55
      vertex 190 141 -55
    endloop
  endfacet
  facet normal 0 -1 0
    outer loop
      vertex 181 141 60
      vertex 190 141 -55
      vertex 261 141 -36.8889
    endloop
  endfacet
  facet normal 0 -1 0
    outer loop
      vertex 190 141 -55
      vertex 261 141 -59.1111
      vertex 261 141 -36.8889
    endloop
  endfacet
  facet normal -0 -1 0
    outer loop
      vertex 261 141 -59.1111
      vertex 190 141 -55
      vertex 190 141 -59.9
    endloop
  endfacet
  facet normal -1 0 0
    outer loop
      vertex 261 123 -59.1111
      vertex 261 129 -36.8889
      vertex 261 129 -59.1111
    endloop
  endfacet
  facet normal -1 -0 0
    outer loop
      vertex 261 129 -36.8889
      vertex 261 123 -59.1111
      vertex 261 123 -36.8889
    endloop
  endfacet
  facet normal 0 1 -0
    outer loop
      vertex 261 123 -59.1111
      vertex 190 123 -55
      vertex 261 123 -36.8889
    endloop
  endfacet
  facet normal 0 1 0
    outer loop
      vertex 190 123 -55
      vertex 261 123 -59.1111
      vertex 190 123 -59.9
    endloop
  endfacet
  facet normal 0 1 -0
    outer loop
      vertex 190 123 -55
      vertex 181 123 60
      vertex 261 123 -36.8889
    endloop
  endfacet
  facet normal 0 1 0
    outer loop
      vertex 179 123 -55
      vertex 181 123 60
      vertex 190 123 -55
    endloop
  endfacet
  facet normal 0 1 0
    outer loop
      vertex 181 123 60
      vertex 179 123 -55
      vertex 179 123 60
    endloop
  endfacet
  facet normal 0 -1 0
    outer loop
      vertex 179 129 -55
      vertex 181 129 60
      vertex 179 129 60
    endloop
  endfacet
  facet normal 0 -1 -0
    outer loop
      vertex 181 129 60
      vertex 179 129 -55
      vertex 190 129 -55
    endloop
  endfacet
  facet normal 0 -1 0
    outer loop
      vertex 181 129 60
      vertex 190 129 -55
      vertex 261 129 -36.8889
    endloop
  endfacet
  facet normal 0 -1 0
    outer loop
      vertex 190 129 -55
      vertex 261 129 -59.1111
      vertex 261 129 -36.8889
    endloop
  endfacet
  facet normal -0 -1 0
    outer loop
      vertex 261 129 -59.1111
      vertex 190 129 -55
      vertex 190 129 -59.9
    endloop
  endfacet
  facet normal -1 0 0
    outer loop
      vertex 261 111 -59.1111
      vertex 261 117 -36.8889
      vertex 261 117 -59.1111
    endloop
  endfacet
  facet normal -1 -0 0
    outer loop
      vertex 261 117 -36.8889
      vertex 261 111 -59.1111
      vertex 261 111 -36.8889
    endloop
  endfacet
  facet normal 0 1 -0
    outer loop
      vertex 261 111 -59.1111
      vertex 190 111 -55
      vertex 261 111 -36.8889
    endloop
  endfacet
  facet normal 0 1 0
    outer loop
      vertex 190 111 -55
      vertex 261 111 -59.1111
      vertex 190 111 -59.9
    endloop
  endfacet
  facet normal 0 1 -0
    outer loop
      vertex 190 111 -55
      vertex 181 111 60
      vertex 261 111 -36.8889
    endloop
  endfacet
  facet normal 0 1 0
    outer loop
      vertex 179 111 -55
      vertex 181 111 60
      vertex 190 111 -55
    endloop
  endfacet
  facet normal 0 1 0
    outer loop
      vertex 181 111 60
      vertex 179 111 -55
      vertex 179 111 60
    endloop
  endfacet
  facet normal 0 -1 0
    outer loop
      vertex 179 117 -55
      vertex 181 117 60
      vertex 179 117 60
    endloop
  endfacet
  facet normal 0 -1 -0
    outer loop
      vertex 181 117 60
      vertex 179 117 -55
      vertex 190 117 -55
    endloop
  endfacet
  facet normal 0 -1 0
    outer loop
      vertex 181 117 60
      vertex 190 117 -55
      vertex 261 117 -36.8889
    endloop
  endfacet
  facet normal 0 -1 0
    outer loop
      vertex 190 117 -55
      vertex 261 117 -59.1111
      vertex 261 117 -36.8889
    endloop
  endfacet
  facet normal -0 -1 0
    outer loop
      vertex 261 117 -59.1111
      vertex 190 117 -55
      vertex 190 117 -59.9
    endloop
  endfacet
  facet normal -1 0 0
    outer loop
      vertex 261 99 -59.1111
      vertex 261 105 -36.8889
      vertex 261 105 -59.1111
    endloop
  endfacet
  facet normal -1 -0 0
    outer loop
      vertex 261 105 -36.8889
      vertex 261 99 -59.1111
      vertex 261 99 -36.8889
    endloop
  endfacet
  facet normal 0 1 -0
    outer loop
      vertex 261 99 -59.1111
      vertex 190 99 -55
      vertex 261 99 -36.8889
    endloop
  endfacet
  facet normal 0 1 0
    outer loop
      vertex 190 99 -55
      vertex 261 99 -59.1111
      vertex 190 99 -59.9
    endloop
  endfacet
  facet normal 0 1 -0
    outer loop
      vertex 190 99 -55
      vertex 181 99 60
      vertex 261 99 -36.8889
    endloop
  endfacet
  facet normal 0 1 0
    outer loop
      vertex 179 99 -55
      vertex 181 99 60
      vertex 190 99 -55
    endloop
  endfacet
  facet normal 0 1 0
    outer loop
      vertex 181 99 60
      vertex 179 99 -55
      vertex 179 99 60
    endloop
  endfacet
  facet normal 0 -1 0
    outer loop
      vertex 179 105 -55
      vertex 181 105 60
      vertex 179 105 60
    endloop
  endfacet
  facet normal 0 -1 -0
    outer loop
      vertex 181 105 60
      vertex 179 105 -55
      vertex 190 105 -55
    endloop
  endfacet
  facet normal 0 -1 0
    outer loop
      vertex 181 105 60
      vertex 190 105 -55
      vertex 261 105 -36.8889
    endloop
  endfacet
  facet normal 0 -1 0
    outer loop
      vertex 190 105 -55
      vertex 261 105 -59.1111
      vertex 261 105 -36.8889
    endloop
  endfacet
  facet normal -0 -1 0
    outer loop
      vertex 261 105 -59.1111
      vertex 190 105 -55
      vertex 190 105 -59.9
    endloop
  endfacet
  facet normal -1 0 0
    outer loop
      vertex 179 153 -42.8298
      vertex 179 160 60
      vertex 179 160 -42.8298
    endloop
  endfacet
  facet normal -1 -0 0
    outer loop
      vertex 179 160 60
      vertex 179 153 -42.8298
      vertex 179 153 60
    endloop
  endfacet
  facet normal -1 0 0
    outer loop
      vertex 179 141 -55
      vertex 179 147 60
      vertex 179 147 -55
    endloop
  endfacet
  facet normal -1 -0 0
    outer loop
      vertex 179 147 60
      vertex 179 141 -55
      vertex 179 141 60
    endloop
  endfacet
  facet normal -1 0 0
    outer loop
      vertex 179 129 -55
      vertex 179 135 60
      vertex 179 135 -55
    endloop
  endfacet
  facet normal -1 -0 0
    outer loop
      vertex 179 135 60
      vertex 179 129 -55
      vertex 179 129 60
    endloop
  endfacet
  facet normal -1 0 0
    outer loop
      vertex 179 117 -55
      vertex 179 123 60
      vertex 179 123 -55
    endloop
  endfacet
  facet normal -1 -0 0
    outer loop
      vertex 179 123 60
      vertex 179 117 -55
      vertex 179 117 60
    endloop
  endfacet
  facet normal -1 0 0
    outer loop
      vertex 179 105 -55
      vertex 179 111 60
      vertex 179 111 -55
    endloop
  endfacet
  facet normal -1 -0 0
    outer loop
      vertex 179 111 60
      vertex 179 105 -55
      vertex 179 105 60
    endloop
  endfacet
  facet normal 0.0885398 0.996073 0
    outer loop
      vertex 259.75 153 -35.375
      vertex 181 160 -43.9787
      vertex 181 160 60
    endloop
  endfacet
  facet normal 0.0885348 0.996073 4.62487e-05
    outer loop
      vertex 259.75 153 -35.375
      vertex 188 159.378 -48
      vertex 181 160 -43.9787
    endloop
  endfacet
  facet normal 0.088548 0.996072 -2.92685e-05
    outer loop
      vertex 259.75 153 -35.375
      vertex 190 159.2 -55
      vertex 188 159.378 -48
    endloop
  endfacet
  facet normal 0.0885398 0.996073 -0
    outer loop
      vertex 259.75 153 -59.125
      vertex 190 159.2 -55
      vertex 259.75 153 -35.375
    endloop
  endfacet
  facet normal 0.0885398 0.996073 0
    outer loop
      vertex 190 159.2 -55
      vertex 259.75 153 -59.125
      vertex 190 159.2 -59.9
    endloop
  endfacet
  facet normal 0.0886496 0.996063 0
    outer loop
      vertex 188 159.378 -48
      vertex 190 159.2 -55
      vertex 188 159.378 -55
    endloop
  endfacet
  facet normal 0.0885508 0.996072 0
    outer loop
      vertex 261 152.889 -59.1111
      vertex 271 152 -49
      vertex 271 152 -59
    endloop
  endfacet
  facet normal 0.0885508 0.996072 0
    outer loop
      vertex 271 152 -49
      vertex 261 152.889 -59.1111
      vertex 261 152.889 -36.8889
    endloop
  endfacet
  facet normal -0 0 1
    outer loop
      vertex 179 160 60
      vertex 181 153 60
      vertex 181 160 60
    endloop
  endfacet
  facet normal 0 0 1
    outer loop
      vertex 181 153 60
      vertex 179 160 60
      vertex 179 153 60
    endloop
  endfacet
  facet normal 0 1 0
    outer loop
      vertex 181 160 60
      vertex 179 160 -42.8298
      vertex 179 160 60
    endloop
  endfacet
  facet normal -0 1 0
    outer loop
      vertex 179 160 -42.8298
      vertex 181 160 60
      vertex 181 160 -43.9787
    endloop
  endfacet
  facet normal 0 1 0
    outer loop
      vertex -109.137 160 14.4011
      vertex 0 160 60
      vertex -100 160 15
    endloop
  endfacet
  facet normal 0 1 0
    outer loop
      vertex 0 160 60
      vertex -90.8632 160 14.4011
      vertex -100 160 15
    endloop
  endfacet
  facet normal 0 1 0
    outer loop
      vertex 0 160 60
      vertex -81.8827 160 12.6148
      vertex -90.8632 160 14.4011
    endloop
  endfacet
  facet normal 0 1 0
    outer loop
      vertex 0 160 60
      vertex -73.2122 160 9.67157
      vertex -81.8827 160 12.6148
    endloop
  endfacet
  facet normal 0 1 0
    outer loop
      vertex 0 160 60
      vertex -65 160 5.62178
      vertex -73.2122 160 9.67157
    endloop
  endfacet
  facet normal 0 1 0
    outer loop
      vertex 0 160 60
      vertex -57.3867 160 0.534734
      vertex -65 160 5.62178
    endloop
  endfacet
  facet normal 0 1 0
    outer loop
      vertex 0 160 60
      vertex -50.5025 160 -5.50252
      vertex -57.3867 160 0.534734
    endloop
  endfacet
  facet normal 0 1 0
    outer loop
      vertex 0 160 60
      vertex -44.4653 160 -12.3867
      vertex -50.5025 160 -5.50252
    endloop
  endfacet
  facet normal 0 1 0
    outer loop
      vertex 0 160 60
      vertex -39.3782 160 -20
      vertex -44.4653 160 -12.3867
    endloop
  endfacet
  facet normal 0 1 0
    outer loop
      vertex 0 160 60
      vertex -35.3284 160 -28.2122
      vertex -39.3782 160 -20
    endloop
  endfacet
  facet normal 0 1 0
    outer loop
      vertex 0 160 60
      vertex -32.3852 160 -36.8827
      vertex -35.3284 160 -28.2122
    endloop
  endfacet
  facet normal 0 1 0
    outer loop
      vertex 179 160 -42.8298
      vertex -32.3852 160 -36.8827
      vertex 0 160 60
    endloop
  endfacet
  facet normal 0 1 0
    outer loop
      vertex 188 160 -55
      vertex 179 160 -42.8298
      vertex 181 160 -43.9787
    endloop
  endfacet
  facet normal 0 1 0
    outer loop
      vertex 179 160 -42.8298
      vertex -30.5989 160 -45.8632
      vertex -32.3852 160 -36.8827
    endloop
  endfacet
  facet normal 0 1 -0
    outer loop
      vertex 188 160 -55
      vertex 181 160 -43.9787
      vertex 188 160 -48
    endloop
  endfacet
  facet normal 0 1 0
    outer loop
      vertex 179 160 -42.8298
      vertex 188 160 -55
      vertex 190 160 -65
    endloop
  endfacet
  facet normal 0 1 0
    outer loop
      vertex 179 160 -42.8298
      vertex -30 160 -55
      vertex -30.5989 160 -45.8632
    endloop
  endfacet
  facet normal 0 1 0
    outer loop
      vertex 0 160 60
      vertex -109.137 160 14.4011
      vertex -300 160 60
    endloop
  endfacet
  facet normal 0 1 -0
    outer loop
      vertex -118.117 160 12.6148
      vertex -300 160 60
      vertex -109.137 160 14.4011
    endloop
  endfacet
  facet normal 0 1 -0
    outer loop
      vertex -126.788 160 9.67157
      vertex -300 160 60
      vertex -118.117 160 12.6148
    endloop
  endfacet
  facet normal 0 1 -0
    outer loop
      vertex -135 160 5.62178
      vertex -300 160 60
      vertex -126.788 160 9.67157
    endloop
  endfacet
  facet normal 0 1 -0
    outer loop
      vertex -142.613 160 0.534734
      vertex -300 160 60
      vertex -135 160 5.62178
    endloop
  endfacet
  facet normal 0 1 -0
    outer loop
      vertex -149.497 160 -5.50252
      vertex -300 160 60
      vertex -142.613 160 0.534734
    endloop
  endfacet
  facet normal 0 1 -0
    outer loop
      vertex -155.535 160 -12.3867
      vertex -300 160 60
      vertex -149.497 160 -5.50252
    endloop
  endfacet
  facet normal 0 1 -0
    outer loop
      vertex -160.622 160 -20
      vertex -300 160 60
      vertex -155.535 160 -12.3867
    endloop
  endfacet
  facet normal 0 1 -0
    outer loop
      vertex -164.672 160 -28.2122
      vertex -300 160 60
      vertex -160.622 160 -20
    endloop
  endfacet
  facet normal 0 1 0
    outer loop
      vertex -190 160 -60
      vertex -164.672 160 -28.2122
      vertex -167.615 160 -36.8827
    endloop
  endfacet
  facet normal 0 1 0
    outer loop
      vertex -190 160 -60
      vertex -167.615 160 -36.8827
      vertex -169.401 160 -45.8632
    endloop
  endfacet
  facet normal 0 1 0
    outer loop
      vertex -190 160 -60
      vertex -169.401 160 -45.8632
      vertex -170 160 -55
    endloop
  endfacet
  facet normal 0 1 0
    outer loop
      vertex -164.672 160 -28.2122
      vertex -190 160 -60
      vertex -300 160 60
    endloop
  endfacet
  facet normal 0 1 0
    outer loop
      vertex -300 160 60
      vertex -190 160 -60
      vertex -300 160 -60
    endloop
  endfacet
  facet normal 0 1 0
    outer loop
      vertex -169.401 160 -64.1368
      vertex -190 160 -60
      vertex -170 160 -55
    endloop
  endfacet
  facet normal 0 1 0
    outer loop
      vertex -190 160 -65
      vertex -169.401 160 -64.1368
      vertex -169.229 160 -65
    endloop
  endfacet
  facet normal 0 1 0
    outer loop
      vertex -169.401 160 -64.1368
      vertex -190 160 -65
      vertex -190 160 -60
    endloop
  endfacet
  facet normal 0 1 -0
    outer loop
      vertex 190 160 -65
      vertex 188 160 -55
      vertex 190 160 -55
    endloop
  endfacet
  facet normal 0 1 0
    outer loop
      vertex 179 160 -42.8298
      vertex 190 160 -65
      vertex -30.7706 160 -65
    endloop
  endfacet
  facet normal 0 1 0
    outer loop
      vertex 179 160 -42.8298
      vertex -30.5989 160 -64.1368
      vertex -30 160 -55
    endloop
  endfacet
  facet normal 0 1 0
    outer loop
      vertex 179 160 -42.8298
      vertex -30.7706 160 -65
      vertex -30.5989 160 -64.1368
    endloop
  endfacet
  facet normal 0.771113 0 0.636699
    outer loop
      vertex 259.75 153 -35.375
      vertex 181 160 60
      vertex 181 153 60
    endloop
  endfacet
  facet normal 0.770843 -0.000178072 0.637025
    outer loop
      vertex 209.073 45.0333 26
      vertex 209.899 43.3013 25
      vertex 210 43.3615 24.8778
    endloop
  endfacet
  facet normal 0.771117 0.000143471 0.636694
    outer loop
      vertex 204.404 41.2544 31.6556
      vertex 209.899 43.3013 25
      vertex 209.073 45.0333 26
    endloop
  endfacet
  facet normal 0.77115 -7.58888e-05 0.636654
    outer loop
      vertex 204.404 41.2544 31.6556
      vertex 205.409 39.6677 30.4381
      vertex 209.899 43.3013 25
    endloop
  endfacet
  facet normal 0.771082 -0.000181147 0.636735
    outer loop
      vertex 202.047 38.7518 34.5092
      vertex 205.409 39.6677 30.4381
      vertex 204.404 41.2544 31.6556
    endloop
  endfacet
  facet normal 0.771056 5.51456e-05 0.636767
    outer loop
      vertex 205.409 39.6677 30.4381
      vertex 202.047 38.7518 34.5092
      vertex 203.215 37.3376 33.095
    endloop
  endfacet
  facet normal 0.771113 -3.02011e-07 0.636699
    outer loop
      vertex 181 99 60
      vertex 215 62.1066 18.8222
      vertex 261 99 -36.8889
    endloop
  endfacet
  facet normal 0.771123 2.33765e-05 0.636686
    outer loop
      vertex 181 99 60
      vertex 210.003 60.0522 24.8744
      vertex 215 62.1066 18.8222
    endloop
  endfacet
  facet normal 0.77109 -3.70661e-05 0.636726
    outer loop
      vertex 181 99 60
      vertex 203.706 56.2916 32.5
      vertex 210.003 60.0522 24.8744
    endloop
  endfacet
  facet normal 0.771122 4.58395e-06 0.636687
    outer loop
      vertex 181 99 60
      vertex 197.869 51.568 39.5695
      vertex 203.706 56.2916 32.5
    endloop
  endfacet
  facet normal 0.771119 2.24576e-06 0.636691
    outer loop
      vertex 181 99 60
      vertex 192.591 45.9619 45.9619
      vertex 197.869 51.568 39.5695
    endloop
  endfacet
  facet normal 0.771108 -4.10342e-06 0.636705
    outer loop
      vertex 181 99 60
      vertex 187.962 39.5695 51.568
      vertex 192.591 45.9619 45.9619
    endloop
  endfacet
  facet normal 0.771129 2.04646e-06 0.636679
    outer loop
      vertex 181 99 60
      vertex 184.062 32.5 56.2916
      vertex 187.962 39.5695 51.568
    endloop
  endfacet
  facet normal 0.771111 0 0.636701
    outer loop
      vertex 184.062 32.5 56.2916
      vertex 181 99 60
      vertex 181 24.9802 60
    endloop
  endfacet
  facet normal 0.771113 0 0.636699
    outer loop
      vertex 181 111 60
      vertex 181 105 60
      vertex 261 111 -36.8889
    endloop
  endfacet
  facet normal 0.771113 0 0.636699
    outer loop
      vertex 181 123 60
      vertex 181 117 60
      vertex 261 123 -36.8889
    endloop
  endfacet
  facet normal 0.771113 0 0.636699
    outer loop
      vertex 181 135 60
      vertex 181 129 60
      vertex 261 135 -36.8889
    endloop
  endfacet
  facet normal 0.771113 0 0.636699
    outer loop
      vertex 181 147 60
      vertex 181 141 60
      vertex 261 147 -36.8889
    endloop
  endfacet
  facet normal 0.771112 -0 0.636699
    outer loop
      vertex 261 147 -36.8889
      vertex 271 152 -49
      vertex 261 152.889 -36.8889
    endloop
  endfacet
  facet normal 0.771113 -0 0.636699
    outer loop
      vertex 261 141 -36.8889
      vertex 261 147 -36.8889
      vertex 181 141 60
    endloop
  endfacet
  facet normal 0.771112 -0 0.636699
    outer loop
      vertex 261 141 -36.8889
      vertex 271 152 -49
      vertex 261 147 -36.8889
    endloop
  endfacet
  facet normal 0.771112 -0 0.636699
    outer loop
      vertex 261 135 -36.8889
      vertex 271 152 -49
      vertex 261 141 -36.8889
    endloop
  endfacet
  facet normal 0.771113 -0 0.636699
    outer loop
      vertex 261 129 -36.8889
      vertex 261 135 -36.8889
      vertex 181 129 60
    endloop
  endfacet
  facet normal 0.771112 -0 0.636699
    outer loop
      vertex 261 129 -36.8889
      vertex 271 152 -49
      vertex 261 135 -36.8889
    endloop
  endfacet
  facet normal 0.771112 -0 0.636699
    outer loop
      vertex 261 123 -36.8889
      vertex 271 152 -49
      vertex 261 129 -36.8889
    endloop
  endfacet
  facet normal 0.771113 -0 0.636699
    outer loop
      vertex 261 117 -36.8889
      vertex 261 123 -36.8889
      vertex 181 117 60
    endloop
  endfacet
  facet normal 0.771112 -0 0.636699
    outer loop
      vertex 261 117 -36.8889
      vertex 271 152 -49
      vertex 261 123 -36.8889
    endloop
  endfacet
  facet normal 0.771112 -0 0.636699
    outer loop
      vertex 261 111 -36.8889
      vertex 271 152 -49
      vertex 261 117 -36.8889
    endloop
  endfacet
  facet normal 0.771113 -0 0.636699
    outer loop
      vertex 261 105 -36.8889
      vertex 261 111 -36.8889
      vertex 181 105 60
    endloop
  endfacet
  facet normal 0.771112 -0 0.636699
    outer loop
      vertex 261 105 -36.8889
      vertex 271 152 -49
      vertex 261 111 -36.8889
    endloop
  endfacet
  facet normal 0.771112 -0 0.636699
    outer loop
      vertex 261 99 -36.8889
      vertex 271 152 -49
      vertex 261 105 -36.8889
    endloop
  endfacet
  facet normal 0.771113 -0 0.636699
    outer loop
      vertex 215 48.4074 18.8222
      vertex 261 99 -36.8889
      vertex 215 62.1066 18.8222
    endloop
  endfacet
  facet normal 0.771083 0.000150078 0.636734
    outer loop
      vertex 210 43.3615 24.8778
      vertex 214.11 48.0417 19.8995
      vertex 209.073 45.0333 26
    endloop
  endfacet
  facet normal 0.770823 0.000714014 0.637049
    outer loop
      vertex 214.11 48.0417 19.8995
      vertex 210 43.3615 24.8778
      vertex 215 48.4074 18.8222
    endloop
  endfacet
  facet normal 0.771112 0 0.636699
    outer loop
      vertex 261 99 -36.8889
      vertex 271 8 -49
      vertex 271 152 -49
    endloop
  endfacet
  facet normal 0.771113 5.42804e-08 0.636699
    outer loop
      vertex 215 48.4074 18.8222
      vertex 271 8 -49
      vertex 261 99 -36.8889
    endloop
  endfacet
  facet normal 0.771115 -0 0.636696
    outer loop
      vertex 210 2.57778 24.8778
      vertex 215 48.4074 18.8222
      vertex 210 43.3615 24.8778
    endloop
  endfacet
  facet normal 0.771113 5.97948e-07 0.636699
    outer loop
      vertex 215 48.4074 18.8222
      vertex 210 2.57778 24.8778
      vertex 271 8 -49
    endloop
  endfacet
  facet normal 0.771094 0.000132297 0.636721
    outer loop
      vertex 196.478 31.6556 41.2544
      vertex 199.712 33.095 37.3376
      vertex 198.544 34.5092 38.7518
    endloop
  endfacet
  facet normal 0.771126 -4.1527e-05 0.636683
    outer loop
      vertex 196.478 31.6556 41.2544
      vertex 197.788 30.4381 39.6677
      vertex 199.712 33.095 37.3376
    endloop
  endfacet
  facet normal 0.771138 -8.23711e-06 0.636668
    outer loop
      vertex 193.358 26 45.0333
      vertex 197.788 30.4381 39.6677
      vertex 196.478 31.6556 41.2544
    endloop
  endfacet
  facet normal 0.771134 2.83583e-06 0.636673
    outer loop
      vertex 193.358 26 45.0333
      vertex 194.788 25 43.3013
      vertex 197.788 30.4381 39.6677
    endloop
  endfacet
  facet normal 0.771128 -1.56788e-05 0.63668
    outer loop
      vertex 190.874 19.8995 48.0417
      vertex 194.788 25 43.3013
      vertex 193.358 26 45.0333
    endloop
  endfacet
  facet normal 0.771207 -0.000164723 0.636584
    outer loop
      vertex 190.874 19.8995 48.0417
      vertex 192.399 19.1342 46.194
      vertex 194.788 25 43.3013
    endloop
  endfacet
  facet normal 0.771231 -4.76405e-05 0.636555
    outer loop
      vertex 189.069 13.4586 50.2281
      vertex 192.399 19.1342 46.194
      vertex 190.874 19.8995 48.0417
    endloop
  endfacet
  facet normal 0.771137 8.83558e-05 0.636669
    outer loop
      vertex 189.069 13.4586 50.2281
      vertex 190.664 12.941 48.2963
      vertex 192.399 19.1342 46.194
    endloop
  endfacet
  facet normal 0.77112 -3.90719e-05 0.63669
    outer loop
      vertex 187.973 6.78736 51.5551
      vertex 190.664 12.941 48.2963
      vertex 189.069 13.4586 50.2281
    endloop
  endfacet
  facet normal 0.771157 -7.84759e-05 0.636645
    outer loop
      vertex 187.973 6.78736 51.5551
      vertex 189.61 6.52631 49.5722
      vertex 190.664 12.941 48.2963
    endloop
  endfacet
  facet normal 0.771162 -2.7895e-06 0.636639
    outer loop
      vertex 187.768 3 51.8034
      vertex 189.61 6.52631 49.5722
      vertex 187.973 6.78736 51.5551
    endloop
  endfacet
  facet normal 0.771184 -3.15795e-05 0.636612
    outer loop
      vertex 189.61 6.52631 49.5722
      vertex 187.768 3 51.8034
      vertex 189.419 3 49.8034
    endloop
  endfacet
  facet normal 1 0 0
    outer loop
      vertex 271 152 -49
      vertex 271 68.7333 -54.5556
      vertex 271 152 -59
    endloop
  endfacet
  facet normal 1 -0 0
    outer loop
      vertex 271 8 -49
      vertex 271 68.7333 -54.5556
      vertex 271 152 -49
    endloop
  endfacet
  facet normal 1 0 0
    outer loop
      vertex 271 47.2667 -54.5556
      vertex 271 16.7333 -54.5556
      vertex 271 47.2667 -58.4444
    endloop
  endfacet
  facet normal 1 0 0
    outer loop
      vertex 271 68.7333 -54.5556
      vertex 271 8 -49
      vertex 271 47.2667 -54.5556
    endloop
  endfacet
  facet normal 1 0 0
    outer loop
      vertex 271 47.2667 -54.5556
      vertex 271 8 -49
      vertex 271 16.7333 -54.5556
    endloop
  endfacet
  facet normal 1 0 0
    outer loop
      vertex 271 16.7333 -54.5556
      vertex 271 8 -49
      vertex 271 8 -54.5556
    endloop
  endfacet
  facet normal 1 -0 0
    outer loop
      vertex 271 68.7333 -58.4444
      vertex 271 152 -59
      vertex 271 68.7333 -54.5556
    endloop
  endfacet
  facet normal 1 -0 0
    outer loop
      vertex 271 47.2667 -58.4444
      vertex 271 152 -59
      vertex 271 68.7333 -58.4444
    endloop
  endfacet
  facet normal 1 0 0
    outer loop
      vertex 271 16.7333 -58.4444
      vertex 271 47.2667 -58.4444
      vertex 271 16.7333 -54.5556
    endloop
  endfacet
  facet normal 1 0 0
    outer loop
      vertex 271 8 -59
      vertex 271 47.2667 -58.4444
      vertex 271 16.7333 -58.4444
    endloop
  endfacet
  facet normal 1 0 0
    outer loop
      vertex 271 8 -59
      vertex 271 16.7333 -58.4444
      vertex 271 8 -58.4444
    endloop
  endfacet
  facet normal 1 0 0
    outer loop
      vertex 271 47.2667 -58.4444
      vertex 271 8 -59
      vertex 271 152 -59
    endloop
  endfacet
  facet normal 0.0111146 0 -0.999938
    outer loop
      vertex 191 29 -59.8889
      vertex 204.333 37.0444 -59.7407
      vertex 204.333 26.9556 -59.7407
    endloop
  endfacet
  facet normal 0.0111146 0 -0.999938
    outer loop
      vertex 191 29 -59.8889
      vertex 191 35 -59.8889
      vertex 204.333 37.0444 -59.7407
    endloop
  endfacet
  facet normal 0.0110993 0 -0.999938
    outer loop
      vertex 190 29 -59.9
      vertex 191 35 -59.8889
      vertex 191 29 -59.8889
    endloop
  endfacet
  facet normal 0.0110993 0 -0.999938
    outer loop
      vertex 191 35 -59.8889
      vertex 190 29 -59.9
      vertex 190 35 -59.9
    endloop
  endfacet
  facet normal 0.0111106 0 -0.999938
    outer loop
      vertex 190 141 -59.9
      vertex 261 147 -59.1111
      vertex 261 141 -59.1111
    endloop
  endfacet
  facet normal 0.0111106 0 -0.999938
    outer loop
      vertex 261 147 -59.1111
      vertex 190 141 -59.9
      vertex 190 147 -59.9
    endloop
  endfacet
  facet normal 0.0111106 0 -0.999938
    outer loop
      vertex 190 129 -59.9
      vertex 261 135 -59.1111
      vertex 261 129 -59.1111
    endloop
  endfacet
  facet normal 0.0111106 0 -0.999938
    outer loop
      vertex 261 135 -59.1111
      vertex 190 129 -59.9
      vertex 190 135 -59.9
    endloop
  endfacet
  facet normal 0.0111106 0 -0.999938
    outer loop
      vertex 190 117 -59.9
      vertex 261 123 -59.1111
      vertex 261 117 -59.1111
    endloop
  endfacet
  facet normal 0.0111106 0 -0.999938
    outer loop
      vertex 261 123 -59.1111
      vertex 190 117 -59.9
      vertex 190 123 -59.9
    endloop
  endfacet
  facet normal 0.0111106 0 -0.999938
    outer loop
      vertex 190 105 -59.9
      vertex 261 111 -59.1111
      vertex 261 105 -59.1111
    endloop
  endfacet
  facet normal 0.0111106 0 -0.999938
    outer loop
      vertex 261 111 -59.1111
      vertex 190 105 -59.9
      vertex 190 111 -59.9
    endloop
  endfacet
  facet normal 0.0111093 0 -0.999938
    outer loop
      vertex 271 8 -59
      vertex 261 99 -59.1111
      vertex 271 152 -59
    endloop
  endfacet
  facet normal 0.0111098 0 -0.999938
    outer loop
      vertex 204.333 26.9556 -59.7407
      vertex 271 8 -59
      vertex 204.333 2.07407 -59.7407
    endloop
  endfacet
  facet normal 0.0111098 0 -0.999938
    outer loop
      vertex 204.333 37.0444 -59.7407
      vertex 271 8 -59
      vertex 204.333 26.9556 -59.7407
    endloop
  endfacet
  facet normal 0.0111098 5.12931e-08 -0.999938
    outer loop
      vertex 271 8 -59
      vertex 204.333 37.0444 -59.7407
      vertex 261 99 -59.1111
    endloop
  endfacet
  facet normal 0.0111098 0 -0.999938
    outer loop
      vertex 204.333 78.9556 -59.7407
      vertex 261 99 -59.1111
      vertex 204.333 37.0444 -59.7407
    endloop
  endfacet
  facet normal 0.0111147 8.56011e-07 -0.999938
    outer loop
      vertex 190 99 -59.9
      vertex 204.333 78.9556 -59.7407
      vertex 191 81 -59.8889
    endloop
  endfacet
  facet normal 0.0110993 0 -0.999938
    outer loop
      vertex 190 99 -59.9
      vertex 191 81 -59.8889
      vertex 190 81 -59.9
    endloop
  endfacet
  facet normal 0.0111106 -2.10527e-06 -0.999938
    outer loop
      vertex 204.333 78.9556 -59.7407
      vertex 190 99 -59.9
      vertex 261 99 -59.1111
    endloop
  endfacet
  facet normal 0.0111093 0 -0.999938
    outer loop
      vertex 261 105 -59.1111
      vertex 271 152 -59
      vertex 261 99 -59.1111
    endloop
  endfacet
  facet normal 0.0111093 0 -0.999938
    outer loop
      vertex 261 111 -59.1111
      vertex 271 152 -59
      vertex 261 105 -59.1111
    endloop
  endfacet
  facet normal 0.0111093 0 -0.999938
    outer loop
      vertex 261 117 -59.1111
      vertex 271 152 -59
      vertex 261 111 -59.1111
    endloop
  endfacet
  facet normal 0.0111093 0 -0.999938
    outer loop
      vertex 261 123 -59.1111
      vertex 271 152 -59
      vertex 261 117 -59.1111
    endloop
  endfacet
  facet normal 0.0111093 0 -0.999938
    outer loop
      vertex 261 129 -59.1111
      vertex 271 152 -59
      vertex 261 123 -59.1111
    endloop
  endfacet
  facet normal 0.0111093 0 -0.999938
    outer loop
      vertex 261 135 -59.1111
      vertex 271 152 -59
      vertex 261 129 -59.1111
    endloop
  endfacet
  facet normal 0.0111093 0 -0.999938
    outer loop
      vertex 261 141 -59.1111
      vertex 271 152 -59
      vertex 261 135 -59.1111
    endloop
  endfacet
  facet normal 0.0111093 0 -0.999938
    outer loop
      vertex 261 147 -59.1111
      vertex 271 152 -59
      vertex 261 141 -59.1111
    endloop
  endfacet
  facet normal 0.0111093 0 -0.999938
    outer loop
      vertex 271 152 -59
      vertex 261 147 -59.1111
      vertex 261 152.889 -59.1111
    endloop
  endfacet
  facet normal 0.0111104 0 -0.999938
    outer loop
      vertex 190 159.2 -59.9
      vertex 259.75 153 -59.125
      vertex 190 153 -59.9
    endloop
  endfacet
  facet normal 0.0885394 -0.996073 0
    outer loop
      vertex 271 8 -59
      vertex 271 8 -58.4444
      vertex 204.333 2.07407 -59.7407
    endloop
  endfacet
  facet normal 0.0885398 -0.996073 -2.63659e-07
    outer loop
      vertex 191 0.888889 -53
      vertex 271 8 -54.5556
      vertex 208 2.4 -53
    endloop
  endfacet
  facet normal 0.0885398 -0.996073 0
    outer loop
      vertex 210 2.57778 -49.831
      vertex 271 8 -49
      vertex 210 2.57778 24.8778
    endloop
  endfacet
  facet normal 0.0885409 -0.996073 0
    outer loop
      vertex 208 2.4 -53
      vertex 210 2.57778 -49.831
      vertex 208 2.4 -49.8427
    endloop
  endfacet
  facet normal 0.0885398 -0.996073 6.87766e-07
    outer loop
      vertex 271 8 -54.5556
      vertex 210 2.57778 -49.831
      vertex 208 2.4 -53
    endloop
  endfacet
  facet normal 0.0885398 -0.996073 0
    outer loop
      vertex 210 2.57778 -49.831
      vertex 271 8 -54.5556
      vertex 271 8 -49
    endloop
  endfacet
  facet normal 0.0885398 -0.996073 0
    outer loop
      vertex 181 0 -55
      vertex 189 0.711111 -53
      vertex 181 0 -53
    endloop
  endfacet
  facet normal 0.0885398 -0.996073 0
    outer loop
      vertex 189 0.711111 -53
      vertex 181 0 -55
      vertex 189 0.711111 -55
    endloop
  endfacet
  facet normal 0 0 -1
    outer loop
      vertex 62 -3 -53
      vertex 179 3 -53
      vertex 179 -3 -53
    endloop
  endfacet
  facet normal -0 0 -1
    outer loop
      vertex 179 3 -53
      vertex 62 -3 -53
      vertex 62 3 -53
    endloop
  endfacet
  facet normal 0 0 -1
    outer loop
      vertex 191 -0.888889 -53
      vertex 208 2.4 -53
      vertex 208 -2.4 -53
    endloop
  endfacet
  facet normal 0 0 -1
    outer loop
      vertex 208 2.4 -53
      vertex 191 -0.888889 -53
      vertex 191 0.888889 -53
    endloop
  endfacet
  facet normal 0 0 -1
    outer loop
      vertex 189 -0.711111 -53
      vertex 181 0 -53
      vertex 189 0.711111 -53
    endloop
  endfacet
  facet normal 1 -0 0
    outer loop
      vertex 208 0 -50
      vertex 208 2.4 -53
      vertex 208 2.4 -49.8427
    endloop
  endfacet
  facet normal 1 0 0
    outer loop
      vertex 208 -2.4 -53
      vertex 208 0 -50
      vertex 208 -2.4 -49.8427
    endloop
  endfacet
  facet normal 1 0 0
    outer loop
      vertex 208 0 -50
      vertex 208 -2.4 -53
      vertex 208 2.4 -53
    endloop
  endfacet
  facet normal -1 0 0
    outer loop
      vertex 62 3 -53
      vertex 62 0 -50
      vertex 62 3 -49.8034
    endloop
  endfacet
  facet normal -1 0 0
    outer loop
      vertex 62 -3 -53
      vertex 62 0 -50
      vertex 62 3 -53
    endloop
  endfacet
  facet normal -1 -0 0
    outer loop
      vertex 62 0 -50
      vertex 62 -3 -53
      vertex 62 -3 -49.8034
    endloop
  endfacet
  facet normal 0 1 -0
    outer loop
      vertex 179 3 -53
      vertex 62 3 -49.8034
      vertex 179 3 -49.8034
    endloop
  endfacet
  facet normal 0 1 0
    outer loop
      vertex 62 3 -49.8034
      vertex 179 3 -53
      vertex 62 3 -53
    endloop
  endfacet
  facet normal 0 -1 0
    outer loop
      vertex 62 -3 -53
      vertex 179 -3 -49.8034
      vertex 62 -3 -49.8034
    endloop
  endfacet
  facet normal 0 -1 -0
    outer loop
      vertex 179 -3 -49.8034
      vertex 62 -3 -53
      vertex 179 -3 -53
    endloop
  endfacet
  facet normal 0 0.707107 0.707107
    outer loop
      vertex 179 38.7518 -34.5092
      vertex 62 37.3376 -33.095
      vertex 179 37.3376 -33.095
    endloop
  endfacet
  facet normal 0 0.707107 0.707107
    outer loop
      vertex 62 37.3376 -33.095
      vertex 179 38.7518 -34.5092
      vertex 62 38.7518 -34.5092
    endloop
  endfacet
  facet normal -1 0 0
    outer loop
      vertex 62 35.3553 -35.3553
      vertex 62 38.7518 -34.5092
      vertex 62 36.7696 -36.7696
    endloop
  endfacet
  facet normal -1 -0 0
    outer loop
      vertex 62 38.7518 -34.5092
      vertex 62 35.3553 -35.3553
      vertex 62 37.3376 -33.095
    endloop
  endfacet
  facet normal -1 0 0
    outer loop
      vertex 62 34.5092 -38.7518
      vertex 62 35.3553 -35.3553
      vertex 62 36.7696 -36.7696
    endloop
  endfacet
  facet normal -1 0 0
    outer loop
      vertex 62 35.3553 -35.3553
      vertex 62 34.5092 -38.7518
      vertex 62 33.095 -37.3376
    endloop
  endfacet
  facet normal 0 -0.707107 -0.707107
    outer loop
      vertex 62 34.5092 -38.7518
      vertex 179 33.095 -37.3376
      vertex 62 33.095 -37.3376
    endloop
  endfacet
  facet normal 0 -0.707107 -0.707107
    outer loop
      vertex 179 33.095 -37.3376
      vertex 62 34.5092 -38.7518
      vertex 179 34.5092 -38.7518
    endloop
  endfacet
  facet normal -0 0 1
    outer loop
      vertex 62 51.8034 3
      vertex 179 49.8034 3
      vertex 179 51.8034 3
    endloop
  endfacet
  facet normal 0 0 1
    outer loop
      vertex 179 49.8034 3
      vertex 62 51.8034 3
      vertex 62 49.8034 3
    endloop
  endfacet
  facet normal -1 0 0
    outer loop
      vertex 62 50 0
      vertex 62 52 0
      vertex 62 51.8034 -3
    endloop
  endfacet
  facet normal -1 0 0
    outer loop
      vertex 62 52 0
      vertex 62 50 0
      vertex 62 51.8034 3
    endloop
  endfacet
  facet normal -1 0 -0
    outer loop
      vertex 62 50 0
      vertex 62 51.8034 -3
      vertex 62 49.8034 -3
    endloop
  endfacet
  facet normal -1 -0 0
    outer loop
      vertex 62 51.8034 3
      vertex 62 50 0
      vertex 62 49.8034 3
    endloop
  endfacet
  facet normal 0 0 -1
    outer loop
      vertex 62 49.8034 -3
      vertex 179 51.8034 -3
      vertex 179 49.8034 -3
    endloop
  endfacet
  facet normal -0 0 -1
    outer loop
      vertex 179 51.8034 -3
      vertex 62 49.8034 -3
      vertex 62 51.8034 -3
    endloop
  endfacet
  facet normal 1 -0 0
    outer loop
      vertex 208 35.3553 35.3553
      vertex 208 38.7518 34.5092
      vertex 208 36.7696 36.7696
    endloop
  endfacet
  facet normal 1 0 0
    outer loop
      vertex 208 38.7518 34.5092
      vertex 208 35.3553 35.3553
      vertex 208 37.3376 33.095
    endloop
  endfacet
  facet normal 1 0 0
    outer loop
      vertex 208 34.5092 38.7518
      vertex 208 35.3553 35.3553
      vertex 208 36.7696 36.7696
    endloop
  endfacet
  facet normal 1 0 0
    outer loop
      vertex 208 35.3553 35.3553
      vertex 208 34.5092 38.7518
      vertex 208 33.095 37.3376
    endloop
  endfacet
  facet normal 0 -0.707107 0.707107
    outer loop
      vertex 62 33.095 37.3376
      vertex 179 34.5092 38.7518
      vertex 62 34.5092 38.7518
    endloop
  endfacet
  facet normal 0 -0.707107 0.707107
    outer loop
      vertex 179 34.5092 38.7518
      vertex 62 33.095 37.3376
      vertex 179 33.095 37.3376
    endloop
  endfacet
  facet normal 0 -0.707107 0.707107
    outer loop
      vertex 199.712 33.095 37.3376
      vertex 208 34.5092 38.7518
      vertex 198.544 34.5092 38.7518
    endloop
  endfacet
  facet normal 0 -0.707107 0.707107
    outer loop
      vertex 208 34.5092 38.7518
      vertex 199.712 33.095 37.3376
      vertex 208 33.095 37.3376
    endloop
  endfacet
  facet normal -1 0 0
    outer loop
      vertex 62 35.3553 35.3553
      vertex 62 38.7518 34.5092
      vertex 62 37.3376 33.095
    endloop
  endfacet
  facet normal -1 0 0
    outer loop
      vertex 62 38.7518 34.5092
      vertex 62 35.3553 35.3553
      vertex 62 36.7696 36.7696
    endloop
  endfacet
  facet normal -1 0 0
    outer loop
      vertex 62 35.3553 35.3553
      vertex 62 34.5092 38.7518
      vertex 62 36.7696 36.7696
    endloop
  endfacet
  facet normal -1 0 -0
    outer loop
      vertex 62 34.5092 38.7518
      vertex 62 35.3553 35.3553
      vertex 62 33.095 37.3376
    endloop
  endfacet
  facet normal 0 0.707107 -0.707107
    outer loop
      vertex 179 37.3376 33.095
      vertex 62 38.7518 34.5092
      vertex 179 38.7518 34.5092
    endloop
  endfacet
  facet normal 0 0.707107 -0.707107
    outer loop
      vertex 62 38.7518 34.5092
      vertex 179 37.3376 33.095
      vertex 62 37.3376 33.095
    endloop
  endfacet
  facet normal 0 0.707107 -0.707107
    outer loop
      vertex 203.215 37.3376 33.095
      vertex 208 38.7518 34.5092
      vertex 208 37.3376 33.095
    endloop
  endfacet
  facet normal 0 0.707107 -0.707107
    outer loop
      vertex 208 38.7518 34.5092
      vertex 203.215 37.3376 33.095
      vertex 202.047 38.7518 34.5092
    endloop
  endfacet
  facet normal 1 0 0
    outer loop
      vertex 208 0 50
      vertex 208 3 51.8034
      vertex 208 0 52
    endloop
  endfacet
  facet normal 1 0 0
    outer loop
      vertex 208 3 51.8034
      vertex 208 0 50
      vertex 208 3 49.8034
    endloop
  endfacet
  facet normal 1 -0 0
    outer loop
      vertex 208 -3 51.8034
      vertex 208 0 50
      vertex 208 0 52
    endloop
  endfacet
  facet normal 1 0 0
    outer loop
      vertex 208 0 50
      vertex 208 -3 51.8034
      vertex 208 -3 49.8034
    endloop
  endfacet
  facet normal 0 -1 0
    outer loop
      vertex 62 -3 49.8034
      vertex 179 -3 51.8034
      vertex 62 -3 51.8034
    endloop
  endfacet
  facet normal 0 -1 -0
    outer loop
      vertex 179 -3 51.8034
      vertex 62 -3 49.8034
      vertex 179 -3 49.8034
    endloop
  endfacet
  facet normal 0 -1 0
    outer loop
      vertex 189.419 -3 49.8034
      vertex 208 -3 51.8034
      vertex 187.768 -3 51.8034
    endloop
  endfacet
  facet normal 0 -1 -0
    outer loop
      vertex 208 -3 51.8034
      vertex 189.419 -3 49.8034
      vertex 208 -3 49.8034
    endloop
  endfacet
  facet normal -1 0 0
    outer loop
      vertex 62 0 50
      vertex 62 3 51.8034
      vertex 62 3 49.8034
    endloop
  endfacet
  facet normal -1 0 0
    outer loop
      vertex 62 0 50
      vertex 62 0 52
      vertex 62 3 51.8034
    endloop
  endfacet
  facet normal -1 0 0
    outer loop
      vertex 62 -3 51.8034
      vertex 62 0 50
      vertex 62 -3 49.8034
    endloop
  endfacet
  facet normal -1 0 0
    outer loop
      vertex 62 0 50
      vertex 62 -3 51.8034
      vertex 62 0 52
    endloop
  endfacet
  facet normal 0 1 -0
    outer loop
      vertex 179 3 49.8034
      vertex 62 3 51.8034
      vertex 179 3 51.8034
    endloop
  endfacet
  facet normal 0 1 0
    outer loop
      vertex 62 3 51.8034
      vertex 179 3 49.8034
      vertex 62 3 49.8034
    endloop
  endfacet
  facet normal 0 1 0
    outer loop
      vertex 189.419 3 49.8034
      vertex 208 3 51.8034
      vertex 208 3 49.8034
    endloop
  endfacet
  facet normal 0 1 0
    outer loop
      vertex 208 3 51.8034
      vertex 189.419 3 49.8034
      vertex 187.768 3 51.8034
    endloop
  endfacet
  facet normal 0 -0.707107 0.707107
    outer loop
      vertex 201.349 -39.598 35.3553
      vertex 208 -35.3553 39.598
      vertex 197.846 -35.3553 39.598
    endloop
  endfacet
  facet normal 0 -0.707107 0.707107
    outer loop
      vertex 208 -35.3553 39.598
      vertex 201.349 -39.598 35.3553
      vertex 208 -39.598 35.3553
    endloop
  endfacet
  facet normal 0 -0.707107 0.707107
    outer loop
      vertex 62 -39.598 35.3553
      vertex 179 -35.3553 39.598
      vertex 62 -35.3553 39.598
    endloop
  endfacet
  facet normal 0 -0.707107 0.707107
    outer loop
      vertex 179 -35.3553 39.598
      vertex 62 -39.598 35.3553
      vertex 179 -39.598 35.3553
    endloop
  endfacet
  facet normal 1 0 0
    outer loop
      vertex 208 -35.3553 39.598
      vertex 208 -35.3553 35.3553
      vertex 208 -33.095 37.3376
    endloop
  endfacet
  facet normal 1 0 0
    outer loop
      vertex 208 -39.598 35.3553
      vertex 208 -35.3553 35.3553
      vertex 208 -35.3553 39.598
    endloop
  endfacet
  facet normal 1 0 0
    outer loop
      vertex 208 -35.3553 35.3553
      vertex 208 -39.598 35.3553
      vertex 208 -37.3376 33.095
    endloop
  endfacet
  facet normal -1 0 0
    outer loop
      vertex 62 -35.3553 35.3553
      vertex 62 -35.3553 39.598
      vertex 62 -33.095 37.3376
    endloop
  endfacet
  facet normal -1 0 0
    outer loop
      vertex 62 -39.598 35.3553
      vertex 62 -35.3553 35.3553
      vertex 62 -37.3376 33.095
    endloop
  endfacet
  facet normal -1 0 0
    outer loop
      vertex 62 -35.3553 35.3553
      vertex 62 -39.598 35.3553
      vertex 62 -35.3553 39.598
    endloop
  endfacet
  facet normal 0 -0.707091 -0.707122
    outer loop
      vertex 203.215 -37.3376 33.095
      vertex 208 -39.598 35.3553
      vertex 201.349 -39.598 35.3553
    endloop
  endfacet
  facet normal 0 -0.707091 -0.707122
    outer loop
      vertex 208 -39.598 35.3553
      vertex 203.215 -37.3376 33.095
      vertex 208 -37.3376 33.095
    endloop
  endfacet
  facet normal 0 -0.707091 -0.707122
    outer loop
      vertex 62 -37.3376 33.095
      vertex 179 -39.598 35.3553
      vertex 62 -39.598 35.3553
    endloop
  endfacet
  facet normal 0 -0.707091 -0.707122
    outer loop
      vertex 179 -39.598 35.3553
      vertex 62 -37.3376 33.095
      vertex 179 -37.3376 33.095
    endloop
  endfacet
  facet normal -0 0.707122 0.707091
    outer loop
      vertex 199.712 -33.095 37.3376
      vertex 208 -35.3553 39.598
      vertex 208 -33.095 37.3376
    endloop
  endfacet
  facet normal 0 0.707122 0.707091
    outer loop
      vertex 208 -35.3553 39.598
      vertex 199.712 -33.095 37.3376
      vertex 197.846 -35.3553 39.598
    endloop
  endfacet
  facet normal 0 0.707122 0.707091
    outer loop
      vertex 179 -33.095 37.3376
      vertex 62 -35.3553 39.598
      vertex 179 -35.3553 39.598
    endloop
  endfacet
  facet normal 0 0.707122 0.707091
    outer loop
      vertex 62 -35.3553 39.598
      vertex 179 -33.095 37.3376
      vertex 62 -33.095 37.3376
    endloop
  endfacet
  facet normal 0 -1 0
    outer loop
      vertex 62 -53 -3
      vertex 179 -53 3
      vertex 62 -53 3
    endloop
  endfacet
  facet normal 0 -1 -0
    outer loop
      vertex 179 -53 3
      vertex 62 -53 -3
      vertex 179 -53 -3
    endloop
  endfacet
  facet normal -1 0 0
    outer loop
      vertex 62 -49.8034 -3
      vertex 62 -53 -3
      vertex 62 -50 0
    endloop
  endfacet
  facet normal -1 0 0
    outer loop
      vertex 62 -53 3
      vertex 62 -50 0
      vertex 62 -53 -3
    endloop
  endfacet
  facet normal -1 0 0
    outer loop
      vertex 62 -50 0
      vertex 62 -53 3
      vertex 62 -49.8034 3
    endloop
  endfacet
  facet normal 0 0 -1
    outer loop
      vertex 62 -53 -3
      vertex 179 -49.8034 -3
      vertex 179 -53 -3
    endloop
  endfacet
  facet normal -0 0 -1
    outer loop
      vertex 179 -49.8034 -3
      vertex 62 -53 -3
      vertex 62 -49.8034 -3
    endloop
  endfacet
  facet normal -0 0 1
    outer loop
      vertex 62 -49.8034 3
      vertex 179 -53 3
      vertex 179 -49.8034 3
    endloop
  endfacet
  facet normal 0 0 1
    outer loop
      vertex 179 -53 3
      vertex 62 -49.8034 3
      vertex 62 -53 3
    endloop
  endfacet
  facet normal 0 -0.707107 -0.707107
    outer loop
      vertex 62 -35.3553 -39.598
      vertex 179 -39.598 -35.3553
      vertex 62 -39.598 -35.3553
    endloop
  endfacet
  facet normal 0 -0.707107 -0.707107
    outer loop
      vertex 179 -39.598 -35.3553
      vertex 62 -35.3553 -39.598
      vertex 179 -35.3553 -39.598
    endloop
  endfacet
  facet normal -1 0 0
    outer loop
      vertex 62 -35.3553 -39.598
      vertex 62 -35.3553 -35.3553
      vertex 62 -33.095 -37.3376
    endloop
  endfacet
  facet normal -1 0 0
    outer loop
      vertex 62 -39.598 -35.3553
      vertex 62 -35.3553 -35.3553
      vertex 62 -35.3553 -39.598
    endloop
  endfacet
  facet normal -1 0 0
    outer loop
      vertex 62 -35.3553 -35.3553
      vertex 62 -39.598 -35.3553
      vertex 62 -37.3376 -33.095
    endloop
  endfacet
  facet normal 0 0.707122 -0.707091
    outer loop
      vertex 179 -35.3553 -39.598
      vertex 62 -33.095 -37.3376
      vertex 179 -33.095 -37.3376
    endloop
  endfacet
  facet normal 0 0.707122 -0.707091
    outer loop
      vertex 62 -33.095 -37.3376
      vertex 179 -35.3553 -39.598
      vertex 62 -35.3553 -39.598
    endloop
  endfacet
  facet normal 0 -0.707091 0.707122
    outer loop
      vertex 62 -39.598 -35.3553
      vertex 179 -37.3376 -33.095
      vertex 62 -37.3376 -33.095
    endloop
  endfacet
  facet normal 0 -0.707091 0.707122
    outer loop
      vertex 179 -37.3376 -33.095
      vertex 62 -39.598 -35.3553
      vertex 179 -39.598 -35.3553
    endloop
  endfacet
  facet normal 0 -0.99786 -0.0653931
    outer loop
      vertex 60 -50 0
      vertex 62 -49.8034 -3
      vertex 62 -50 0
    endloop
  endfacet
  facet normal -2.50335e-05 -0.997858 -0.0654097
    outer loop
      vertex 60 -49.5722 -6.52631
      vertex 62 -49.8034 -3
      vertex 60 -50 0
    endloop
  endfacet
  facet normal -0 -0.997858 -0.0654238
    outer loop
      vertex 179 -49.5722 -6.52631
      vertex 62 -49.8034 -3
      vertex 60 -49.5722 -6.52631
    endloop
  endfacet
  facet normal 0 -0.997858 -0.0654238
    outer loop
      vertex 62 -49.8034 -3
      vertex 179 -49.5722 -6.52631
      vertex 179 -49.8034 -3
    endloop
  endfacet
  facet normal 0 0.195081 -0.980787
    outer loop
      vertex 60 6.52631 -49.5722
      vertex 179 12.941 -48.2963
      vertex 179 6.52631 -49.5722
    endloop
  endfacet
  facet normal 0 0.195081 -0.980787
    outer loop
      vertex 179 12.941 -48.2963
      vertex 60 6.52631 -49.5722
      vertex 60 12.941 -48.2963
    endloop
  endfacet
  facet normal 0 0.0653931 -0.99786
    outer loop
      vertex 62 0 -50
      vertex 60 0 -50
      vertex 62 3 -49.8034
    endloop
  endfacet
  facet normal 0 0.0654238 -0.997858
    outer loop
      vertex 62 3 -49.8034
      vertex 179 6.52631 -49.5722
      vertex 179 3 -49.8034
    endloop
  endfacet
  facet normal 0 0.0654238 -0.997858
    outer loop
      vertex 62 3 -49.8034
      vertex 60 6.52631 -49.5722
      vertex 179 6.52631 -49.5722
    endloop
  endfacet
  facet normal -2.50335e-05 0.0654097 -0.997858
    outer loop
      vertex 60 6.52631 -49.5722
      vertex 62 3 -49.8034
      vertex 60 0 -50
    endloop
  endfacet
  facet normal 0 0.0654013 -0.997859
    outer loop
      vertex 208 2.4 -49.8427
      vertex 210 0 -50
      vertex 208 0 -50
    endloop
  endfacet
  facet normal 2.22981e-05 0.0654198 -0.997858
    outer loop
      vertex 210 0 -50
      vertex 208 2.4 -49.8427
      vertex 210 2.57778 -49.831
    endloop
  endfacet
  facet normal 0 0.321438 -0.946931
    outer loop
      vertex 60 12.941 -48.2963
      vertex 179 19.1342 -46.194
      vertex 179 12.941 -48.2963
    endloop
  endfacet
  facet normal 0 0.321438 -0.946931
    outer loop
      vertex 179 19.1342 -46.194
      vertex 60 12.941 -48.2963
      vertex 60 19.1342 -46.194
    endloop
  endfacet
  facet normal 0 -0.555568 -0.831471
    outer loop
      vertex 60 -30.4381 -39.6677
      vertex 179 -25 -43.3013
      vertex 179 -30.4381 -39.6677
    endloop
  endfacet
  facet normal -0 -0.555568 -0.831471
    outer loop
      vertex 179 -25 -43.3013
      vertex 60 -30.4381 -39.6677
      vertex 60 -25 -43.3013
    endloop
  endfacet
  facet normal 0 -0.896872 0.44229
    outer loop
      vertex 60 -46.194 19.1342
      vertex 179 -43.3013 25
      vertex 60 -43.3013 25
    endloop
  endfacet
  facet normal 0 -0.896872 0.44229
    outer loop
      vertex 179 -43.3013 25
      vertex 60 -46.194 19.1342
      vertex 179 -46.194 19.1342
    endloop
  endfacet
  facet normal 0 -0.897054 0.44192
    outer loop
      vertex 210 -43.3013 25
      vertex 209.899 -43.3013 25
      vertex 210 -43.3615 24.8778
    endloop
  endfacet
  facet normal 0 0.44229 -0.896872
    outer loop
      vertex 60 19.1342 -46.194
      vertex 179 25 -43.3013
      vertex 179 19.1342 -46.194
    endloop
  endfacet
  facet normal 0 0.44229 -0.896872
    outer loop
      vertex 179 25 -43.3013
      vertex 60 19.1342 -46.194
      vertex 60 25 -43.3013
    endloop
  endfacet
  facet normal 0 0.751831 -0.659356
    outer loop
      vertex 62 37.3376 -33.095
      vertex 179 39.6677 -30.4381
      vertex 179 37.3376 -33.095
    endloop
  endfacet
  facet normal 0 0.751831 -0.659356
    outer loop
      vertex 179 39.6677 -30.4381
      vertex 62 37.3376 -33.095
      vertex 60 39.6677 -30.4381
    endloop
  endfacet
  facet normal 0 0.751828 -0.659359
    outer loop
      vertex 60 35.3553 -35.3553
      vertex 62 37.3376 -33.095
      vertex 62 35.3553 -35.3553
    endloop
  endfacet
  facet normal -3.65732e-06 0.75183 -0.659357
    outer loop
      vertex 62 37.3376 -33.095
      vertex 60 35.3553 -35.3553
      vertex 60 39.6677 -30.4381
    endloop
  endfacet
  facet normal 0 -0.44229 -0.896872
    outer loop
      vertex 60 -25 -43.3013
      vertex 179 -19.1342 -46.194
      vertex 179 -25 -43.3013
    endloop
  endfacet
  facet normal -0 -0.44229 -0.896872
    outer loop
      vertex 179 -19.1342 -46.194
      vertex 60 -25 -43.3013
      vertex 60 -19.1342 -46.194
    endloop
  endfacet
  facet normal 0 -0.896872 -0.44229
    outer loop
      vertex 60 -43.3013 -25
      vertex 179 -46.194 -19.1342
      vertex 60 -46.194 -19.1342
    endloop
  endfacet
  facet normal 0 -0.896872 -0.44229
    outer loop
      vertex 179 -46.194 -19.1342
      vertex 60 -43.3013 -25
      vertex 179 -43.3013 -25
    endloop
  endfacet
  facet normal 0 0.751831 0.659356
    outer loop
      vertex 179 37.3376 33.095
      vertex 179 39.6677 30.4381
      vertex 62 37.3376 33.095
    endloop
  endfacet
  facet normal 0 0.751828 0.659359
    outer loop
      vertex 62 37.3376 33.095
      vertex 60 35.3553 35.3553
      vertex 62 35.3553 35.3553
    endloop
  endfacet
  facet normal -3.65732e-06 0.75183 0.659357
    outer loop
      vertex 62 37.3376 33.095
      vertex 60 39.6677 30.4381
      vertex 60 35.3553 35.3553
    endloop
  endfacet
  facet normal -0 0.751831 0.659356
    outer loop
      vertex 60 39.6677 30.4381
      vertex 62 37.3376 33.095
      vertex 179 39.6677 30.4381
    endloop
  endfacet
  facet normal 0 0.751828 0.659359
    outer loop
      vertex 210 35.3553 35.3553
      vertex 208 37.3376 33.095
      vertex 208 35.3553 35.3553
    endloop
  endfacet
  facet normal 3.65732e-06 0.75183 0.659357
    outer loop
      vertex 210 39.6677 30.4381
      vertex 208 37.3376 33.095
      vertex 210 35.3553 35.3553
    endloop
  endfacet
  facet normal -0 0.751831 0.659356
    outer loop
      vertex 205.409 39.6677 30.4381
      vertex 208 37.3376 33.095
      vertex 210 39.6677 30.4381
    endloop
  endfacet
  facet normal 0 0.751831 0.659356
    outer loop
      vertex 208 37.3376 33.095
      vertex 205.409 39.6677 30.4381
      vertex 203.215 37.3376 33.095
    endloop
  endfacet
  facet normal -0 0.195081 0.980787
    outer loop
      vertex 60 12.941 48.2963
      vertex 179 6.52631 49.5722
      vertex 179 12.941 48.2963
    endloop
  endfacet
  facet normal 0 0.195081 0.980787
    outer loop
      vertex 179 6.52631 49.5722
      vertex 60 12.941 48.2963
      vertex 60 6.52631 49.5722
    endloop
  endfacet
  facet normal -0 0.195081 0.980787
    outer loop
      vertex 190.664 12.941 48.2963
      vertex 210 6.52631 49.5722
      vertex 210 12.941 48.2963
    endloop
  endfacet
  facet normal 0 0.195081 0.980787
    outer loop
      vertex 210 6.52631 49.5722
      vertex 190.664 12.941 48.2963
      vertex 189.61 6.52631 49.5722
    endloop
  endfacet
  facet normal 0 -0.831471 0.555568
    outer loop
      vertex 60 -43.3013 25
      vertex 179 -39.6677 30.4381
      vertex 60 -39.6677 30.4381
    endloop
  endfacet
  facet normal 0 -0.831471 0.555568
    outer loop
      vertex 179 -39.6677 30.4381
      vertex 60 -43.3013 25
      vertex 179 -43.3013 25
    endloop
  endfacet
  facet normal 0 -0.831471 0.555568
    outer loop
      vertex 209.899 -43.3013 25
      vertex 210 -39.6677 30.4381
      vertex 205.409 -39.6677 30.4381
    endloop
  endfacet
  facet normal 0 -0.831471 0.555568
    outer loop
      vertex 210 -39.6677 30.4381
      vertex 209.899 -43.3013 25
      vertex 210 -43.3013 25
    endloop
  endfacet
  facet normal -1 0 0
    outer loop
      vertex 60 49.5722 -6.52631
      vertex 60 49.5722 6.52631
      vertex 60 50 0
    endloop
  endfacet
  facet normal -1 0 0
    outer loop
      vertex 60 48.2963 -12.941
      vertex 60 49.5722 6.52631
      vertex 60 49.5722 -6.52631
    endloop
  endfacet
  facet normal -1 0 0
    outer loop
      vertex 60 48.2963 -12.941
      vertex 60 48.2963 12.941
      vertex 60 49.5722 6.52631
    endloop
  endfacet
  facet normal -1 0 0
    outer loop
      vertex 60 46.194 -19.1342
      vertex 60 48.2963 12.941
      vertex 60 48.2963 -12.941
    endloop
  endfacet
  facet normal -1 0 0
    outer loop
      vertex 60 46.194 -19.1342
      vertex 60 46.194 19.1342
      vertex 60 48.2963 12.941
    endloop
  endfacet
  facet normal -1 0 0
    outer loop
      vertex 60 43.3013 -25
      vertex 60 46.194 19.1342
      vertex 60 46.194 -19.1342
    endloop
  endfacet
  facet normal -1 0 0
    outer loop
      vertex 60 43.3013 -25
      vertex 60 43.3013 25
      vertex 60 46.194 19.1342
    endloop
  endfacet
  facet normal -1 0 0
    outer loop
      vertex 60 39.6677 -30.4381
      vertex 60 43.3013 25
      vertex 60 43.3013 -25
    endloop
  endfacet
  facet normal -1 0 0
    outer loop
      vertex 60 39.6677 -30.4381
      vertex 60 39.6677 30.4381
      vertex 60 43.3013 25
    endloop
  endfacet
  facet normal -1 0 0
    outer loop
      vertex 60 35.3553 -35.3553
      vertex 60 39.6677 30.4381
      vertex 60 39.6677 -30.4381
    endloop
  endfacet
  facet normal -1 0 0
    outer loop
      vertex 60 35.3553 -35.3553
      vertex 60 35.3553 35.3553
      vertex 60 39.6677 30.4381
    endloop
  endfacet
  facet normal -1 0 0
    outer loop
      vertex 60 30.4381 -39.6677
      vertex 60 35.3553 35.3553
      vertex 60 35.3553 -35.3553
    endloop
  endfacet
  facet normal -1 0 0
    outer loop
      vertex 60 30.4381 -39.6677
      vertex 60 30.4381 39.6677
      vertex 60 35.3553 35.3553
    endloop
  endfacet
  facet normal -1 0 0
    outer loop
      vertex 60 25 -43.3013
      vertex 60 30.4381 39.6677
      vertex 60 30.4381 -39.6677
    endloop
  endfacet
  facet normal -1 0 0
    outer loop
      vertex 60 25 -43.3013
      vertex 60 25 43.3013
      vertex 60 30.4381 39.6677
    endloop
  endfacet
  facet normal -1 0 0
    outer loop
      vertex 60 19.1342 -46.194
      vertex 60 25 43.3013
      vertex 60 25 -43.3013
    endloop
  endfacet
  facet normal -1 0 0
    outer loop
      vertex 60 19.1342 -46.194
      vertex 60 19.1342 46.194
      vertex 60 25 43.3013
    endloop
  endfacet
  facet normal -1 0 0
    outer loop
      vertex 60 12.941 -48.2963
      vertex 60 19.1342 46.194
      vertex 60 19.1342 -46.194
    endloop
  endfacet
  facet normal -1 0 0
    outer loop
      vertex 60 12.941 -48.2963
      vertex 60 12.941 48.2963
      vertex 60 19.1342 46.194
    endloop
  endfacet
  facet normal -1 0 0
    outer loop
      vertex 60 6.52631 -49.5722
      vertex 60 12.941 48.2963
      vertex 60 12.941 -48.2963
    endloop
  endfacet
  facet normal -1 0 0
    outer loop
      vertex 60 6.52631 -49.5722
      vertex 60 6.52631 49.5722
      vertex 60 12.941 48.2963
    endloop
  endfacet
  facet normal -1 0 0
    outer loop
      vertex 60 0 -50
      vertex 60 6.52631 49.5722
      vertex 60 6.52631 -49.5722
    endloop
  endfacet
  facet normal -1 0 0
    outer loop
      vertex 60 0 -50
      vertex 60 0 50
      vertex 60 6.52631 49.5722
    endloop
  endfacet
  facet normal -1 0 0
    outer loop
      vertex 60 -6.52631 -49.5722
      vertex 60 0 50
      vertex 60 0 -50
    endloop
  endfacet
  facet normal -1 0 0
    outer loop
      vertex 60 -6.52631 -49.5722
      vertex 60 -6.52631 49.5722
      vertex 60 0 50
    endloop
  endfacet
  facet normal -1 0 0
    outer loop
      vertex 60 -12.941 -48.2963
      vertex 60 -6.52631 49.5722
      vertex 60 -6.52631 -49.5722
    endloop
  endfacet
  facet normal -1 0 0
    outer loop
      vertex 60 -12.941 -48.2963
      vertex 60 -12.941 48.2963
      vertex 60 -6.52631 49.5722
    endloop
  endfacet
  facet normal -1 0 0
    outer loop
      vertex 60 -19.1342 -46.194
      vertex 60 -12.941 48.2963
      vertex 60 -12.941 -48.2963
    endloop
  endfacet
  facet normal -1 0 0
    outer loop
      vertex 60 -19.1342 -46.194
      vertex 60 -19.1342 46.194
      vertex 60 -12.941 48.2963
    endloop
  endfacet
  facet normal -1 0 0
    outer loop
      vertex 60 -25 -43.3013
      vertex 60 -19.1342 46.194
      vertex 60 -19.1342 -46.194
    endloop
  endfacet
  facet normal -1 0 0
    outer loop
      vertex 60 -25 -43.3013
      vertex 60 -25 43.3013
      vertex 60 -19.1342 46.194
    endloop
  endfacet
  facet normal -1 0 0
    outer loop
      vertex 60 -30.4381 -39.6677
      vertex 60 -25 43.3013
      vertex 60 -25 -43.3013
    endloop
  endfacet
  facet normal -1 0 0
    outer loop
      vertex 60 -30.4381 -39.6677
      vertex 60 -30.4381 39.6677
      vertex 60 -25 43.3013
    endloop
  endfacet
  facet normal -1 0 0
    outer loop
      vertex 60 -35.3553 -35.3553
      vertex 60 -30.4381 39.6677
      vertex 60 -30.4381 -39.6677
    endloop
  endfacet
  facet normal -1 0 0
    outer loop
      vertex 60 -35.3553 -35.3553
      vertex 60 -35.3553 35.3553
      vertex 60 -30.4381 39.6677
    endloop
  endfacet
  facet normal -1 0 0
    outer loop
      vertex 60 -39.6677 -30.4381
      vertex 60 -35.3553 35.3553
      vertex 60 -35.3553 -35.3553
    endloop
  endfacet
  facet normal -1 0 0
    outer loop
      vertex 60 -39.6677 -30.4381
      vertex 60 -39.6677 30.4381
      vertex 60 -35.3553 35.3553
    endloop
  endfacet
  facet normal -1 0 0
    outer loop
      vertex 60 -43.3013 -25
      vertex 60 -39.6677 30.4381
      vertex 60 -39.6677 -30.4381
    endloop
  endfacet
  facet normal -1 0 0
    outer loop
      vertex 60 -43.3013 -25
      vertex 60 -43.3013 25
      vertex 60 -39.6677 30.4381
    endloop
  endfacet
  facet normal -1 0 0
    outer loop
      vertex 60 -46.194 -19.1342
      vertex 60 -43.3013 25
      vertex 60 -43.3013 -25
    endloop
  endfacet
  facet normal -1 0 0
    outer loop
      vertex 60 -46.194 -19.1342
      vertex 60 -46.194 19.1342
      vertex 60 -43.3013 25
    endloop
  endfacet
  facet normal -1 0 0
    outer loop
      vertex 60 -48.2963 -12.941
      vertex 60 -46.194 19.1342
      vertex 60 -46.194 -19.1342
    endloop
  endfacet
  facet normal -1 0 0
    outer loop
      vertex 60 -48.2963 -12.941
      vertex 60 -48.2963 12.941
      vertex 60 -46.194 19.1342
    endloop
  endfacet
  facet normal -1 0 0
    outer loop
      vertex 60 -49.5722 -6.52631
      vertex 60 -48.2963 12.941
      vertex 60 -48.2963 -12.941
    endloop
  endfacet
  facet normal -1 0 0
    outer loop
      vertex 60 -49.5722 -6.52631
      vertex 60 -49.5722 6.52631
      vertex 60 -48.2963 12.941
    endloop
  endfacet
  facet normal -1 0 -0
    outer loop
      vertex 60 -49.5722 6.52631
      vertex 60 -49.5722 -6.52631
      vertex 60 -50 0
    endloop
  endfacet
  facet normal 0 -0.997858 0.0654238
    outer loop
      vertex 60 -49.5722 6.52631
      vertex 62 -49.8034 3
      vertex 179 -49.5722 6.52631
    endloop
  endfacet
  facet normal -2.50335e-05 -0.997858 0.0654097
    outer loop
      vertex 60 -50 0
      vertex 62 -49.8034 3
      vertex 60 -49.5722 6.52631
    endloop
  endfacet
  facet normal 0 -0.99786 0.0653931
    outer loop
      vertex 62 -49.8034 3
      vertex 60 -50 0
      vertex 62 -50 0
    endloop
  endfacet
  facet normal 0 -0.997858 0.0654238
    outer loop
      vertex 179 -49.5722 6.52631
      vertex 62 -49.8034 3
      vertex 179 -49.8034 3
    endloop
  endfacet
  facet normal 0 0.896872 -0.44229
    outer loop
      vertex 179 43.3013 -25
      vertex 60 46.194 -19.1342
      vertex 179 46.194 -19.1342
    endloop
  endfacet
  facet normal 0 0.896872 -0.44229
    outer loop
      vertex 60 46.194 -19.1342
      vertex 179 43.3013 -25
      vertex 60 43.3013 -25
    endloop
  endfacet
  facet normal 0 -0.946931 -0.321438
    outer loop
      vertex 60 -46.194 -19.1342
      vertex 179 -48.2963 -12.941
      vertex 60 -48.2963 -12.941
    endloop
  endfacet
  facet normal 0 -0.946931 -0.321438
    outer loop
      vertex 179 -48.2963 -12.941
      vertex 60 -46.194 -19.1342
      vertex 179 -46.194 -19.1342
    endloop
  endfacet
  facet normal 0 0.0654238 0.997858
    outer loop
      vertex 179 6.52631 49.5722
      vertex 62 3 49.8034
      vertex 179 3 49.8034
    endloop
  endfacet
  facet normal -0 0.0654238 0.997858
    outer loop
      vertex 60 6.52631 49.5722
      vertex 62 3 49.8034
      vertex 179 6.52631 49.5722
    endloop
  endfacet
  facet normal -2.50335e-05 0.0654097 0.997858
    outer loop
      vertex 60 0 50
      vertex 62 3 49.8034
      vertex 60 6.52631 49.5722
    endloop
  endfacet
  facet normal 0 0.0653931 0.99786
    outer loop
      vertex 62 3 49.8034
      vertex 60 0 50
      vertex 62 0 50
    endloop
  endfacet
  facet normal 2.50335e-05 0.0654097 0.997858
    outer loop
      vertex 210 6.52631 49.5722
      vertex 208 3 49.8034
      vertex 210 0 50
    endloop
  endfacet
  facet normal -0 0.0654238 0.997858
    outer loop
      vertex 189.61 6.52631 49.5722
      vertex 208 3 49.8034
      vertex 210 6.52631 49.5722
    endloop
  endfacet
  facet normal 0 0.0654238 0.997858
    outer loop
      vertex 208 3 49.8034
      vertex 189.61 6.52631 49.5722
      vertex 189.419 3 49.8034
    endloop
  endfacet
  facet normal 0 0.0653931 0.99786
    outer loop
      vertex 210 0 50
      vertex 208 3 49.8034
      vertex 208 0 50
    endloop
  endfacet
  facet normal 0 0.659359 0.751828
    outer loop
      vertex 62 35.3553 35.3553
      vertex 60 35.3553 35.3553
      vertex 62 33.095 37.3376
    endloop
  endfacet
  facet normal -0 0.659356 0.751831
    outer loop
      vertex 62 33.095 37.3376
      vertex 179 30.4381 39.6677
      vertex 179 33.095 37.3376
    endloop
  endfacet
  facet normal 0 0.659356 0.751831
    outer loop
      vertex 62 33.095 37.3376
      vertex 60 30.4381 39.6677
      vertex 179 30.4381 39.6677
    endloop
  endfacet
  facet normal -3.65732e-06 0.659357 0.75183
    outer loop
      vertex 60 30.4381 39.6677
      vertex 62 33.095 37.3376
      vertex 60 35.3553 35.3553
    endloop
  endfacet
  facet normal 0 0.659359 0.751828
    outer loop
      vertex 208 33.095 37.3376
      vertex 210 35.3553 35.3553
      vertex 208 35.3553 35.3553
    endloop
  endfacet
  facet normal 3.65732e-06 0.659357 0.75183
    outer loop
      vertex 210 35.3553 35.3553
      vertex 208 33.095 37.3376
      vertex 210 30.4381 39.6677
    endloop
  endfacet
  facet normal 0 0.659356 0.751831
    outer loop
      vertex 197.788 30.4381 39.6677
      vertex 208 33.095 37.3376
      vertex 199.712 33.095 37.3376
    endloop
  endfacet
  facet normal 0 0.659356 0.751831
    outer loop
      vertex 208 33.095 37.3376
      vertex 197.788 30.4381 39.6677
      vertex 210 30.4381 39.6677
    endloop
  endfacet
  facet normal 0 0.896872 0.44229
    outer loop
      vertex 179 46.194 19.1342
      vertex 60 43.3013 25
      vertex 179 43.3013 25
    endloop
  endfacet
  facet normal 0 0.896872 0.44229
    outer loop
      vertex 60 43.3013 25
      vertex 179 46.194 19.1342
      vertex 60 46.194 19.1342
    endloop
  endfacet
  facet normal 0 0.897054 0.44192
    outer loop
      vertex 210 43.3615 24.8778
      vertex 209.899 43.3013 25
      vertex 210 43.3013 25
    endloop
  endfacet
  facet normal 0 -0.321438 -0.946931
    outer loop
      vertex 60 -19.1342 -46.194
      vertex 179 -12.941 -48.2963
      vertex 179 -19.1342 -46.194
    endloop
  endfacet
  facet normal -0 -0.321438 -0.946931
    outer loop
      vertex 179 -12.941 -48.2963
      vertex 60 -19.1342 -46.194
      vertex 60 -12.941 -48.2963
    endloop
  endfacet
  facet normal 0 0.659356 -0.751831
    outer loop
      vertex 179 30.4381 -39.6677
      vertex 62 33.095 -37.3376
      vertex 179 33.095 -37.3376
    endloop
  endfacet
  facet normal 0 0.659356 -0.751831
    outer loop
      vertex 60 30.4381 -39.6677
      vertex 62 33.095 -37.3376
      vertex 179 30.4381 -39.6677
    endloop
  endfacet
  facet normal -3.65732e-06 0.659357 -0.75183
    outer loop
      vertex 60 35.3553 -35.3553
      vertex 62 33.095 -37.3376
      vertex 60 30.4381 -39.6677
    endloop
  endfacet
  facet normal 0 0.659359 -0.751828
    outer loop
      vertex 62 33.095 -37.3376
      vertex 60 35.3553 -35.3553
      vertex 62 35.3553 -35.3553
    endloop
  endfacet
  facet normal 0 -0.195081 -0.980787
    outer loop
      vertex 60 -12.941 -48.2963
      vertex 179 -6.52631 -49.5722
      vertex 179 -12.941 -48.2963
    endloop
  endfacet
  facet normal -0 -0.195081 -0.980787
    outer loop
      vertex 179 -6.52631 -49.5722
      vertex 60 -12.941 -48.2963
      vertex 60 -6.52631 -49.5722
    endloop
  endfacet
  facet normal 0 -0.555568 0.831471
    outer loop
      vertex 60 -25 43.3013
      vertex 179 -30.4381 39.6677
      vertex 179 -25 43.3013
    endloop
  endfacet
  facet normal 0 -0.555568 0.831471
    outer loop
      vertex 179 -30.4381 39.6677
      vertex 60 -25 43.3013
      vertex 60 -30.4381 39.6677
    endloop
  endfacet
  facet normal 0 -0.555568 0.831471
    outer loop
      vertex 210 -25 43.3013
      vertex 197.788 -30.4381 39.6677
      vertex 210 -30.4381 39.6677
    endloop
  endfacet
  facet normal 0 -0.555568 0.831471
    outer loop
      vertex 197.788 -30.4381 39.6677
      vertex 210 -25 43.3013
      vertex 194.788 -25 43.3013
    endloop
  endfacet
  facet normal 0 -0.751828 0.659359
    outer loop
      vertex 208 -37.3376 33.095
      vertex 210 -35.3553 35.3553
      vertex 208 -35.3553 35.3553
    endloop
  endfacet
  facet normal 3.65732e-06 -0.75183 0.659357
    outer loop
      vertex 208 -37.3376 33.095
      vertex 210 -39.6677 30.4381
      vertex 210 -35.3553 35.3553
    endloop
  endfacet
  facet normal 0 -0.751831 0.659356
    outer loop
      vertex 210 -39.6677 30.4381
      vertex 208 -37.3376 33.095
      vertex 205.409 -39.6677 30.4381
    endloop
  endfacet
  facet normal 0 -0.751831 0.659356
    outer loop
      vertex 203.215 -37.3376 33.095
      vertex 205.409 -39.6677 30.4381
      vertex 208 -37.3376 33.095
    endloop
  endfacet
  facet normal 0 -0.751828 0.659359
    outer loop
      vertex 60 -35.3553 35.3553
      vertex 62 -37.3376 33.095
      vertex 62 -35.3553 35.3553
    endloop
  endfacet
  facet normal -3.65732e-06 -0.75183 0.659357
    outer loop
      vertex 60 -39.6677 30.4381
      vertex 62 -37.3376 33.095
      vertex 60 -35.3553 35.3553
    endloop
  endfacet
  facet normal 0 -0.751831 0.659356
    outer loop
      vertex 179 -39.6677 30.4381
      vertex 62 -37.3376 33.095
      vertex 60 -39.6677 30.4381
    endloop
  endfacet
  facet normal 0 -0.751831 0.659356
    outer loop
      vertex 62 -37.3376 33.095
      vertex 179 -39.6677 30.4381
      vertex 179 -37.3376 33.095
    endloop
  endfacet
  facet normal 0 -0.980787 -0.195081
    outer loop
      vertex 60 -48.2963 -12.941
      vertex 179 -49.5722 -6.52631
      vertex 60 -49.5722 -6.52631
    endloop
  endfacet
  facet normal 0 -0.980787 -0.195081
    outer loop
      vertex 179 -49.5722 -6.52631
      vertex 60 -48.2963 -12.941
      vertex 179 -48.2963 -12.941
    endloop
  endfacet
  facet normal 0 -0.751831 -0.659356
    outer loop
      vertex 60 -39.6677 -30.4381
      vertex 62 -37.3376 -33.095
      vertex 179 -39.6677 -30.4381
    endloop
  endfacet
  facet normal -3.65732e-06 -0.75183 -0.659357
    outer loop
      vertex 60 -35.3553 -35.3553
      vertex 62 -37.3376 -33.095
      vertex 60 -39.6677 -30.4381
    endloop
  endfacet
  facet normal 0 -0.751828 -0.659359
    outer loop
      vertex 62 -37.3376 -33.095
      vertex 60 -35.3553 -35.3553
      vertex 62 -35.3553 -35.3553
    endloop
  endfacet
  facet normal 0 -0.751831 -0.659356
    outer loop
      vertex 179 -39.6677 -30.4381
      vertex 62 -37.3376 -33.095
      vertex 179 -37.3376 -33.095
    endloop
  endfacet
  facet normal 0 -0.0654238 -0.997858
    outer loop
      vertex 179 -6.52631 -49.5722
      vertex 62 -3 -49.8034
      vertex 179 -3 -49.8034
    endloop
  endfacet
  facet normal 0 -0.0654238 -0.997858
    outer loop
      vertex 60 -6.52631 -49.5722
      vertex 62 -3 -49.8034
      vertex 179 -6.52631 -49.5722
    endloop
  endfacet
  facet normal -2.50335e-05 -0.0654097 -0.997858
    outer loop
      vertex 60 0 -50
      vertex 62 -3 -49.8034
      vertex 60 -6.52631 -49.5722
    endloop
  endfacet
  facet normal 0 -0.0653931 -0.99786
    outer loop
      vertex 62 -3 -49.8034
      vertex 60 0 -50
      vertex 62 0 -50
    endloop
  endfacet
  facet normal 2.22981e-05 -0.0654198 -0.997858
    outer loop
      vertex 208 -2.4 -49.8427
      vertex 210 0 -50
      vertex 210 -2.57778 -49.831
    endloop
  endfacet
  facet normal -0 -0.0654013 -0.997859
    outer loop
      vertex 210 0 -50
      vertex 208 -2.4 -49.8427
      vertex 208 0 -50
    endloop
  endfacet
  facet normal 0 -0.195081 0.980787
    outer loop
      vertex 60 -6.52631 49.5722
      vertex 179 -12.941 48.2963
      vertex 179 -6.52631 49.5722
    endloop
  endfacet
  facet normal 0 -0.195081 0.980787
    outer loop
      vertex 179 -12.941 48.2963
      vertex 60 -6.52631 49.5722
      vertex 60 -12.941 48.2963
    endloop
  endfacet
  facet normal 0 -0.195081 0.980787
    outer loop
      vertex 210 -6.52631 49.5722
      vertex 190.664 -12.941 48.2963
      vertex 210 -12.941 48.2963
    endloop
  endfacet
  facet normal 0 -0.195081 0.980787
    outer loop
      vertex 190.664 -12.941 48.2963
      vertex 210 -6.52631 49.5722
      vertex 189.61 -6.52631 49.5722
    endloop
  endfacet
  facet normal -0 -0.659359 -0.751828
    outer loop
      vertex 62 -35.3553 -35.3553
      vertex 60 -35.3553 -35.3553
      vertex 62 -33.095 -37.3376
    endloop
  endfacet
  facet normal 0 -0.659356 -0.751831
    outer loop
      vertex 62 -33.095 -37.3376
      vertex 179 -30.4381 -39.6677
      vertex 179 -33.095 -37.3376
    endloop
  endfacet
  facet normal 0 -0.659356 -0.751831
    outer loop
      vertex 62 -33.095 -37.3376
      vertex 60 -30.4381 -39.6677
      vertex 179 -30.4381 -39.6677
    endloop
  endfacet
  facet normal -3.65732e-06 -0.659357 -0.75183
    outer loop
      vertex 60 -30.4381 -39.6677
      vertex 62 -33.095 -37.3376
      vertex 60 -35.3553 -35.3553
    endloop
  endfacet
  facet normal -0 0.997858 0.0654238
    outer loop
      vertex 62 49.8034 3
      vertex 179 49.5722 6.52631
      vertex 179 49.8034 3
    endloop
  endfacet
  facet normal 0 0.997858 0.0654238
    outer loop
      vertex 179 49.5722 6.52631
      vertex 62 49.8034 3
      vertex 60 49.5722 6.52631
    endloop
  endfacet
  facet normal -0 0.99786 0.0653931
    outer loop
      vertex 60 50 0
      vertex 62 49.8034 3
      vertex 62 50 0
    endloop
  endfacet
  facet normal -2.50335e-05 0.997858 0.0654097
    outer loop
      vertex 62 49.8034 3
      vertex 60 50 0
      vertex 60 49.5722 6.52631
    endloop
  endfacet
  facet normal 0 -0.44229 0.896872
    outer loop
      vertex 60 -19.1342 46.194
      vertex 179 -25 43.3013
      vertex 179 -19.1342 46.194
    endloop
  endfacet
  facet normal 0 -0.44229 0.896872
    outer loop
      vertex 179 -25 43.3013
      vertex 60 -19.1342 46.194
      vertex 60 -25 43.3013
    endloop
  endfacet
  facet normal 0 -0.44229 0.896872
    outer loop
      vertex 210 -19.1342 46.194
      vertex 194.788 -25 43.3013
      vertex 210 -25 43.3013
    endloop
  endfacet
  facet normal 0 -0.44229 0.896872
    outer loop
      vertex 194.788 -25 43.3013
      vertex 210 -19.1342 46.194
      vertex 192.399 -19.1342 46.194
    endloop
  endfacet
  facet normal -0 0.44229 0.896872
    outer loop
      vertex 60 25 43.3013
      vertex 179 19.1342 46.194
      vertex 179 25 43.3013
    endloop
  endfacet
  facet normal 0 0.44229 0.896872
    outer loop
      vertex 179 19.1342 46.194
      vertex 60 25 43.3013
      vertex 60 19.1342 46.194
    endloop
  endfacet
  facet normal -0 0.44229 0.896872
    outer loop
      vertex 194.788 25 43.3013
      vertex 210 19.1342 46.194
      vertex 210 25 43.3013
    endloop
  endfacet
  facet normal 0 0.44229 0.896872
    outer loop
      vertex 210 19.1342 46.194
      vertex 194.788 25 43.3013
      vertex 192.399 19.1342 46.194
    endloop
  endfacet
  facet normal 0 0.831471 -0.555568
    outer loop
      vertex 179 39.6677 -30.4381
      vertex 60 43.3013 -25
      vertex 179 43.3013 -25
    endloop
  endfacet
  facet normal 0 0.831471 -0.555568
    outer loop
      vertex 60 43.3013 -25
      vertex 179 39.6677 -30.4381
      vertex 60 39.6677 -30.4381
    endloop
  endfacet
  facet normal 0 0.980787 -0.195081
    outer loop
      vertex 179 48.2963 -12.941
      vertex 60 49.5722 -6.52631
      vertex 179 49.5722 -6.52631
    endloop
  endfacet
  facet normal 0 0.980787 -0.195081
    outer loop
      vertex 60 49.5722 -6.52631
      vertex 179 48.2963 -12.941
      vertex 60 48.2963 -12.941
    endloop
  endfacet
  facet normal 0 -0.946931 0.321438
    outer loop
      vertex 60 -48.2963 12.941
      vertex 179 -46.194 19.1342
      vertex 60 -46.194 19.1342
    endloop
  endfacet
  facet normal 0 -0.946931 0.321438
    outer loop
      vertex 179 -46.194 19.1342
      vertex 60 -48.2963 12.941
      vertex 179 -48.2963 12.941
    endloop
  endfacet
  facet normal 0 0.831471 0.555568
    outer loop
      vertex 179 43.3013 25
      vertex 60 39.6677 30.4381
      vertex 179 39.6677 30.4381
    endloop
  endfacet
  facet normal 0 0.831471 0.555568
    outer loop
      vertex 60 39.6677 30.4381
      vertex 179 43.3013 25
      vertex 60 43.3013 25
    endloop
  endfacet
  facet normal -0 0.831471 0.555568
    outer loop
      vertex 209.899 43.3013 25
      vertex 210 39.6677 30.4381
      vertex 210 43.3013 25
    endloop
  endfacet
  facet normal 0 0.831471 0.555568
    outer loop
      vertex 210 39.6677 30.4381
      vertex 209.899 43.3013 25
      vertex 205.409 39.6677 30.4381
    endloop
  endfacet
  facet normal 0 0.555568 -0.831471
    outer loop
      vertex 60 25 -43.3013
      vertex 179 30.4381 -39.6677
      vertex 179 25 -43.3013
    endloop
  endfacet
  facet normal 0 0.555568 -0.831471
    outer loop
      vertex 179 30.4381 -39.6677
      vertex 60 25 -43.3013
      vertex 60 30.4381 -39.6677
    endloop
  endfacet
  facet normal 0 -0.0653931 0.99786
    outer loop
      vertex 208 -3 49.8034
      vertex 210 0 50
      vertex 208 0 50
    endloop
  endfacet
  facet normal 2.50335e-05 -0.0654097 0.997858
    outer loop
      vertex 210 0 50
      vertex 208 -3 49.8034
      vertex 210 -6.52631 49.5722
    endloop
  endfacet
  facet normal 0 -0.0654238 0.997858
    outer loop
      vertex 208 -3 49.8034
      vertex 189.61 -6.52631 49.5722
      vertex 210 -6.52631 49.5722
    endloop
  endfacet
  facet normal 0 -0.0654238 0.997858
    outer loop
      vertex 189.61 -6.52631 49.5722
      vertex 208 -3 49.8034
      vertex 189.419 -3 49.8034
    endloop
  endfacet
  facet normal 0 -0.0653931 0.99786
    outer loop
      vertex 62 0 50
      vertex 60 0 50
      vertex 62 -3 49.8034
    endloop
  endfacet
  facet normal 0 -0.0654238 0.997858
    outer loop
      vertex 62 -3 49.8034
      vertex 179 -6.52631 49.5722
      vertex 179 -3 49.8034
    endloop
  endfacet
  facet normal 0 -0.0654238 0.997858
    outer loop
      vertex 62 -3 49.8034
      vertex 60 -6.52631 49.5722
      vertex 179 -6.52631 49.5722
    endloop
  endfacet
  facet normal -2.50335e-05 -0.0654097 0.997858
    outer loop
      vertex 60 -6.52631 49.5722
      vertex 62 -3 49.8034
      vertex 60 0 50
    endloop
  endfacet
  facet normal 0 0.946931 0.321438
    outer loop
      vertex 179 48.2963 12.941
      vertex 60 46.194 19.1342
      vertex 179 46.194 19.1342
    endloop
  endfacet
  facet normal 0 0.946931 0.321438
    outer loop
      vertex 60 46.194 19.1342
      vertex 179 48.2963 12.941
      vertex 60 48.2963 12.941
    endloop
  endfacet
  facet normal 0 0.997858 -0.0654238
    outer loop
      vertex 179 49.8034 -3
      vertex 179 49.5722 -6.52631
      vertex 62 49.8034 -3
    endloop
  endfacet
  facet normal 0 0.99786 -0.0653931
    outer loop
      vertex 62 49.8034 -3
      vertex 60 50 0
      vertex 62 50 0
    endloop
  endfacet
  facet normal -2.50335e-05 0.997858 -0.0654097
    outer loop
      vertex 62 49.8034 -3
      vertex 60 49.5722 -6.52631
      vertex 60 50 0
    endloop
  endfacet
  facet normal 0 0.997858 -0.0654238
    outer loop
      vertex 60 49.5722 -6.52631
      vertex 62 49.8034 -3
      vertex 179 49.5722 -6.52631
    endloop
  endfacet
  facet normal 0 -0.980787 0.195081
    outer loop
      vertex 60 -49.5722 6.52631
      vertex 179 -48.2963 12.941
      vertex 60 -48.2963 12.941
    endloop
  endfacet
  facet normal 0 -0.980787 0.195081
    outer loop
      vertex 179 -48.2963 12.941
      vertex 60 -49.5722 6.52631
      vertex 179 -49.5722 6.52631
    endloop
  endfacet
  facet normal 0 0.980787 0.195081
    outer loop
      vertex 179 49.5722 6.52631
      vertex 60 48.2963 12.941
      vertex 179 48.2963 12.941
    endloop
  endfacet
  facet normal 0 0.980787 0.195081
    outer loop
      vertex 60 48.2963 12.941
      vertex 179 49.5722 6.52631
      vertex 60 49.5722 6.52631
    endloop
  endfacet
  facet normal 0 -0.831471 -0.555568
    outer loop
      vertex 60 -39.6677 -30.4381
      vertex 179 -43.3013 -25
      vertex 60 -43.3013 -25
    endloop
  endfacet
  facet normal 0 -0.831471 -0.555568
    outer loop
      vertex 179 -43.3013 -25
      vertex 60 -39.6677 -30.4381
      vertex 179 -39.6677 -30.4381
    endloop
  endfacet
  facet normal 0 -0.321438 0.946931
    outer loop
      vertex 60 -12.941 48.2963
      vertex 179 -19.1342 46.194
      vertex 179 -12.941 48.2963
    endloop
  endfacet
  facet normal 0 -0.321438 0.946931
    outer loop
      vertex 179 -19.1342 46.194
      vertex 60 -12.941 48.2963
      vertex 60 -19.1342 46.194
    endloop
  endfacet
  facet normal 0 -0.321438 0.946931
    outer loop
      vertex 210 -12.941 48.2963
      vertex 192.399 -19.1342 46.194
      vertex 210 -19.1342 46.194
    endloop
  endfacet
  facet normal 0 -0.321438 0.946931
    outer loop
      vertex 192.399 -19.1342 46.194
      vertex 210 -12.941 48.2963
      vertex 190.664 -12.941 48.2963
    endloop
  endfacet
  facet normal 0 -0.659356 0.751831
    outer loop
      vertex 179 -30.4381 39.6677
      vertex 62 -33.095 37.3376
      vertex 179 -33.095 37.3376
    endloop
  endfacet
  facet normal 0 -0.659356 0.751831
    outer loop
      vertex 60 -30.4381 39.6677
      vertex 62 -33.095 37.3376
      vertex 179 -30.4381 39.6677
    endloop
  endfacet
  facet normal -3.65732e-06 -0.659357 0.75183
    outer loop
      vertex 60 -35.3553 35.3553
      vertex 62 -33.095 37.3376
      vertex 60 -30.4381 39.6677
    endloop
  endfacet
  facet normal 0 -0.659359 0.751828
    outer loop
      vertex 62 -33.095 37.3376
      vertex 60 -35.3553 35.3553
      vertex 62 -35.3553 35.3553
    endloop
  endfacet
  facet normal 3.65732e-06 -0.659357 0.75183
    outer loop
      vertex 210 -30.4381 39.6677
      vertex 208 -33.095 37.3376
      vertex 210 -35.3553 35.3553
    endloop
  endfacet
  facet normal 0 -0.659356 0.751831
    outer loop
      vertex 197.788 -30.4381 39.6677
      vertex 208 -33.095 37.3376
      vertex 210 -30.4381 39.6677
    endloop
  endfacet
  facet normal 0 -0.659356 0.751831
    outer loop
      vertex 208 -33.095 37.3376
      vertex 197.788 -30.4381 39.6677
      vertex 199.712 -33.095 37.3376
    endloop
  endfacet
  facet normal 0 -0.659359 0.751828
    outer loop
      vertex 210 -35.3553 35.3553
      vertex 208 -33.095 37.3376
      vertex 208 -35.3553 35.3553
    endloop
  endfacet
  facet normal -0 0.321438 0.946931
    outer loop
      vertex 60 19.1342 46.194
      vertex 179 12.941 48.2963
      vertex 179 19.1342 46.194
    endloop
  endfacet
  facet normal 0 0.321438 0.946931
    outer loop
      vertex 179 12.941 48.2963
      vertex 60 19.1342 46.194
      vertex 60 12.941 48.2963
    endloop
  endfacet
  facet normal -0 0.321438 0.946931
    outer loop
      vertex 192.399 19.1342 46.194
      vertex 210 12.941 48.2963
      vertex 210 19.1342 46.194
    endloop
  endfacet
  facet normal 0 0.321438 0.946931
    outer loop
      vertex 210 12.941 48.2963
      vertex 192.399 19.1342 46.194
      vertex 190.664 12.941 48.2963
    endloop
  endfacet
  facet normal 0 0.946931 -0.321438
    outer loop
      vertex 179 46.194 -19.1342
      vertex 60 48.2963 -12.941
      vertex 179 48.2963 -12.941
    endloop
  endfacet
  facet normal 0 0.946931 -0.321438
    outer loop
      vertex 60 48.2963 -12.941
      vertex 179 46.194 -19.1342
      vertex 60 46.194 -19.1342
    endloop
  endfacet
  facet normal -0 0.555568 0.831471
    outer loop
      vertex 197.788 30.4381 39.6677
      vertex 210 25 43.3013
      vertex 210 30.4381 39.6677
    endloop
  endfacet
  facet normal 0 0.555568 0.831471
    outer loop
      vertex 210 25 43.3013
      vertex 197.788 30.4381 39.6677
      vertex 194.788 25 43.3013
    endloop
  endfacet
  facet normal -0 0.555568 0.831471
    outer loop
      vertex 60 30.4381 39.6677
      vertex 179 25 43.3013
      vertex 179 30.4381 39.6677
    endloop
  endfacet
  facet normal 0 0.555568 0.831471
    outer loop
      vertex 179 25 43.3013
      vertex 60 30.4381 39.6677
      vertex 60 25 43.3013
    endloop
  endfacet
  facet normal 1 0 0
    outer loop
      vertex 210 2.57778 24.8778
      vertex 210 43.3013 25
      vertex 210 39.6677 30.4381
    endloop
  endfacet
  facet normal 1 0 0
    outer loop
      vertex 210 2.57778 24.8778
      vertex 210 39.6677 30.4381
      vertex 210 35.3553 35.3553
    endloop
  endfacet
  facet normal 1 0 0
    outer loop
      vertex 210 2.57778 24.8778
      vertex 210 35.3553 35.3553
      vertex 210 30.4381 39.6677
    endloop
  endfacet
  facet normal 1 0 0
    outer loop
      vertex 210 2.57778 24.8778
      vertex 210 30.4381 39.6677
      vertex 210 25 43.3013
    endloop
  endfacet
  facet normal 1 0 0
    outer loop
      vertex 210 2.57778 24.8778
      vertex 210 25 43.3013
      vertex 210 19.1342 46.194
    endloop
  endfacet
  facet normal 1 0 0
    outer loop
      vertex 210 2.57778 24.8778
      vertex 210 19.1342 46.194
      vertex 210 12.941 48.2963
    endloop
  endfacet
  facet normal 1 0 0
    outer loop
      vertex 210 2.57778 24.8778
      vertex 210 12.941 48.2963
      vertex 210 6.52631 49.5722
    endloop
  endfacet
  facet normal 1 0 0
    outer loop
      vertex 210 43.3013 25
      vertex 210 2.57778 24.8778
      vertex 210 43.3615 24.8778
    endloop
  endfacet
  facet normal 1 0 0
    outer loop
      vertex 210 0 50
      vertex 210 2.57778 24.8778
      vertex 210 6.52631 49.5722
    endloop
  endfacet
  facet normal 1 0 0
    outer loop
      vertex 210 -2.57778 24.8778
      vertex 210 2.57778 24.8778
      vertex 210 0 50
    endloop
  endfacet
  facet normal 1 0 0
    outer loop
      vertex 210 2.57778 24.8778
      vertex 210 -2.57778 24.8778
      vertex 210 2.57778 -49.831
    endloop
  endfacet
  facet normal 1 0 0
    outer loop
      vertex 210 -2.57778 -49.831
      vertex 210 2.57778 -49.831
      vertex 210 -2.57778 24.8778
    endloop
  endfacet
  facet normal 1 -0 0
    outer loop
      vertex 210 -6.52631 49.5722
      vertex 210 -2.57778 24.8778
      vertex 210 0 50
    endloop
  endfacet
  facet normal 1 -0 0
    outer loop
      vertex 210 -12.941 48.2963
      vertex 210 -2.57778 24.8778
      vertex 210 -6.52631 49.5722
    endloop
  endfacet
  facet normal 1 -0 0
    outer loop
      vertex 210 -19.1342 46.194
      vertex 210 -2.57778 24.8778
      vertex 210 -12.941 48.2963
    endloop
  endfacet
  facet normal 1 -0 0
    outer loop
      vertex 210 -25 43.3013
      vertex 210 -2.57778 24.8778
      vertex 210 -19.1342 46.194
    endloop
  endfacet
  facet normal 1 -0 0
    outer loop
      vertex 210 -30.4381 39.6677
      vertex 210 -2.57778 24.8778
      vertex 210 -25 43.3013
    endloop
  endfacet
  facet normal 1 -0 0
    outer loop
      vertex 210 -35.3553 35.3553
      vertex 210 -2.57778 24.8778
      vertex 210 -30.4381 39.6677
    endloop
  endfacet
  facet normal 1 -0 0
    outer loop
      vertex 210 -39.6677 30.4381
      vertex 210 -2.57778 24.8778
      vertex 210 -35.3553 35.3553
    endloop
  endfacet
  facet normal 1 -0 0
    outer loop
      vertex 210 -43.3013 25
      vertex 210 -2.57778 24.8778
      vertex 210 -39.6677 30.4381
    endloop
  endfacet
  facet normal 1 0 0
    outer loop
      vertex 210 -2.57778 24.8778
      vertex 210 -43.3013 25
      vertex 210 -43.3615 24.8778
    endloop
  endfacet
  facet normal 1 0 0
    outer loop
      vertex 210 2.57778 -49.831
      vertex 210 -2.57778 -49.831
      vertex 210 0 -50
    endloop
  endfacet
  facet normal -7.24653e-07 0.442295 0.896869
    outer loop
      vertex 215 32.5 56.2916
      vertex 185 24.9802 60
      vertex 215 24.8744 60.0522
    endloop
  endfacet
  facet normal -0 0.442293 0.896871
    outer loop
      vertex 184.062 32.5 56.2916
      vertex 185 24.9802 60
      vertex 215 32.5 56.2916
    endloop
  endfacet
  facet normal 0 0.442293 0.896871
    outer loop
      vertex 185 24.9802 60
      vertex 184.062 32.5 56.2916
      vertex 181 24.9802 60
    endloop
  endfacet
  facet normal 0 0.442461 0.896788
    outer loop
      vertex 215 24.8744 60.0522
      vertex 185 24.9802 60
      vertex 185 24.8744 60.0522
    endloop
  endfacet
  facet normal -0 0.442293 0.896871
    outer loop
      vertex 55 32.5 56.2916
      vertex 179 24.9802 60
      vertex 179 32.5 56.2916
    endloop
  endfacet
  facet normal 0 0.442293 0.896871
    outer loop
      vertex 179 24.9802 60
      vertex 55 32.5 56.2916
      vertex 55 24.9802 60
    endloop
  endfacet
  facet normal 0 0.831474 0.555563
    outer loop
      vertex 179 56.2916 32.5
      vertex 55 51.568 39.5695
      vertex 179 51.568 39.5695
    endloop
  endfacet
  facet normal 0 0.831474 0.555563
    outer loop
      vertex 55 51.568 39.5695
      vertex 179 56.2916 32.5
      vertex 55 56.2916 32.5
    endloop
  endfacet
  facet normal -0 0.831474 0.555563
    outer loop
      vertex 203.706 56.2916 32.5
      vertex 215 51.568 39.5695
      vertex 215 56.2916 32.5
    endloop
  endfacet
  facet normal 0 0.831474 0.555563
    outer loop
      vertex 215 51.568 39.5695
      vertex 203.706 56.2916 32.5
      vertex 197.869 51.568 39.5695
    endloop
  endfacet
  facet normal 0 0.751833 0.659354
    outer loop
      vertex 179 51.568 39.5695
      vertex 55 45.9619 45.9619
      vertex 179 45.9619 45.9619
    endloop
  endfacet
  facet normal 0 0.751833 0.659354
    outer loop
      vertex 55 45.9619 45.9619
      vertex 179 51.568 39.5695
      vertex 55 51.568 39.5695
    endloop
  endfacet
  facet normal -0 0.751833 0.659354
    outer loop
      vertex 197.869 51.568 39.5695
      vertex 215 45.9619 45.9619
      vertex 215 51.568 39.5695
    endloop
  endfacet
  facet normal 0 0.751833 0.659354
    outer loop
      vertex 215 45.9619 45.9619
      vertex 197.869 51.568 39.5695
      vertex 192.591 45.9619 45.9619
    endloop
  endfacet
  facet normal -0 0.659354 0.751833
    outer loop
      vertex 192.591 45.9619 45.9619
      vertex 215 39.5695 51.568
      vertex 215 45.9619 45.9619
    endloop
  endfacet
  facet normal 0 0.659354 0.751833
    outer loop
      vertex 215 39.5695 51.568
      vertex 192.591 45.9619 45.9619
      vertex 187.962 39.5695 51.568
    endloop
  endfacet
  facet normal -0 0.659354 0.751833
    outer loop
      vertex 55 45.9619 45.9619
      vertex 179 39.5695 51.568
      vertex 179 45.9619 45.9619
    endloop
  endfacet
  facet normal 0 0.659354 0.751833
    outer loop
      vertex 179 39.5695 51.568
      vertex 55 45.9619 45.9619
      vertex 55 39.5695 51.568
    endloop
  endfacet
  facet normal -0 0.065405 0.997859
    outer loop
      vertex 185 8.4842 64.4439
      vertex 215 0 65
      vertex 215 8.4842 64.4439
    endloop
  endfacet
  facet normal 0 0.065405 0.997859
    outer loop
      vertex 215 0 65
      vertex 185 8.4842 64.4439
      vertex 185 0 65
    endloop
  endfacet
  facet normal 0 0.831474 -0.555563
    outer loop
      vertex 179 51.568 -39.5695
      vertex 55 56.2916 -32.5
      vertex 179 56.2916 -32.5
    endloop
  endfacet
  facet normal 0 0.831474 -0.555563
    outer loop
      vertex 55 56.2916 -32.5
      vertex 179 51.568 -39.5695
      vertex 55 51.568 -39.5695
    endloop
  endfacet
  facet normal 0 0.946932 0.321433
    outer loop
      vertex 215 62.1066 18.8222
      vertex 210.003 60.0522 24.8744
      vertex 215 60.0522 24.8744
    endloop
  endfacet
  facet normal 0 0.946931 0.321438
    outer loop
      vertex 179 62.7852 16.8232
      vertex 55 60.0522 24.8744
      vertex 179 60.0522 24.8744
    endloop
  endfacet
  facet normal 0 0.946931 0.321438
    outer loop
      vertex 55 60.0522 24.8744
      vertex 179 62.7852 16.8232
      vertex 55 62.7852 16.8232
    endloop
  endfacet
  facet normal 0 -0.555563 0.831474
    outer loop
      vertex 55 -32.5 56.2916
      vertex 179 -39.5695 51.568
      vertex 179 -32.5 56.2916
    endloop
  endfacet
  facet normal 0 -0.555563 0.831474
    outer loop
      vertex 179 -39.5695 51.568
      vertex 55 -32.5 56.2916
      vertex 55 -39.5695 51.568
    endloop
  endfacet
  facet normal 0 -0.555563 0.831474
    outer loop
      vertex 215 -32.5 56.2916
      vertex 187.962 -39.5695 51.568
      vertex 215 -39.5695 51.568
    endloop
  endfacet
  facet normal 0 -0.555563 0.831474
    outer loop
      vertex 187.962 -39.5695 51.568
      vertex 215 -32.5 56.2916
      vertex 184.062 -32.5 56.2916
    endloop
  endfacet
  facet normal -0 0.321438 0.946931
    outer loop
      vertex 185 24.8744 60.0522
      vertex 215 16.8232 62.7852
      vertex 215 24.8744 60.0522
    endloop
  endfacet
  facet normal 0 0.321438 0.946931
    outer loop
      vertex 215 16.8232 62.7852
      vertex 185 24.8744 60.0522
      vertex 185 16.8232 62.7852
    endloop
  endfacet
  facet normal 0 0.946931 -0.321438
    outer loop
      vertex 179 60.0522 -24.8744
      vertex 55 62.7852 -16.8232
      vertex 179 62.7852 -16.8232
    endloop
  endfacet
  facet normal 0 0.946931 -0.321438
    outer loop
      vertex 55 62.7852 -16.8232
      vertex 179 60.0522 -24.8744
      vertex 55 60.0522 -24.8744
    endloop
  endfacet
  facet normal 0 0.997859 -0.065405
    outer loop
      vertex 179 64.4439 -8.4842
      vertex 55 65 0
      vertex 179 65 0
    endloop
  endfacet
  facet normal 0 0.997859 -0.065405
    outer loop
      vertex 55 65 0
      vertex 179 64.4439 -8.4842
      vertex 55 64.4439 -8.4842
    endloop
  endfacet
  facet normal -0 0.896869 0.442295
    outer loop
      vertex 210.003 60.0522 24.8744
      vertex 215 56.2916 32.5
      vertex 215 60.0522 24.8744
    endloop
  endfacet
  facet normal 0 0.896869 0.442295
    outer loop
      vertex 215 56.2916 32.5
      vertex 210.003 60.0522 24.8744
      vertex 203.706 56.2916 32.5
    endloop
  endfacet
  facet normal 0 0.896869 0.442295
    outer loop
      vertex 179 60.0522 24.8744
      vertex 55 56.2916 32.5
      vertex 179 56.2916 32.5
    endloop
  endfacet
  facet normal 0 0.896869 0.442295
    outer loop
      vertex 55 56.2916 32.5
      vertex 179 60.0522 24.8744
      vertex 55 60.0522 24.8744
    endloop
  endfacet
  facet normal 0 -0.065405 0.997859
    outer loop
      vertex 185 0 65
      vertex 215 -8.4842 64.4439
      vertex 215 0 65
    endloop
  endfacet
  facet normal 0 -0.065405 0.997859
    outer loop
      vertex 215 -8.4842 64.4439
      vertex 185 0 65
      vertex 185 -8.4842 64.4439
    endloop
  endfacet
  facet normal 0 -0.321438 0.946931
    outer loop
      vertex 185 -16.8232 62.7852
      vertex 215 -24.8744 60.0522
      vertex 215 -16.8232 62.7852
    endloop
  endfacet
  facet normal 0 -0.321438 0.946931
    outer loop
      vertex 215 -24.8744 60.0522
      vertex 185 -16.8232 62.7852
      vertex 185 -24.8744 60.0522
    endloop
  endfacet
  facet normal 0 0.896869 -0.442295
    outer loop
      vertex 179 56.2916 -32.5
      vertex 55 60.0522 -24.8744
      vertex 179 60.0522 -24.8744
    endloop
  endfacet
  facet normal 0 0.896869 -0.442295
    outer loop
      vertex 55 60.0522 -24.8744
      vertex 179 56.2916 -32.5
      vertex 55 56.2916 -32.5
    endloop
  endfacet
  facet normal 0 0.980786 0.195087
    outer loop
      vertex 179 64.4439 8.4842
      vertex 55 62.7852 16.8232
      vertex 179 62.7852 16.8232
    endloop
  endfacet
  facet normal 0 0.980786 0.195087
    outer loop
      vertex 55 62.7852 16.8232
      vertex 179 64.4439 8.4842
      vertex 55 64.4439 8.4842
    endloop
  endfacet
  facet normal 0 0.659356 -0.751831
    outer loop
      vertex 55 41.7017 -49.6981
      vertex 179 45.9619 -45.9619
      vertex 179 41.7017 -49.6981
    endloop
  endfacet
  facet normal 0 0.659356 -0.751831
    outer loop
      vertex 179 45.9619 -45.9619
      vertex 55 41.7017 -49.6981
      vertex 55 45.9619 -45.9619
    endloop
  endfacet
  facet normal 0 0.980786 -0.195087
    outer loop
      vertex 179 62.7852 -16.8232
      vertex 55 64.4439 -8.4842
      vertex 179 64.4439 -8.4842
    endloop
  endfacet
  facet normal 0 0.980786 -0.195087
    outer loop
      vertex 55 64.4439 -8.4842
      vertex 179 62.7852 -16.8232
      vertex 55 62.7852 -16.8232
    endloop
  endfacet
  facet normal 0 0.997859 0.065405
    outer loop
      vertex 179 65 0
      vertex 55 64.4439 8.4842
      vertex 179 64.4439 8.4842
    endloop
  endfacet
  facet normal 0 0.997859 0.065405
    outer loop
      vertex 55 64.4439 8.4842
      vertex 179 65 0
      vertex 55 65 0
    endloop
  endfacet
  facet normal -0 0.195087 0.980786
    outer loop
      vertex 185 16.8232 62.7852
      vertex 215 8.4842 64.4439
      vertex 215 16.8232 62.7852
    endloop
  endfacet
  facet normal 0 0.195087 0.980786
    outer loop
      vertex 215 8.4842 64.4439
      vertex 185 16.8232 62.7852
      vertex 185 8.4842 64.4439
    endloop
  endfacet
  facet normal 0 -0.442461 0.896788
    outer loop
      vertex 185 -24.9802 60
      vertex 215 -24.8744 60.0522
      vertex 185 -24.8744 60.0522
    endloop
  endfacet
  facet normal -7.24653e-07 -0.442295 0.896869
    outer loop
      vertex 215 -24.8744 60.0522
      vertex 185 -24.9802 60
      vertex 215 -32.5 56.2916
    endloop
  endfacet
  facet normal 0 -0.442293 0.896871
    outer loop
      vertex 185 -24.9802 60
      vertex 184.062 -32.5 56.2916
      vertex 215 -32.5 56.2916
    endloop
  endfacet
  facet normal 0 -0.442293 0.896871
    outer loop
      vertex 184.062 -32.5 56.2916
      vertex 185 -24.9802 60
      vertex 181 -24.9802 60
    endloop
  endfacet
  facet normal 0 -0.442293 0.896871
    outer loop
      vertex 55 -24.9802 60
      vertex 179 -32.5 56.2916
      vertex 179 -24.9802 60
    endloop
  endfacet
  facet normal 0 -0.442293 0.896871
    outer loop
      vertex 179 -32.5 56.2916
      vertex 55 -24.9802 60
      vertex 55 -32.5 56.2916
    endloop
  endfacet
  facet normal 0 0.751833 -0.659354
    outer loop
      vertex 179 45.9619 -45.9619
      vertex 55 51.568 -39.5695
      vertex 179 51.568 -39.5695
    endloop
  endfacet
  facet normal 0 0.751833 -0.659354
    outer loop
      vertex 55 51.568 -39.5695
      vertex 179 45.9619 -45.9619
      vertex 55 45.9619 -45.9619
    endloop
  endfacet
  facet normal -1 0 0
    outer loop
      vertex 55 52 0
      vertex 55 65 0
      vertex 55 64.4439 -8.4842
    endloop
  endfacet
  facet normal -1 0 0
    outer loop
      vertex 55 51.5551 -6.78736
      vertex 55 64.4439 -8.4842
      vertex 55 62.7852 -16.8232
    endloop
  endfacet
  facet normal -1 0 0
    outer loop
      vertex 55 65 0
      vertex 55 52 0
      vertex 55 64.4439 8.4842
    endloop
  endfacet
  facet normal -1 0 0
    outer loop
      vertex 55 50.2281 -13.4586
      vertex 55 62.7852 -16.8232
      vertex 55 60.0522 -24.8744
    endloop
  endfacet
  facet normal -1 0 0
    outer loop
      vertex 55 51.5551 6.78736
      vertex 55 64.4439 8.4842
      vertex 55 52 0
    endloop
  endfacet
  facet normal -1 0 0
    outer loop
      vertex 55 48.0417 -19.8995
      vertex 55 60.0522 -24.8744
      vertex 55 56.2916 -32.5
    endloop
  endfacet
  facet normal -1 -0 0
    outer loop
      vertex 55 64.4439 8.4842
      vertex 55 51.5551 6.78736
      vertex 55 62.7852 16.8232
    endloop
  endfacet
  facet normal -1 0 0
    outer loop
      vertex 55 50.2281 13.4586
      vertex 55 62.7852 16.8232
      vertex 55 51.5551 6.78736
    endloop
  endfacet
  facet normal -1 0 0
    outer loop
      vertex 55 45.0333 -26
      vertex 55 56.2916 -32.5
      vertex 55 51.568 -39.5695
    endloop
  endfacet
  facet normal -1 0 0
    outer loop
      vertex 55 64.4439 -8.4842
      vertex 55 51.5551 -6.78736
      vertex 55 52 0
    endloop
  endfacet
  facet normal -1 0 0
    outer loop
      vertex 55 62.7852 -16.8232
      vertex 55 50.2281 -13.4586
      vertex 55 51.5551 -6.78736
    endloop
  endfacet
  facet normal -1 0 0
    outer loop
      vertex 55 60.0522 -24.8744
      vertex 55 48.0417 -19.8995
      vertex 55 50.2281 -13.4586
    endloop
  endfacet
  facet normal -1 0 0
    outer loop
      vertex 55 41.2544 -31.6556
      vertex 55 51.568 -39.5695
      vertex 55 45.9619 -45.9619
    endloop
  endfacet
  facet normal -1 0 0
    outer loop
      vertex 55 56.2916 -32.5
      vertex 55 45.0333 -26
      vertex 55 48.0417 -19.8995
    endloop
  endfacet
  facet normal -1 0 0
    outer loop
      vertex 55 36.7696 -36.7696
      vertex 55 45.9619 -45.9619
      vertex 55 41.7017 -49.6981
    endloop
  endfacet
  facet normal -1 0 0
    outer loop
      vertex 55 51.568 -39.5695
      vertex 55 41.2544 -31.6556
      vertex 55 45.0333 -26
    endloop
  endfacet
  facet normal -1 0 0
    outer loop
      vertex 55 45.9619 -45.9619
      vertex 55 36.7696 -36.7696
      vertex 55 41.2544 -31.6556
    endloop
  endfacet
  facet normal -1 0 -0
    outer loop
      vertex 55 36.7696 -36.7696
      vertex 55 41.7017 -49.6981
      vertex 55 33.3613 -39.7585
    endloop
  endfacet
  facet normal -1 -0 0
    outer loop
      vertex 55 62.7852 16.8232
      vertex 55 50.2281 13.4586
      vertex 55 60.0522 24.8744
    endloop
  endfacet
  facet normal -1 0 0
    outer loop
      vertex 55 48.0417 19.8995
      vertex 55 60.0522 24.8744
      vertex 55 50.2281 13.4586
    endloop
  endfacet
  facet normal -1 -0 0
    outer loop
      vertex 55 60.0522 24.8744
      vertex 55 48.0417 19.8995
      vertex 55 56.2916 32.5
    endloop
  endfacet
  facet normal -1 0 0
    outer loop
      vertex 55 45.0333 26
      vertex 55 56.2916 32.5
      vertex 55 48.0417 19.8995
    endloop
  endfacet
  facet normal -1 -0 0
    outer loop
      vertex 55 56.2916 32.5
      vertex 55 45.0333 26
      vertex 55 51.568 39.5695
    endloop
  endfacet
  facet normal -1 0 0
    outer loop
      vertex 55 41.2544 31.6556
      vertex 55 51.568 39.5695
      vertex 55 45.0333 26
    endloop
  endfacet
  facet normal -1 -0 0
    outer loop
      vertex 55 51.568 39.5695
      vertex 55 41.2544 31.6556
      vertex 55 45.9619 45.9619
    endloop
  endfacet
  facet normal -1 0 0
    outer loop
      vertex 55 36.7696 36.7696
      vertex 55 45.9619 45.9619
      vertex 55 41.2544 31.6556
    endloop
  endfacet
  facet normal -1 -0 0
    outer loop
      vertex 55 45.9619 45.9619
      vertex 55 36.7696 36.7696
      vertex 55 39.5695 51.568
    endloop
  endfacet
  facet normal -1 0 0
    outer loop
      vertex 55 31.6556 41.2544
      vertex 55 39.5695 51.568
      vertex 55 36.7696 36.7696
    endloop
  endfacet
  facet normal -1 -0 0
    outer loop
      vertex 55 39.5695 51.568
      vertex 55 31.6556 41.2544
      vertex 55 32.5 56.2916
    endloop
  endfacet
  facet normal -1 0 0
    outer loop
      vertex 55 26 45.0333
      vertex 55 32.5 56.2916
      vertex 55 31.6556 41.2544
    endloop
  endfacet
  facet normal -1 0 0
    outer loop
      vertex 55 26 45.0333
      vertex 55 24.9802 60
      vertex 55 32.5 56.2916
    endloop
  endfacet
  facet normal -1 0 0
    outer loop
      vertex 55 19.8995 48.0417
      vertex 55 24.9802 60
      vertex 55 26 45.0333
    endloop
  endfacet
  facet normal -1 0 0
    outer loop
      vertex 55 13.4586 50.2281
      vertex 55 24.9802 60
      vertex 55 19.8995 48.0417
    endloop
  endfacet
  facet normal -1 0 0
    outer loop
      vertex 55 6.78736 51.5551
      vertex 55 24.9802 60
      vertex 55 13.4586 50.2281
    endloop
  endfacet
  facet normal -1 0 0
    outer loop
      vertex 55 0 52
      vertex 55 24.9802 60
      vertex 55 6.78736 51.5551
    endloop
  endfacet
  facet normal -1 0 0
    outer loop
      vertex 55 -24.9802 60
      vertex 55 0 52
      vertex 55 -6.78736 51.5551
    endloop
  endfacet
  facet normal -1 0 0
    outer loop
      vertex 55 -24.9802 60
      vertex 55 -6.78736 51.5551
      vertex 55 -13.4586 50.2281
    endloop
  endfacet
  facet normal -1 0 0
    outer loop
      vertex 55 0 52
      vertex 55 -24.9802 60
      vertex 55 24.9802 60
    endloop
  endfacet
  facet normal -1 0 0
    outer loop
      vertex 55 -19.8995 48.0417
      vertex 55 -24.9802 60
      vertex 55 -13.4586 50.2281
    endloop
  endfacet
  facet normal -1 0 0
    outer loop
      vertex 55 -26 45.0333
      vertex 55 -24.9802 60
      vertex 55 -19.8995 48.0417
    endloop
  endfacet
  facet normal -1 0 0
    outer loop
      vertex 55 -32.5 56.2916
      vertex 55 -26 45.0333
      vertex 55 -31.6556 41.2544
    endloop
  endfacet
  facet normal -1 0 0
    outer loop
      vertex 55 -26 45.0333
      vertex 55 -32.5 56.2916
      vertex 55 -24.9802 60
    endloop
  endfacet
  facet normal -1 0 0
    outer loop
      vertex 55 -41.7017 49.6981
      vertex 55 -31.6556 41.2544
      vertex 55 -33.3613 39.7585
    endloop
  endfacet
  facet normal -1 0 0
    outer loop
      vertex 55 -31.6556 41.2544
      vertex 55 -39.5695 51.568
      vertex 55 -32.5 56.2916
    endloop
  endfacet
  facet normal -1 0 0
    outer loop
      vertex 55 -31.6556 41.2544
      vertex 55 -41.7017 49.6981
      vertex 55 -39.5695 51.568
    endloop
  endfacet
  facet normal 0 -0.195087 0.980786
    outer loop
      vertex 185 -8.4842 64.4439
      vertex 215 -16.8232 62.7852
      vertex 215 -8.4842 64.4439
    endloop
  endfacet
  facet normal 0 -0.195087 0.980786
    outer loop
      vertex 215 -16.8232 62.7852
      vertex 185 -8.4842 64.4439
      vertex 185 -16.8232 62.7852
    endloop
  endfacet
  facet normal 0 -0.659348 0.751838
    outer loop
      vertex 55 -39.5695 51.568
      vertex 179 -41.7017 49.6981
      vertex 179 -39.5695 51.568
    endloop
  endfacet
  facet normal 0 -0.659348 0.751838
    outer loop
      vertex 179 -41.7017 49.6981
      vertex 55 -39.5695 51.568
      vertex 55 -41.7017 49.6981
    endloop
  endfacet
  facet normal 0 -0.659348 0.751838
    outer loop
      vertex 215 -39.5695 51.568
      vertex 189.506 -41.7017 49.6981
      vertex 215 -41.7017 49.6981
    endloop
  endfacet
  facet normal 0 -0.659348 0.751838
    outer loop
      vertex 189.506 -41.7017 49.6981
      vertex 215 -39.5695 51.568
      vertex 187.962 -39.5695 51.568
    endloop
  endfacet
  facet normal 1 0 0
    outer loop
      vertex 215 48.0417 19.8995
      vertex 215 60.0522 24.8744
      vertex 215 56.2916 32.5
    endloop
  endfacet
  facet normal 1 0 0
    outer loop
      vertex 215 45.0333 26
      vertex 215 56.2916 32.5
      vertex 215 51.568 39.5695
    endloop
  endfacet
  facet normal 1 0 -0
    outer loop
      vertex 215 48.0417 19.8995
      vertex 215 56.2916 32.5
      vertex 215 45.0333 26
    endloop
  endfacet
  facet normal 1 0 0
    outer loop
      vertex 215 60.0522 24.8744
      vertex 215 48.4074 18.8222
      vertex 215 62.1066 18.8222
    endloop
  endfacet
  facet normal 1 0 0
    outer loop
      vertex 215 41.2544 31.6556
      vertex 215 51.568 39.5695
      vertex 215 45.9619 45.9619
    endloop
  endfacet
  facet normal 1 0 -0
    outer loop
      vertex 215 48.4074 18.8222
      vertex 215 60.0522 24.8744
      vertex 215 48.0417 19.8995
    endloop
  endfacet
  facet normal 1 0 0
    outer loop
      vertex 215 51.568 39.5695
      vertex 215 41.2544 31.6556
      vertex 215 45.0333 26
    endloop
  endfacet
  facet normal 1 0 0
    outer loop
      vertex 215 36.7696 36.7696
      vertex 215 45.9619 45.9619
      vertex 215 39.5695 51.568
    endloop
  endfacet
  facet normal 1 0 0
    outer loop
      vertex 215 45.9619 45.9619
      vertex 215 36.7696 36.7696
      vertex 215 41.2544 31.6556
    endloop
  endfacet
  facet normal 1 0 0
    outer loop
      vertex 215 31.6556 41.2544
      vertex 215 39.5695 51.568
      vertex 215 32.5 56.2916
    endloop
  endfacet
  facet normal 1 0 0
    outer loop
      vertex 215 39.5695 51.568
      vertex 215 31.6556 41.2544
      vertex 215 36.7696 36.7696
    endloop
  endfacet
  facet normal 1 0 0
    outer loop
      vertex 215 32.5 56.2916
      vertex 215 26 45.0333
      vertex 215 31.6556 41.2544
    endloop
  endfacet
  facet normal 1 0 0
    outer loop
      vertex 215 24.8744 60.0522
      vertex 215 26 45.0333
      vertex 215 32.5 56.2916
    endloop
  endfacet
  facet normal 1 0 0
    outer loop
      vertex 215 24.8744 60.0522
      vertex 215 19.8995 48.0417
      vertex 215 26 45.0333
    endloop
  endfacet
  facet normal 1 0 0
    outer loop
      vertex 215 16.8232 62.7852
      vertex 215 19.8995 48.0417
      vertex 215 24.8744 60.0522
    endloop
  endfacet
  facet normal 1 0 0
    outer loop
      vertex 215 16.8232 62.7852
      vertex 215 13.4586 50.2281
      vertex 215 19.8995 48.0417
    endloop
  endfacet
  facet normal 1 0 0
    outer loop
      vertex 215 8.4842 64.4439
      vertex 215 13.4586 50.2281
      vertex 215 16.8232 62.7852
    endloop
  endfacet
  facet normal 1 0 0
    outer loop
      vertex 215 8.4842 64.4439
      vertex 215 6.78736 51.5551
      vertex 215 13.4586 50.2281
    endloop
  endfacet
  facet normal 1 0 0
    outer loop
      vertex 215 0 65
      vertex 215 6.78736 51.5551
      vertex 215 8.4842 64.4439
    endloop
  endfacet
  facet normal 1 0 0
    outer loop
      vertex 215 0 65
      vertex 215 0 52
      vertex 215 6.78736 51.5551
    endloop
  endfacet
  facet normal 1 0 0
    outer loop
      vertex 215 0 65
      vertex 215 -6.78736 51.5551
      vertex 215 0 52
    endloop
  endfacet
  facet normal 1 -0 0
    outer loop
      vertex 215 -8.4842 64.4439
      vertex 215 -6.78736 51.5551
      vertex 215 0 65
    endloop
  endfacet
  facet normal 1 0 0
    outer loop
      vertex 215 -8.4842 64.4439
      vertex 215 -13.4586 50.2281
      vertex 215 -6.78736 51.5551
    endloop
  endfacet
  facet normal 1 -0 0
    outer loop
      vertex 215 -16.8232 62.7852
      vertex 215 -13.4586 50.2281
      vertex 215 -8.4842 64.4439
    endloop
  endfacet
  facet normal 1 0 0
    outer loop
      vertex 215 -16.8232 62.7852
      vertex 215 -19.8995 48.0417
      vertex 215 -13.4586 50.2281
    endloop
  endfacet
  facet normal 1 -0 0
    outer loop
      vertex 215 -24.8744 60.0522
      vertex 215 -19.8995 48.0417
      vertex 215 -16.8232 62.7852
    endloop
  endfacet
  facet normal 1 0 0
    outer loop
      vertex 215 -24.8744 60.0522
      vertex 215 -26 45.0333
      vertex 215 -19.8995 48.0417
    endloop
  endfacet
  facet normal 1 -0 0
    outer loop
      vertex 215 -32.5 56.2916
      vertex 215 -26 45.0333
      vertex 215 -24.8744 60.0522
    endloop
  endfacet
  facet normal 1 0 0
    outer loop
      vertex 215 -26 45.0333
      vertex 215 -32.5 56.2916
      vertex 215 -31.6556 41.2544
    endloop
  endfacet
  facet normal 1 -0 0
    outer loop
      vertex 215 -39.5695 51.568
      vertex 215 -31.6556 41.2544
      vertex 215 -32.5 56.2916
    endloop
  endfacet
  facet normal 1 -0 0
    outer loop
      vertex 215 -41.7017 49.6981
      vertex 215 -31.6556 41.2544
      vertex 215 -39.5695 51.568
    endloop
  endfacet
  facet normal 1 0 0
    outer loop
      vertex 215 -31.6556 41.2544
      vertex 215 -41.7017 49.6981
      vertex 215 -33.3613 39.7585
    endloop
  endfacet
  facet normal -0 0.555563 0.831474
    outer loop
      vertex 187.962 39.5695 51.568
      vertex 215 32.5 56.2916
      vertex 215 39.5695 51.568
    endloop
  endfacet
  facet normal 0 0.555563 0.831474
    outer loop
      vertex 215 32.5 56.2916
      vertex 187.962 39.5695 51.568
      vertex 184.062 32.5 56.2916
    endloop
  endfacet
  facet normal -0 0.555563 0.831474
    outer loop
      vertex 55 39.5695 51.568
      vertex 179 32.5 56.2916
      vertex 179 39.5695 51.568
    endloop
  endfacet
  facet normal 0 0.555563 0.831474
    outer loop
      vertex 179 32.5 56.2916
      vertex 55 39.5695 51.568
      vertex 55 32.5 56.2916
    endloop
  endfacet
  facet normal 0 -0.896875 0.442285
    outer loop
      vertex 55 45.0333 -26
      vertex 179 48.0417 -19.8995
      vertex 55 48.0417 -19.8995
    endloop
  endfacet
  facet normal 0 -0.896875 0.442285
    outer loop
      vertex 179 48.0417 -19.8995
      vertex 55 45.0333 -26
      vertex 179 45.0333 -26
    endloop
  endfacet
  facet normal 0 -0.896875 -0.442285
    outer loop
      vertex 55 48.0417 19.8995
      vertex 179 45.0333 26
      vertex 55 45.0333 26
    endloop
  endfacet
  facet normal 0 -0.896875 -0.442285
    outer loop
      vertex 179 45.0333 26
      vertex 55 48.0417 19.8995
      vertex 179 48.0417 19.8995
    endloop
  endfacet
  facet normal 0 -0.896875 -0.442285
    outer loop
      vertex 214.11 48.0417 19.8995
      vertex 215 45.0333 26
      vertex 209.073 45.0333 26
    endloop
  endfacet
  facet normal 0 -0.896875 -0.442285
    outer loop
      vertex 215 45.0333 26
      vertex 214.11 48.0417 19.8995
      vertex 215 48.0417 19.8995
    endloop
  endfacet
  facet normal 0 0.0654197 -0.997858
    outer loop
      vertex 179 -6.78736 51.5551
      vertex 62 -3 51.8034
      vertex 179 -3 51.8034
    endloop
  endfacet
  facet normal 0 0.0654197 -0.997858
    outer loop
      vertex 55 -6.78736 51.5551
      vertex 62 -3 51.8034
      vertex 179 -6.78736 51.5551
    endloop
  endfacet
  facet normal 6.40625e-06 0.0654079 -0.997859
    outer loop
      vertex 55 0 52
      vertex 62 -3 51.8034
      vertex 55 -6.78736 51.5551
    endloop
  endfacet
  facet normal 0 0.0653931 -0.99786
    outer loop
      vertex 62 -3 51.8034
      vertex 55 0 52
      vertex 62 0 52
    endloop
  endfacet
  facet normal -6.40625e-06 0.0654079 -0.997859
    outer loop
      vertex 215 -6.78736 51.5551
      vertex 208 -3 51.8034
      vertex 215 0 52
    endloop
  endfacet
  facet normal 0 0.0654197 -0.997858
    outer loop
      vertex 187.973 -6.78736 51.5551
      vertex 208 -3 51.8034
      vertex 215 -6.78736 51.5551
    endloop
  endfacet
  facet normal 0 0.0654197 -0.997858
    outer loop
      vertex 208 -3 51.8034
      vertex 187.973 -6.78736 51.5551
      vertex 187.768 -3 51.8034
    endloop
  endfacet
  facet normal 0 0.0653931 -0.99786
    outer loop
      vertex 215 0 52
      vertex 208 -3 51.8034
      vertex 208 0 52
    endloop
  endfacet
  facet normal 0 -0.751859 -0.659324
    outer loop
      vertex 55 36.7696 36.7696
      vertex 62 38.7518 34.5092
      vertex 62 36.7696 36.7696
    endloop
  endfacet
  facet normal -9.89465e-06 -0.751844 -0.659341
    outer loop
      vertex 55 41.2544 31.6556
      vertex 62 38.7518 34.5092
      vertex 55 36.7696 36.7696
    endloop
  endfacet
  facet normal -0 -0.751832 -0.659355
    outer loop
      vertex 179 41.2544 31.6556
      vertex 62 38.7518 34.5092
      vertex 55 41.2544 31.6556
    endloop
  endfacet
  facet normal 0 -0.751832 -0.659355
    outer loop
      vertex 62 38.7518 34.5092
      vertex 179 41.2544 31.6556
      vertex 179 38.7518 34.5092
    endloop
  endfacet
  facet normal 0 -0.751832 -0.659355
    outer loop
      vertex 202.047 38.7518 34.5092
      vertex 204.404 41.2544 31.6556
      vertex 208 38.7518 34.5092
    endloop
  endfacet
  facet normal 0 -0.751859 -0.659324
    outer loop
      vertex 208 38.7518 34.5092
      vertex 215 36.7696 36.7696
      vertex 208 36.7696 36.7696
    endloop
  endfacet
  facet normal -0 -0.751832 -0.659355
    outer loop
      vertex 215 41.2544 31.6556
      vertex 208 38.7518 34.5092
      vertex 204.404 41.2544 31.6556
    endloop
  endfacet
  facet normal 9.89465e-06 -0.751844 -0.659341
    outer loop
      vertex 208 38.7518 34.5092
      vertex 215 41.2544 31.6556
      vertex 215 36.7696 36.7696
    endloop
  endfacet
  facet normal 0 -0.659324 0.751859
    outer loop
      vertex 62 36.7696 -36.7696
      vertex 55 36.7696 -36.7696
      vertex 62 34.5092 -38.7518
    endloop
  endfacet
  facet normal 0 -0.659353 0.751834
    outer loop
      vertex 62 34.5092 -38.7518
      vertex 179 33.3613 -39.7585
      vertex 179 34.5092 -38.7518
    endloop
  endfacet
  facet normal 0 -0.659353 0.751834
    outer loop
      vertex 62 34.5092 -38.7518
      vertex 55 33.3613 -39.7585
      vertex 179 33.3613 -39.7585
    endloop
  endfacet
  facet normal -5.58733e-06 -0.659333 0.751851
    outer loop
      vertex 55 33.3613 -39.7585
      vertex 62 34.5092 -38.7518
      vertex 55 36.7696 -36.7696
    endloop
  endfacet
  facet normal 0 0.195091 -0.980785
    outer loop
      vertex 55 -13.4586 50.2281
      vertex 179 -6.78736 51.5551
      vertex 179 -13.4586 50.2281
    endloop
  endfacet
  facet normal 0 0.195091 -0.980785
    outer loop
      vertex 179 -6.78736 51.5551
      vertex 55 -13.4586 50.2281
      vertex 55 -6.78736 51.5551
    endloop
  endfacet
  facet normal 0 0.195091 -0.980785
    outer loop
      vertex 189.069 -13.4586 50.2281
      vertex 215 -6.78736 51.5551
      vertex 215 -13.4586 50.2281
    endloop
  endfacet
  facet normal 0 0.195091 -0.980785
    outer loop
      vertex 215 -6.78736 51.5551
      vertex 189.069 -13.4586 50.2281
      vertex 187.973 -6.78736 51.5551
    endloop
  endfacet
  facet normal 0 0.659356 -0.751831
    outer loop
      vertex 55 -33.3613 39.7585
      vertex 179 -31.6556 41.2544
      vertex 179 -33.3613 39.7585
    endloop
  endfacet
  facet normal 0 0.659356 -0.751831
    outer loop
      vertex 179 -31.6556 41.2544
      vertex 55 -33.3613 39.7585
      vertex 55 -31.6556 41.2544
    endloop
  endfacet
  facet normal 0 0.659356 -0.751831
    outer loop
      vertex 197.713 -33.3613 39.7585
      vertex 215 -31.6556 41.2544
      vertex 215 -33.3613 39.7585
    endloop
  endfacet
  facet normal 0 0.659356 -0.751831
    outer loop
      vertex 215 -31.6556 41.2544
      vertex 197.713 -33.3613 39.7585
      vertex 196.478 -31.6556 41.2544
    endloop
  endfacet
  facet normal 0 -0.831473 0.555565
    outer loop
      vertex 55 41.2544 -31.6556
      vertex 179 45.0333 -26
      vertex 55 45.0333 -26
    endloop
  endfacet
  facet normal 0 -0.831473 0.555565
    outer loop
      vertex 179 45.0333 -26
      vertex 55 41.2544 -31.6556
      vertex 179 41.2544 -31.6556
    endloop
  endfacet
  facet normal 0 -0.831473 -0.555565
    outer loop
      vertex 55 45.0333 26
      vertex 179 41.2544 31.6556
      vertex 55 41.2544 31.6556
    endloop
  endfacet
  facet normal 0 -0.831473 -0.555565
    outer loop
      vertex 179 41.2544 31.6556
      vertex 55 45.0333 26
      vertex 179 45.0333 26
    endloop
  endfacet
  facet normal 0 -0.831473 -0.555565
    outer loop
      vertex 209.073 45.0333 26
      vertex 215 41.2544 31.6556
      vertex 204.404 41.2544 31.6556
    endloop
  endfacet
  facet normal 0 -0.831473 -0.555565
    outer loop
      vertex 215 41.2544 31.6556
      vertex 209.073 45.0333 26
      vertex 215 45.0333 26
    endloop
  endfacet
  facet normal 0 -0.751832 0.659355
    outer loop
      vertex 55 41.2544 -31.6556
      vertex 62 38.7518 -34.5092
      vertex 179 41.2544 -31.6556
    endloop
  endfacet
  facet normal -9.89465e-06 -0.751844 0.659341
    outer loop
      vertex 55 36.7696 -36.7696
      vertex 62 38.7518 -34.5092
      vertex 55 41.2544 -31.6556
    endloop
  endfacet
  facet normal 0 -0.751859 0.659324
    outer loop
      vertex 62 38.7518 -34.5092
      vertex 55 36.7696 -36.7696
      vertex 62 36.7696 -36.7696
    endloop
  endfacet
  facet normal 0 -0.751832 0.659355
    outer loop
      vertex 179 41.2544 -31.6556
      vertex 62 38.7518 -34.5092
      vertex 179 38.7518 -34.5092
    endloop
  endfacet
  facet normal 0 -0.195091 -0.980785
    outer loop
      vertex 55 6.78736 51.5551
      vertex 179 13.4586 50.2281
      vertex 179 6.78736 51.5551
    endloop
  endfacet
  facet normal -0 -0.195091 -0.980785
    outer loop
      vertex 179 13.4586 50.2281
      vertex 55 6.78736 51.5551
      vertex 55 13.4586 50.2281
    endloop
  endfacet
  facet normal 0 -0.195091 -0.980785
    outer loop
      vertex 215 6.78736 51.5551
      vertex 189.069 13.4586 50.2281
      vertex 215 13.4586 50.2281
    endloop
  endfacet
  facet normal 0 -0.195091 -0.980785
    outer loop
      vertex 189.069 13.4586 50.2281
      vertex 215 6.78736 51.5551
      vertex 187.973 6.78736 51.5551
    endloop
  endfacet
  facet normal 0 -0.94693 -0.321441
    outer loop
      vertex 55 50.2281 13.4586
      vertex 179 48.0417 19.8995
      vertex 55 48.0417 19.8995
    endloop
  endfacet
  facet normal 0 -0.94693 -0.321441
    outer loop
      vertex 179 48.0417 19.8995
      vertex 55 50.2281 13.4586
      vertex 179 50.2281 13.4586
    endloop
  endfacet
  facet normal 0 -0.946929 -0.321444
    outer loop
      vertex 215 48.4074 18.8222
      vertex 215 48.0417 19.8995
      vertex 214.11 48.0417 19.8995
    endloop
  endfacet
  facet normal 0 0.321441 -0.94693
    outer loop
      vertex 55 -19.8995 48.0417
      vertex 179 -13.4586 50.2281
      vertex 179 -19.8995 48.0417
    endloop
  endfacet
  facet normal 0 0.321441 -0.94693
    outer loop
      vertex 179 -13.4586 50.2281
      vertex 55 -19.8995 48.0417
      vertex 55 -13.4586 50.2281
    endloop
  endfacet
  facet normal 0 0.321441 -0.94693
    outer loop
      vertex 190.874 -19.8995 48.0417
      vertex 215 -13.4586 50.2281
      vertex 215 -19.8995 48.0417
    endloop
  endfacet
  facet normal 0 0.321441 -0.94693
    outer loop
      vertex 215 -13.4586 50.2281
      vertex 190.874 -19.8995 48.0417
      vertex 189.069 -13.4586 50.2281
    endloop
  endfacet
  facet normal 0 -0.659355 -0.751832
    outer loop
      vertex 179 31.6556 41.2544
      vertex 62 34.5092 38.7518
      vertex 179 34.5092 38.7518
    endloop
  endfacet
  facet normal 0 -0.659355 -0.751832
    outer loop
      vertex 55 31.6556 41.2544
      vertex 62 34.5092 38.7518
      vertex 179 31.6556 41.2544
    endloop
  endfacet
  facet normal -9.89465e-06 -0.659341 -0.751844
    outer loop
      vertex 55 36.7696 36.7696
      vertex 62 34.5092 38.7518
      vertex 55 31.6556 41.2544
    endloop
  endfacet
  facet normal 0 -0.659324 -0.751859
    outer loop
      vertex 62 34.5092 38.7518
      vertex 55 36.7696 36.7696
      vertex 62 36.7696 36.7696
    endloop
  endfacet
  facet normal 9.89465e-06 -0.659341 -0.751844
    outer loop
      vertex 215 31.6556 41.2544
      vertex 208 34.5092 38.7518
      vertex 215 36.7696 36.7696
    endloop
  endfacet
  facet normal 0 -0.659355 -0.751832
    outer loop
      vertex 196.478 31.6556 41.2544
      vertex 208 34.5092 38.7518
      vertex 215 31.6556 41.2544
    endloop
  endfacet
  facet normal -0 -0.659355 -0.751832
    outer loop
      vertex 208 34.5092 38.7518
      vertex 196.478 31.6556 41.2544
      vertex 198.544 34.5092 38.7518
    endloop
  endfacet
  facet normal -0 -0.659324 -0.751859
    outer loop
      vertex 215 36.7696 36.7696
      vertex 208 34.5092 38.7518
      vertex 208 36.7696 36.7696
    endloop
  endfacet
  facet normal 0 -0.555565 -0.831473
    outer loop
      vertex 55 26 45.0333
      vertex 179 31.6556 41.2544
      vertex 179 26 45.0333
    endloop
  endfacet
  facet normal -0 -0.555565 -0.831473
    outer loop
      vertex 179 31.6556 41.2544
      vertex 55 26 45.0333
      vertex 55 31.6556 41.2544
    endloop
  endfacet
  facet normal 0 -0.555565 -0.831473
    outer loop
      vertex 215 26 45.0333
      vertex 196.478 31.6556 41.2544
      vertex 215 31.6556 41.2544
    endloop
  endfacet
  facet normal 0 -0.555565 -0.831473
    outer loop
      vertex 196.478 31.6556 41.2544
      vertex 215 26 45.0333
      vertex 193.358 26 45.0333
    endloop
  endfacet
  facet normal 0 -0.321441 -0.94693
    outer loop
      vertex 55 13.4586 50.2281
      vertex 179 19.8995 48.0417
      vertex 179 13.4586 50.2281
    endloop
  endfacet
  facet normal -0 -0.321441 -0.94693
    outer loop
      vertex 179 19.8995 48.0417
      vertex 55 13.4586 50.2281
      vertex 55 19.8995 48.0417
    endloop
  endfacet
  facet normal 0 -0.321441 -0.94693
    outer loop
      vertex 215 13.4586 50.2281
      vertex 190.874 19.8995 48.0417
      vertex 215 19.8995 48.0417
    endloop
  endfacet
  facet normal 0 -0.321441 -0.94693
    outer loop
      vertex 190.874 19.8995 48.0417
      vertex 215 13.4586 50.2281
      vertex 189.069 13.4586 50.2281
    endloop
  endfacet
  facet normal 0 -0.94693 0.321441
    outer loop
      vertex 55 48.0417 -19.8995
      vertex 179 50.2281 -13.4586
      vertex 55 50.2281 -13.4586
    endloop
  endfacet
  facet normal 0 -0.94693 0.321441
    outer loop
      vertex 179 50.2281 -13.4586
      vertex 55 48.0417 -19.8995
      vertex 179 48.0417 -19.8995
    endloop
  endfacet
  facet normal -0 -0.0653931 -0.99786
    outer loop
      vertex 62 0 52
      vertex 55 0 52
      vertex 62 3 51.8034
    endloop
  endfacet
  facet normal 0 -0.0654197 -0.997858
    outer loop
      vertex 62 3 51.8034
      vertex 179 6.78736 51.5551
      vertex 179 3 51.8034
    endloop
  endfacet
  facet normal 0 -0.0654197 -0.997858
    outer loop
      vertex 62 3 51.8034
      vertex 55 6.78736 51.5551
      vertex 179 6.78736 51.5551
    endloop
  endfacet
  facet normal 6.40625e-06 -0.0654079 -0.997859
    outer loop
      vertex 55 6.78736 51.5551
      vertex 62 3 51.8034
      vertex 55 0 52
    endloop
  endfacet
  facet normal 0 -0.0653931 -0.99786
    outer loop
      vertex 208 3 51.8034
      vertex 215 0 52
      vertex 208 0 52
    endloop
  endfacet
  facet normal -6.40625e-06 -0.0654079 -0.997859
    outer loop
      vertex 215 0 52
      vertex 208 3 51.8034
      vertex 215 6.78736 51.5551
    endloop
  endfacet
  facet normal 0 -0.0654197 -0.997858
    outer loop
      vertex 208 3 51.8034
      vertex 187.973 6.78736 51.5551
      vertex 215 6.78736 51.5551
    endloop
  endfacet
  facet normal 0 -0.0654197 -0.997858
    outer loop
      vertex 187.973 6.78736 51.5551
      vertex 208 3 51.8034
      vertex 187.768 3 51.8034
    endloop
  endfacet
  facet normal 0 0.442285 -0.896875
    outer loop
      vertex 55 -26 45.0333
      vertex 179 -19.8995 48.0417
      vertex 179 -26 45.0333
    endloop
  endfacet
  facet normal 0 0.442285 -0.896875
    outer loop
      vertex 179 -19.8995 48.0417
      vertex 55 -26 45.0333
      vertex 55 -19.8995 48.0417
    endloop
  endfacet
  facet normal 0 0.442285 -0.896875
    outer loop
      vertex 193.358 -26 45.0333
      vertex 215 -19.8995 48.0417
      vertex 215 -26 45.0333
    endloop
  endfacet
  facet normal 0 0.442285 -0.896875
    outer loop
      vertex 215 -19.8995 48.0417
      vertex 193.358 -26 45.0333
      vertex 190.874 -19.8995 48.0417
    endloop
  endfacet
  facet normal 0 0.555565 -0.831473
    outer loop
      vertex 55 -31.6556 41.2544
      vertex 179 -26 45.0333
      vertex 179 -31.6556 41.2544
    endloop
  endfacet
  facet normal 0 0.555565 -0.831473
    outer loop
      vertex 179 -26 45.0333
      vertex 55 -31.6556 41.2544
      vertex 55 -26 45.0333
    endloop
  endfacet
  facet normal 0 0.555565 -0.831473
    outer loop
      vertex 196.478 -31.6556 41.2544
      vertex 215 -26 45.0333
      vertex 215 -31.6556 41.2544
    endloop
  endfacet
  facet normal 0 0.555565 -0.831473
    outer loop
      vertex 215 -26 45.0333
      vertex 196.478 -31.6556 41.2544
      vertex 193.358 -26 45.0333
    endloop
  endfacet
  facet normal 0 -0.997858 -0.0654197
    outer loop
      vertex 55 51.5551 6.78736
      vertex 62 51.8034 3
      vertex 179 51.5551 6.78736
    endloop
  endfacet
  facet normal 6.40625e-06 -0.997859 -0.0654079
    outer loop
      vertex 55 52 0
      vertex 62 51.8034 3
      vertex 55 51.5551 6.78736
    endloop
  endfacet
  facet normal 0 -0.99786 -0.0653931
    outer loop
      vertex 62 51.8034 3
      vertex 55 52 0
      vertex 62 52 0
    endloop
  endfacet
  facet normal 0 -0.997858 -0.0654197
    outer loop
      vertex 179 51.5551 6.78736
      vertex 62 51.8034 3
      vertex 179 51.8034 3
    endloop
  endfacet
  facet normal 0 -0.980785 -0.195091
    outer loop
      vertex 55 51.5551 6.78736
      vertex 179 50.2281 13.4586
      vertex 55 50.2281 13.4586
    endloop
  endfacet
  facet normal 0 -0.980785 -0.195091
    outer loop
      vertex 179 50.2281 13.4586
      vertex 55 51.5551 6.78736
      vertex 179 51.5551 6.78736
    endloop
  endfacet
  facet normal 0 -0.442285 -0.896875
    outer loop
      vertex 55 19.8995 48.0417
      vertex 179 26 45.0333
      vertex 179 19.8995 48.0417
    endloop
  endfacet
  facet normal -0 -0.442285 -0.896875
    outer loop
      vertex 179 26 45.0333
      vertex 55 19.8995 48.0417
      vertex 55 26 45.0333
    endloop
  endfacet
  facet normal 0 -0.442285 -0.896875
    outer loop
      vertex 215 19.8995 48.0417
      vertex 193.358 26 45.0333
      vertex 215 26 45.0333
    endloop
  endfacet
  facet normal 0 -0.442285 -0.896875
    outer loop
      vertex 193.358 26 45.0333
      vertex 215 19.8995 48.0417
      vertex 190.874 19.8995 48.0417
    endloop
  endfacet
  facet normal 0 -0.99786 0.0653931
    outer loop
      vertex 55 52 0
      vertex 62 51.8034 -3
      vertex 62 52 0
    endloop
  endfacet
  facet normal 6.40625e-06 -0.997859 0.0654079
    outer loop
      vertex 55 51.5551 -6.78736
      vertex 62 51.8034 -3
      vertex 55 52 0
    endloop
  endfacet
  facet normal 0 -0.997858 0.0654197
    outer loop
      vertex 179 51.5551 -6.78736
      vertex 62 51.8034 -3
      vertex 55 51.5551 -6.78736
    endloop
  endfacet
  facet normal 0 -0.997858 0.0654197
    outer loop
      vertex 62 51.8034 -3
      vertex 179 51.5551 -6.78736
      vertex 179 51.8034 -3
    endloop
  endfacet
  facet normal 0 -0.980785 0.195091
    outer loop
      vertex 55 50.2281 -13.4586
      vertex 179 51.5551 -6.78736
      vertex 55 51.5551 -6.78736
    endloop
  endfacet
  facet normal 0 -0.980785 0.195091
    outer loop
      vertex 179 51.5551 -6.78736
      vertex 55 50.2281 -13.4586
      vertex 179 50.2281 -13.4586
    endloop
  endfacet
  facet normal 0 -0.766041 -0.642791
    outer loop
      vertex 55 -33.3613 39.7585
      vertex 179 -41.7017 49.6981
      vertex 55 -41.7017 49.6981
    endloop
  endfacet
  facet normal 0 -0.766041 -0.642791
    outer loop
      vertex 179 -41.7017 49.6981
      vertex 55 -33.3613 39.7585
      vertex 179 -33.3613 39.7585
    endloop
  endfacet
  facet normal 0 -0.766041 -0.642791
    outer loop
      vertex 197.713 -33.3613 39.7585
      vertex 215 -41.7017 49.6981
      vertex 189.506 -41.7017 49.6981
    endloop
  endfacet
  facet normal 0 -0.766041 -0.642791
    outer loop
      vertex 215 -41.7017 49.6981
      vertex 197.713 -33.3613 39.7585
      vertex 215 -33.3613 39.7585
    endloop
  endfacet
  facet normal 0 -0.766041 -0.642791
    outer loop
      vertex 55 41.7017 -49.6981
      vertex 179 33.3613 -39.7585
      vertex 55 33.3613 -39.7585
    endloop
  endfacet
  facet normal 0 -0.766041 -0.642791
    outer loop
      vertex 179 33.3613 -39.7585
      vertex 55 41.7017 -49.6981
      vertex 179 41.7017 -49.6981
    endloop
  endfacet
  facet normal -1 0 0
    outer loop
      vertex 189 -160 -60
      vertex 189 -173 -60
      vertex 189 -160 -55
    endloop
  endfacet
  facet normal -1 0 0
    outer loop
      vertex 189 -160 -55
      vertex 189 -159.289 -53
      vertex 189 -159.289 -55
    endloop
  endfacet
  facet normal -1 0 0
    outer loop
      vertex 189 -173 -53
      vertex 189 -160 -55
      vertex 189 -173 -60
    endloop
  endfacet
  facet normal -1 0 0
    outer loop
      vertex 189 -160 -55
      vertex 189 -173 -53
      vertex 189 -159.289 -53
    endloop
  endfacet
  facet normal -1 0 0
    outer loop
      vertex 189 -129 -55
      vertex 189 -127 -53
      vertex 189 -127 -55
    endloop
  endfacet
  facet normal -1 -0 0
    outer loop
      vertex 189 -127 -53
      vertex 189 -129 -55
      vertex 189 -129 -53
    endloop
  endfacet
  facet normal -1 0 0
    outer loop
      vertex 189 -153 -55
      vertex 189 -147 -53
      vertex 189 -147 -55
    endloop
  endfacet
  facet normal -1 -0 0
    outer loop
      vertex 189 -147 -53
      vertex 189 -153 -55
      vertex 189 -153 -53
    endloop
  endfacet
  facet normal -1 0 0
    outer loop
      vertex 189 -141 -55
      vertex 189 -135 -53
      vertex 189 -135 -55
    endloop
  endfacet
  facet normal -1 -0 0
    outer loop
      vertex 189 -135 -53
      vertex 189 -141 -55
      vertex 189 -141 -53
    endloop
  endfacet
  facet normal 1 -0 0
    outer loop
      vertex 281 -159.2 -54.75
      vertex 281 -140.8 -58.25
      vertex 281 -140.8 -54.75
    endloop
  endfacet
  facet normal 1 0 0
    outer loop
      vertex 281 -140.8 -58.25
      vertex 281 -159.2 -54.75
      vertex 281 -159.2 -58.25
    endloop
  endfacet
  facet normal -0 0 1
    outer loop
      vertex 189 -159.289 -53
      vertex 191 -173 -53
      vertex 191 -159.111 -53
    endloop
  endfacet
  facet normal 0 0 1
    outer loop
      vertex 191 -173 -53
      vertex 189 -159.289 -53
      vertex 189 -173 -53
    endloop
  endfacet
  facet normal -0 0 1
    outer loop
      vertex 189 -127 -53
      vertex 191 -129 -53
      vertex 191 -127 -53
    endloop
  endfacet
  facet normal 0 0 1
    outer loop
      vertex 191 -129 -53
      vertex 189 -127 -53
      vertex 189 -129 -53
    endloop
  endfacet
  facet normal -0 0 1
    outer loop
      vertex 189 -147 -53
      vertex 191 -153 -53
      vertex 191 -147 -53
    endloop
  endfacet
  facet normal 0 0 1
    outer loop
      vertex 191 -153 -53
      vertex 189 -147 -53
      vertex 189 -153 -53
    endloop
  endfacet
  facet normal -0 0 1
    outer loop
      vertex 189 -135 -53
      vertex 191 -141 -53
      vertex 191 -135 -53
    endloop
  endfacet
  facet normal 0 0 1
    outer loop
      vertex 191 -141 -53
      vertex 189 -135 -53
      vertex 189 -141 -53
    endloop
  endfacet
  facet normal 0 0 -1
    outer loop
      vertex 191 -173 -60
      vertex 190 -160 -60
      vertex 191 -127 -60
    endloop
  endfacet
  facet normal 0 0 -1
    outer loop
      vertex 189 -173 -60
      vertex 190 -160 -60
      vertex 191 -173 -60
    endloop
  endfacet
  facet normal -0 0 -1
    outer loop
      vertex 190 -160 -60
      vertex 189 -173 -60
      vertex 189 -160 -60
    endloop
  endfacet
  facet normal -0 0 -1
    outer loop
      vertex 191 -127 -60
      vertex 190 -160 -60
      vertex 190 -127 -60
    endloop
  endfacet
  facet normal 0 -1 0
    outer loop
      vertex 189 -173 -60
      vertex 191 -173 -53
      vertex 189 -173 -53
    endloop
  endfacet
  facet normal 0 -1 -0
    outer loop
      vertex 191 -173 -53
      vertex 189 -173 -60
      vertex 191 -173 -60
    endloop
  endfacet
  facet normal 0 1 0
    outer loop
      vertex 191 -127 -53
      vertex 190 -127 -55
      vertex 189 -127 -53
    endloop
  endfacet
  facet normal 0 1 -0
    outer loop
      vertex 191 -127 -60
      vertex 190 -127 -55
      vertex 191 -127 -53
    endloop
  endfacet
  facet normal 0 1 0
    outer loop
      vertex 190 -127 -55
      vertex 191 -127 -60
      vertex 190 -127 -60
    endloop
  endfacet
  facet normal 0 1 0
    outer loop
      vertex 189 -127 -53
      vertex 190 -127 -55
      vertex 189 -127 -55
    endloop
  endfacet
  facet normal 0.145157 0.970975 0.190099
    outer loop
      vertex 204.333 -129.044 -59.7407
      vertex 191 -127 -60
      vertex 204.043 -129 -59.744
    endloop
  endfacet
  facet normal 0.151567 0.988447 -0
    outer loop
      vertex 204.043 -129 -59.744
      vertex 191 -127 -53
      vertex 204.043 -129 -53.2536
    endloop
  endfacet
  facet normal 0.151567 0.988447 0
    outer loop
      vertex 191 -127 -53
      vertex 204.043 -129 -59.744
      vertex 191 -127 -60
    endloop
  endfacet
  facet normal 0.15153 0.988453 -0
    outer loop
      vertex 281 -140.8 -58.25
      vertex 271 -139.267 -54.5556
      vertex 281 -140.8 -54.75
    endloop
  endfacet
  facet normal 0.15153 0.988453 0
    outer loop
      vertex 271 -139.267 -54.5556
      vertex 281 -140.8 -58.25
      vertex 271 -139.267 -58.4444
    endloop
  endfacet
  facet normal 0.151545 0.98845 -0
    outer loop
      vertex 261 -137.733 -58.6389
      vertex 243.174 -135 -54.0145
      vertex 261 -137.733 -54.3611
    endloop
  endfacet
  facet normal 0.151545 0.98845 0
    outer loop
      vertex 243.174 -135 -54.0145
      vertex 261 -137.733 -58.6389
      vertex 243.174 -135 -58.9855
    endloop
  endfacet
  facet normal 0.0194363 0 0.999811
    outer loop
      vertex 261 -147 -54.3611
      vertex 259.75 -153 -54.3368
      vertex 261 -152.889 -54.3611
    endloop
  endfacet
  facet normal 0.0194406 -8.92688e-07 0.999811
    outer loop
      vertex 191 -147 -53
      vertex 259.75 -153 -54.3368
      vertex 261 -147 -54.3611
    endloop
  endfacet
  facet normal 0.0194407 0 0.999811
    outer loop
      vertex 259.75 -153 -54.3368
      vertex 191 -147 -53
      vertex 191 -153 -53
    endloop
  endfacet
  facet normal 0.0194363 -0 0.999811
    outer loop
      vertex 271 -152 -54.5556
      vertex 281 -140.8 -54.75
      vertex 271 -139.267 -54.5556
    endloop
  endfacet
  facet normal 0.0194363 0 0.999811
    outer loop
      vertex 281 -140.8 -54.75
      vertex 271 -152 -54.5556
      vertex 281 -159.2 -54.75
    endloop
  endfacet
  facet normal 0.0194452 1.23601e-05 0.999811
    outer loop
      vertex 261 -152.889 -54.3611
      vertex 281 -159.2 -54.75
      vertex 271 -152 -54.5556
    endloop
  endfacet
  facet normal 0.0194374 -1.23632e-05 0.999811
    outer loop
      vertex 259.75 -153 -54.3368
      vertex 281 -159.2 -54.75
      vertex 261 -152.889 -54.3611
    endloop
  endfacet
  facet normal 0.0194407 -0 0.999811
    outer loop
      vertex 191 -173 -53
      vertex 259.75 -153 -54.3368
      vertex 191 -159.111 -53
    endloop
  endfacet
  facet normal 0.0194409 -5.87261e-07 0.999811
    outer loop
      vertex 259.75 -153 -54.3368
      vertex 191 -173 -53
      vertex 281 -159.2 -54.75
    endloop
  endfacet
  facet normal 0.0194397 0 0.999811
    outer loop
      vertex 191 -127 -53
      vertex 191 -129 -53
      vertex 204.043 -129 -53.2536
    endloop
  endfacet
  facet normal 0.0194398 0 0.999811
    outer loop
      vertex 243.174 -135 -54.0145
      vertex 261 -141 -54.3611
      vertex 261 -137.733 -54.3611
    endloop
  endfacet
  facet normal 0.0194409 -0 0.999811
    outer loop
      vertex 191 -141 -53
      vertex 243.174 -135 -54.0145
      vertex 191 -135 -53
    endloop
  endfacet
  facet normal 0.0194406 2.30575e-06 0.999811
    outer loop
      vertex 243.174 -135 -54.0145
      vertex 191 -141 -53
      vertex 261 -141 -54.3611
    endloop
  endfacet
  facet normal 0.0194363 0 -0.999811
    outer loop
      vertex 281 -159.2 -58.25
      vertex 271 -152 -58.4444
      vertex 281 -140.8 -58.25
    endloop
  endfacet
  facet normal 0.0194452 1.23601e-05 -0.999811
    outer loop
      vertex 281 -159.2 -58.25
      vertex 261 -152.889 -58.6389
      vertex 271 -152 -58.4444
    endloop
  endfacet
  facet normal 0.0194363 0 -0.999811
    outer loop
      vertex 261 -152.889 -58.6389
      vertex 259.75 -153 -58.6632
      vertex 261 -147 -58.6389
    endloop
  endfacet
  facet normal 0.0194374 -1.23632e-05 -0.999811
    outer loop
      vertex 281 -159.2 -58.25
      vertex 259.75 -153 -58.6632
      vertex 261 -152.889 -58.6389
    endloop
  endfacet
  facet normal 0.0194409 -5.87261e-07 -0.999811
    outer loop
      vertex 191 -173 -60
      vertex 259.75 -153 -58.6632
      vertex 281 -159.2 -58.25
    endloop
  endfacet
  facet normal 0.0194443 0 -0.999811
    outer loop
      vertex 191 -173 -60
      vertex 204.333 -153 -59.7407
      vertex 204.333 -157.926 -59.7407
    endloop
  endfacet
  facet normal 0.0194443 0 -0.999811
    outer loop
      vertex 204.333 -153 -59.7407
      vertex 191 -173 -60
      vertex 204.333 -147 -59.7407
    endloop
  endfacet
  facet normal 0.0194443 0 -0.999811
    outer loop
      vertex 204.333 -147 -59.7407
      vertex 191 -127 -60
      vertex 204.333 -141 -59.7407
    endloop
  endfacet
  facet normal 0.0194443 0 -0.999811
    outer loop
      vertex 204.333 -141 -59.7407
      vertex 191 -127 -60
      vertex 204.333 -135 -59.7407
    endloop
  endfacet
  facet normal 0.0194394 4.31346e-06 -0.999811
    outer loop
      vertex 259.75 -153 -58.6632
      vertex 191 -173 -60
      vertex 204.333 -157.926 -59.7407
    endloop
  endfacet
  facet normal 0.0194443 0 -0.999811
    outer loop
      vertex 204.333 -147 -59.7407
      vertex 191 -173 -60
      vertex 191 -127 -60
    endloop
  endfacet
  facet normal 0.0194443 0 -0.999811
    outer loop
      vertex 204.333 -135 -59.7407
      vertex 191 -127 -60
      vertex 204.333 -129.044 -59.7407
    endloop
  endfacet
  facet normal 0.0194363 0 -0.999811
    outer loop
      vertex 281 -140.8 -58.25
      vertex 271 -152 -58.4444
      vertex 271 -139.267 -58.4444
    endloop
  endfacet
  facet normal 0.0194398 0 -0.999811
    outer loop
      vertex 204.333 -147 -59.7407
      vertex 259.75 -153 -58.6632
      vertex 204.333 -153 -59.7407
    endloop
  endfacet
  facet normal 0.0194397 -7.11332e-07 -0.999811
    outer loop
      vertex 259.75 -153 -58.6632
      vertex 204.333 -147 -59.7407
      vertex 261 -147 -58.6389
    endloop
  endfacet
  facet normal 0.0194398 0 -0.999811
    outer loop
      vertex 261 -141 -58.6389
      vertex 243.174 -135 -58.9855
      vertex 261 -137.733 -58.6389
    endloop
  endfacet
  facet normal 0.0194397 -2.80534e-07 -0.999811
    outer loop
      vertex 204.333 -141 -59.7407
      vertex 243.174 -135 -58.9855
      vertex 261 -141 -58.6389
    endloop
  endfacet
  facet normal 0.0194397 0 -0.999811
    outer loop
      vertex 243.174 -135 -58.9855
      vertex 204.333 -141 -59.7407
      vertex 204.333 -135 -59.7407
    endloop
  endfacet
  facet normal 0.151562 -0.988448 0
    outer loop
      vertex 191 -173 -53
      vertex 281 -159.2 -58.25
      vertex 281 -159.2 -54.75
    endloop
  endfacet
  facet normal 0.151562 -0.988448 0
    outer loop
      vertex 281 -159.2 -58.25
      vertex 191 -173 -53
      vertex 191 -173 -60
    endloop
  endfacet
  facet normal -1 0 0
    outer loop
      vertex 189 -117 -55
      vertex 189 -111 -53
      vertex 189 -111 -55
    endloop
  endfacet
  facet normal -1 -0 0
    outer loop
      vertex 189 -111 -53
      vertex 189 -117 -55
      vertex 189 -117 -53
    endloop
  endfacet
  facet normal -1 0 0
    outer loop
      vertex 189 -105 -55
      vertex 189 -99 -53
      vertex 189 -99 -55
    endloop
  endfacet
  facet normal -1 -0 0
    outer loop
      vertex 189 -99 -53
      vertex 189 -105 -55
      vertex 189 -105 -53
    endloop
  endfacet
  facet normal 1 -0 0
    outer loop
      vertex 281 -107.2 -54.75
      vertex 281 -88.8 -58.25
      vertex 281 -88.8 -54.75
    endloop
  endfacet
  facet normal 1 0 0
    outer loop
      vertex 281 -88.8 -58.25
      vertex 281 -107.2 -54.75
      vertex 281 -107.2 -58.25
    endloop
  endfacet
  facet normal -0 0 1
    outer loop
      vertex 189 -111 -53
      vertex 191 -117 -53
      vertex 191 -111 -53
    endloop
  endfacet
  facet normal 0 0 1
    outer loop
      vertex 191 -117 -53
      vertex 189 -111 -53
      vertex 189 -117 -53
    endloop
  endfacet
  facet normal -0 0 1
    outer loop
      vertex 189 -99 -53
      vertex 191 -105 -53
      vertex 191 -99 -53
    endloop
  endfacet
  facet normal 0 0 1
    outer loop
      vertex 191 -105 -53
      vertex 189 -99 -53
      vertex 189 -105 -53
    endloop
  endfacet
  facet normal 0 0 -1
    outer loop
      vertex 190 -121 -60
      vertex 191 -75 -60
      vertex 191 -121 -60
    endloop
  endfacet
  facet normal -0 0 -1
    outer loop
      vertex 191 -75 -60
      vertex 190 -121 -60
      vertex 190 -75 -60
    endloop
  endfacet
  facet normal 0 -1 0
    outer loop
      vertex 191 -121 -60
      vertex 190 -121 -59.9
      vertex 190 -121 -60
    endloop
  endfacet
  facet normal 0 -1 0
    outer loop
      vertex 190 -121 -59.9
      vertex 191 -121 -60
      vertex 191 -121 -59.8889
    endloop
  endfacet
  facet normal 0 1 -0
    outer loop
      vertex 191 -75 -60
      vertex 190 -75 -59.9
      vertex 191 -75 -59.8889
    endloop
  endfacet
  facet normal 0 1 0
    outer loop
      vertex 190 -75 -59.9
      vertex 191 -75 -60
      vertex 190 -75 -60
    endloop
  endfacet
  facet normal 0.151562 0.988448 0
    outer loop
      vertex 204.333 -77.0444 -59.7407
      vertex 191 -75 -60
      vertex 191 -75 -59.8889
    endloop
  endfacet
  facet normal 0.151559 0.988448 -0
    outer loop
      vertex 281 -88.8 -58.25
      vertex 271 -87.2667 -54.5556
      vertex 281 -88.8 -54.75
    endloop
  endfacet
  facet normal 0.151559 0.988448 0
    outer loop
      vertex 271 -87.2667 -54.5556
      vertex 281 -88.8 -58.25
      vertex 271 -87.2667 -58.4444
    endloop
  endfacet
  facet normal 0.0194363 0 0.999811
    outer loop
      vertex 271 -87.2667 -54.5556
      vertex 281 -107.2 -54.75
      vertex 281 -88.8 -54.75
    endloop
  endfacet
  facet normal 0.0194363 0 0.999811
    outer loop
      vertex 281 -107.2 -54.75
      vertex 271 -87.2667 -54.5556
      vertex 271 -108.733 -54.5556
    endloop
  endfacet
  facet normal 0.0194406 0 0.999811
    outer loop
      vertex 191 -99 -53
      vertex 261 -105 -54.3611
      vertex 261 -99 -54.3611
    endloop
  endfacet
  facet normal 0.0194406 0 0.999811
    outer loop
      vertex 261 -105 -54.3611
      vertex 191 -99 -53
      vertex 191 -105 -53
    endloop
  endfacet
  facet normal 0.0194406 7.31343e-06 0.999811
    outer loop
      vertex 191 -111 -53
      vertex 217.087 -117 -53.5072
      vertex 256.217 -111 -54.2681
    endloop
  endfacet
  facet normal 0.019439 0 0.999811
    outer loop
      vertex 217.087 -117 -53.5072
      vertex 191 -111 -53
      vertex 191 -117 -53
    endloop
  endfacet
  facet normal 0.0194443 0 -0.999811
    outer loop
      vertex 191 -121 -60
      vertex 204.333 -117 -59.7407
      vertex 204.333 -118.956 -59.7407
    endloop
  endfacet
  facet normal 0.0194443 0 -0.999811
    outer loop
      vertex 204.333 -117 -59.7407
      vertex 191 -121 -60
      vertex 204.333 -111 -59.7407
    endloop
  endfacet
  facet normal 0.0194443 0 -0.999811
    outer loop
      vertex 204.333 -111 -59.7407
      vertex 191 -121 -60
      vertex 204.333 -105 -59.7407
    endloop
  endfacet
  facet normal 0.0194443 0 -0.999811
    outer loop
      vertex 204.333 -105 -59.7407
      vertex 191 -121 -60
      vertex 204.333 -99 -59.7407
    endloop
  endfacet
  facet normal 0.0194443 0 -0.999811
    outer loop
      vertex 191 -75 -60
      vertex 204.333 -99 -59.7407
      vertex 191 -121 -60
    endloop
  endfacet
  facet normal 0.0194443 0 -0.999811
    outer loop
      vertex 204.333 -99 -59.7407
      vertex 191 -75 -60
      vertex 204.333 -77.0444 -59.7407
    endloop
  endfacet
  facet normal 0.0194334 0 -0.999811
    outer loop
      vertex 204.333 -111 -59.7407
      vertex 217.087 -117 -59.4928
      vertex 204.333 -117 -59.7407
    endloop
  endfacet
  facet normal 0.0194397 1.34621e-05 -0.999811
    outer loop
      vertex 217.087 -117 -59.4928
      vertex 204.333 -111 -59.7407
      vertex 256.217 -111 -58.7319
    endloop
  endfacet
  facet normal 0.0194397 0 -0.999811
    outer loop
      vertex 204.333 -105 -59.7407
      vertex 261 -99 -58.6389
      vertex 261 -105 -58.6389
    endloop
  endfacet
  facet normal 0.0194397 0 -0.999811
    outer loop
      vertex 261 -99 -58.6389
      vertex 204.333 -105 -59.7407
      vertex 204.333 -99 -59.7407
    endloop
  endfacet
  facet normal 0.0194363 0 -0.999811
    outer loop
      vertex 271 -108.733 -58.4444
      vertex 281 -88.8 -58.25
      vertex 281 -107.2 -58.25
    endloop
  endfacet
  facet normal 0.0194363 0 -0.999811
    outer loop
      vertex 281 -88.8 -58.25
      vertex 271 -108.733 -58.4444
      vertex 271 -87.2667 -58.4444
    endloop
  endfacet
  facet normal 0.151533 -0.988452 0
    outer loop
      vertex 191 -121 -59.8889
      vertex 191 -121 -60
      vertex 204.333 -118.956 -59.7407
    endloop
  endfacet
  facet normal 0.15153 -0.988453 0
    outer loop
      vertex 271 -108.733 -54.5556
      vertex 281 -107.2 -58.25
      vertex 281 -107.2 -54.75
    endloop
  endfacet
  facet normal 0.15153 -0.988453 0
    outer loop
      vertex 281 -107.2 -58.25
      vertex 271 -108.733 -54.5556
      vertex 271 -108.733 -58.4444
    endloop
  endfacet
  facet normal 0.151564 -0.988448 0
    outer loop
      vertex 217.087 -117 -53.5072
      vertex 256.217 -111 -58.7319
      vertex 256.217 -111 -54.2681
    endloop
  endfacet
  facet normal 0.151564 -0.988448 0
    outer loop
      vertex 256.217 -111 -58.7319
      vertex 217.087 -117 -53.5072
      vertex 217.087 -117 -59.4928
    endloop
  endfacet
  facet normal 1 -0 0
    outer loop
      vertex 281 -55.2 -54.75
      vertex 281 -36.8 -58.25
      vertex 281 -36.8 -54.75
    endloop
  endfacet
  facet normal 1 0 0
    outer loop
      vertex 281 -36.8 -58.25
      vertex 281 -55.2 -54.75
      vertex 281 -55.2 -58.25
    endloop
  endfacet
  facet normal 0 0 -1
    outer loop
      vertex 190 -69 -60
      vertex 191 -23 -60
      vertex 191 -69 -60
    endloop
  endfacet
  facet normal -0 0 -1
    outer loop
      vertex 191 -23 -60
      vertex 190 -69 -60
      vertex 190 -23 -60
    endloop
  endfacet
  facet normal 0 -1 0
    outer loop
      vertex 191 -69 -60
      vertex 190 -69 -59.9
      vertex 190 -69 -60
    endloop
  endfacet
  facet normal 0 -1 0
    outer loop
      vertex 190 -69 -59.9
      vertex 191 -69 -60
      vertex 191 -69 -59.8889
    endloop
  endfacet
  facet normal 0 1 -0
    outer loop
      vertex 191 -23 -60
      vertex 190 -23 -59.9
      vertex 191 -23 -59.8889
    endloop
  endfacet
  facet normal 0 1 0
    outer loop
      vertex 190 -23 -59.9
      vertex 191 -23 -60
      vertex 190 -23 -60
    endloop
  endfacet
  facet normal 0.151562 0.988448 0
    outer loop
      vertex 204.333 -25.0444 -59.7407
      vertex 191 -23 -60
      vertex 191 -23 -59.8889
    endloop
  endfacet
  facet normal 0.151559 0.988448 -0
    outer loop
      vertex 281 -36.8 -58.25
      vertex 271 -35.2667 -54.5556
      vertex 281 -36.8 -54.75
    endloop
  endfacet
  facet normal 0.151559 0.988448 0
    outer loop
      vertex 271 -35.2667 -54.5556
      vertex 281 -36.8 -58.25
      vertex 271 -35.2667 -58.4444
    endloop
  endfacet
  facet normal 0.0194363 0 0.999811
    outer loop
      vertex 271 -35.2667 -54.5556
      vertex 281 -55.2 -54.75
      vertex 281 -36.8 -54.75
    endloop
  endfacet
  facet normal 0.0194363 0 0.999811
    outer loop
      vertex 281 -55.2 -54.75
      vertex 271 -35.2667 -54.5556
      vertex 271 -56.7333 -54.5556
    endloop
  endfacet
  facet normal 0.0194443 0 -0.999811
    outer loop
      vertex 191 -69 -60
      vertex 204.333 -25.0444 -59.7407
      vertex 204.333 -66.9556 -59.7407
    endloop
  endfacet
  facet normal 0.0194443 0 -0.999811
    outer loop
      vertex 204.333 -25.0444 -59.7407
      vertex 191 -69 -60
      vertex 191 -23 -60
    endloop
  endfacet
  facet normal 0.0194363 0 -0.999811
    outer loop
      vertex 271 -56.7333 -58.4444
      vertex 281 -36.8 -58.25
      vertex 281 -55.2 -58.25
    endloop
  endfacet
  facet normal 0.0194363 0 -0.999811
    outer loop
      vertex 281 -36.8 -58.25
      vertex 271 -56.7333 -58.4444
      vertex 271 -35.2667 -58.4444
    endloop
  endfacet
  facet normal 0.151562 -0.988448 0
    outer loop
      vertex 191 -69 -59.8889
      vertex 191 -69 -60
      vertex 204.333 -66.9556 -59.7407
    endloop
  endfacet
  facet normal 0.151559 -0.988448 0
    outer loop
      vertex 271 -56.7333 -54.5556
      vertex 281 -55.2 -58.25
      vertex 281 -55.2 -54.75
    endloop
  endfacet
  facet normal 0.151559 -0.988448 0
    outer loop
      vertex 281 -55.2 -58.25
      vertex 271 -56.7333 -54.5556
      vertex 271 -56.7333 -58.4444
    endloop
  endfacet
  facet normal -1 0 0
    outer loop
      vertex 189 -0.711111 -55
      vertex 189 0.711111 -53
      vertex 189 0.711111 -55
    endloop
  endfacet
  facet normal -1 -0 0
    outer loop
      vertex 189 0.711111 -53
      vertex 189 -0.711111 -55
      vertex 189 -0.711111 -53
    endloop
  endfacet
  facet normal 1 -0 0
    outer loop
      vertex 281 -3.2 -54.75
      vertex 281 15.2 -58.25
      vertex 281 15.2 -54.75
    endloop
  endfacet
  facet normal 1 0 0
    outer loop
      vertex 281 15.2 -58.25
      vertex 281 -3.2 -54.75
      vertex 281 -3.2 -58.25
    endloop
  endfacet
  facet normal 0 0 -1
    outer loop
      vertex 190 -17 -60
      vertex 191 29 -60
      vertex 191 -17 -60
    endloop
  endfacet
  facet normal -0 0 -1
    outer loop
      vertex 191 29 -60
      vertex 190 -17 -60
      vertex 190 29 -60
    endloop
  endfacet
  facet normal 0 -1 0
    outer loop
      vertex 191 -17 -60
      vertex 190 -17 -59.9
      vertex 190 -17 -60
    endloop
  endfacet
  facet normal 0 -1 0
    outer loop
      vertex 190 -17 -59.9
      vertex 191 -17 -60
      vertex 191 -17 -59.8889
    endloop
  endfacet
  facet normal 0 1 -0
    outer loop
      vertex 191 29 -60
      vertex 190 29 -59.9
      vertex 191 29 -59.8889
    endloop
  endfacet
  facet normal 0 1 0
    outer loop
      vertex 190 29 -59.9
      vertex 191 29 -60
      vertex 190 29 -60
    endloop
  endfacet
  facet normal 0.151562 0.988448 0
    outer loop
      vertex 204.333 26.9556 -59.7407
      vertex 191 29 -60
      vertex 191 29 -59.8889
    endloop
  endfacet
  facet normal 0.151559 0.988448 -0
    outer loop
      vertex 281 15.2 -58.25
      vertex 271 16.7333 -54.5556
      vertex 281 15.2 -54.75
    endloop
  endfacet
  facet normal 0.151559 0.988448 0
    outer loop
      vertex 271 16.7333 -54.5556
      vertex 281 15.2 -58.25
      vertex 271 16.7333 -58.4444
    endloop
  endfacet
  facet normal 0.0194363 -0 0.999811
    outer loop
      vertex 271 8 -54.5556
      vertex 281 15.2 -54.75
      vertex 271 16.7333 -54.5556
    endloop
  endfacet
  facet normal 0.0194363 0 0.999811
    outer loop
      vertex 281 15.2 -54.75
      vertex 271 8 -54.5556
      vertex 281 -3.2 -54.75
    endloop
  endfacet
  facet normal 0.0194413 4.41841e-06 0.999811
    outer loop
      vertex 271 8 -54.5556
      vertex 257.514 -6.80122 -54.2933
      vertex 281 -3.2 -54.75
    endloop
  endfacet
  facet normal 0.0194409 4.7578e-06 0.999811
    outer loop
      vertex 191 0.888889 -53
      vertex 257.514 -6.80122 -54.2933
      vertex 271 8 -54.5556
    endloop
  endfacet
  facet normal 0.0194404 0 0.999811
    outer loop
      vertex 257.514 -6.80122 -54.2933
      vertex 191 0.888889 -53
      vertex 191 -0.888889 -53
    endloop
  endfacet
  facet normal 0.0194443 0 -0.999811
    outer loop
      vertex 191 -17 -60
      vertex 204.333 -2.07407 -59.7407
      vertex 204.333 -14.9556 -59.7407
    endloop
  endfacet
  facet normal 0.0194443 0 -0.999811
    outer loop
      vertex 204.333 -2.07407 -59.7407
      vertex 191 -17 -60
      vertex 204.333 2.07407 -59.7407
    endloop
  endfacet
  facet normal 0.0194443 0 -0.999811
    outer loop
      vertex 191 29 -60
      vertex 204.333 2.07407 -59.7407
      vertex 191 -17 -60
    endloop
  endfacet
  facet normal 0.0194443 0 -0.999811
    outer loop
      vertex 204.333 2.07407 -59.7407
      vertex 191 29 -60
      vertex 204.333 26.9556 -59.7407
    endloop
  endfacet
  facet normal 0.0194363 0 -0.999811
    outer loop
      vertex 281 -3.2 -58.25
      vertex 271 8 -58.4444
      vertex 281 15.2 -58.25
    endloop
  endfacet
  facet normal 0.0194413 4.41841e-06 -0.999811
    outer loop
      vertex 257.514 -6.80122 -58.7067
      vertex 271 8 -58.4444
      vertex 281 -3.2 -58.25
    endloop
  endfacet
  facet normal 0.0194394 0 -0.999811
    outer loop
      vertex 204.333 2.07407 -59.7407
      vertex 257.514 -6.80122 -58.7067
      vertex 204.333 -2.07407 -59.7407
    endloop
  endfacet
  facet normal 0.0194403 5.34979e-06 -0.999811
    outer loop
      vertex 257.514 -6.80122 -58.7067
      vertex 204.333 2.07407 -59.7407
      vertex 271 8 -58.4444
    endloop
  endfacet
  facet normal 0.0194363 0 -0.999811
    outer loop
      vertex 281 15.2 -58.25
      vertex 271 8 -58.4444
      vertex 271 16.7333 -58.4444
    endloop
  endfacet
  facet normal 0.151562 -0.988448 0
    outer loop
      vertex 191 -17 -59.8889
      vertex 191 -17 -60
      vertex 204.333 -14.9556 -59.7407
    endloop
  endfacet
  facet normal 0.151563 -0.988448 0
    outer loop
      vertex 257.514 -6.80122 -54.2933
      vertex 281 -3.2 -58.25
      vertex 281 -3.2 -54.75
    endloop
  endfacet
  facet normal 0.151563 -0.988448 0
    outer loop
      vertex 281 -3.2 -58.25
      vertex 257.514 -6.80122 -54.2933
      vertex 257.514 -6.80122 -58.7067
    endloop
  endfacet
  facet normal 1 -0 0
    outer loop
      vertex 281 48.8 -54.75
      vertex 281 67.2 -58.25
      vertex 281 67.2 -54.75
    endloop
  endfacet
  facet normal 1 0 0
    outer loop
      vertex 281 67.2 -58.25
      vertex 281 48.8 -54.75
      vertex 281 48.8 -58.25
    endloop
  endfacet
  facet normal 0 0 -1
    outer loop
      vertex 190 35 -60
      vertex 191 81 -60
      vertex 191 35 -60
    endloop
  endfacet
  facet normal -0 0 -1
    outer loop
      vertex 191 81 -60
      vertex 190 35 -60
      vertex 190 81 -60
    endloop
  endfacet
  facet normal 0 -1 0
    outer loop
      vertex 191 35 -60
      vertex 190 35 -59.9
      vertex 190 35 -60
    endloop
  endfacet
  facet normal 0 -1 0
    outer loop
      vertex 190 35 -59.9
      vertex 191 35 -60
      vertex 191 35 -59.8889
    endloop
  endfacet
  facet normal 0 1 -0
    outer loop
      vertex 191 81 -60
      vertex 190 81 -59.9
      vertex 191 81 -59.8889
    endloop
  endfacet
  facet normal 0 1 0
    outer loop
      vertex 190 81 -59.9
      vertex 191 81 -60
      vertex 190 81 -60
    endloop
  endfacet
  facet normal 0.151562 0.988448 0
    outer loop
      vertex 204.333 78.9556 -59.7407
      vertex 191 81 -60
      vertex 191 81 -59.8889
    endloop
  endfacet
  facet normal 0.151559 0.988448 -0
    outer loop
      vertex 281 67.2 -58.25
      vertex 271 68.7333 -54.5556
      vertex 281 67.2 -54.75
    endloop
  endfacet
  facet normal 0.151559 0.988448 0
    outer loop
      vertex 271 68.7333 -54.5556
      vertex 281 67.2 -58.25
      vertex 271 68.7333 -58.4444
    endloop
  endfacet
  facet normal 0.0194363 0 0.999811
    outer loop
      vertex 271 68.7333 -54.5556
      vertex 281 48.8 -54.75
      vertex 281 67.2 -54.75
    endloop
  endfacet
  facet normal 0.0194363 0 0.999811
    outer loop
      vertex 281 48.8 -54.75
      vertex 271 68.7333 -54.5556
      vertex 271 47.2667 -54.5556
    endloop
  endfacet
  facet normal 0.0194443 0 -0.999811
    outer loop
      vertex 191 35 -60
      vertex 204.333 78.9556 -59.7407
      vertex 204.333 37.0444 -59.7407
    endloop
  endfacet
  facet normal 0.0194443 0 -0.999811
    outer loop
      vertex 204.333 78.9556 -59.7407
      vertex 191 35 -60
      vertex 191 81 -60
    endloop
  endfacet
  facet normal 0.0194363 0 -0.999811
    outer loop
      vertex 271 47.2667 -58.4444
      vertex 281 67.2 -58.25
      vertex 281 48.8 -58.25
    endloop
  endfacet
  facet normal 0.0194363 0 -0.999811
    outer loop
      vertex 281 67.2 -58.25
      vertex 271 47.2667 -58.4444
      vertex 271 68.7333 -58.4444
    endloop
  endfacet
  facet normal 0.151562 -0.988448 0
    outer loop
      vertex 191 35 -59.8889
      vertex 191 35 -60
      vertex 204.333 37.0444 -59.7407
    endloop
  endfacet
  facet normal 0.151559 -0.988448 0
    outer loop
      vertex 271 47.2667 -54.5556
      vertex 281 48.8 -58.25
      vertex 281 48.8 -54.75
    endloop
  endfacet
  facet normal 0.151559 -0.988448 0
    outer loop
      vertex 281 48.8 -58.25
      vertex 271 47.2667 -54.5556
      vertex 271 47.2667 -58.4444
    endloop
  endfacet
  facet normal -0.213974 0.976839 0
    outer loop
      vertex -229 -127 -53
      vertex -292 -140.8 -58.25
      vertex -292 -140.8 -54.75
    endloop
  endfacet
  facet normal -0.213974 0.976839 0
    outer loop
      vertex -292 -140.8 -58.25
      vertex -229 -127 -53
      vertex -229 -127 -60
    endloop
  endfacet
  facet normal 1 0 0
    outer loop
      vertex -227 -144 -53
      vertex -227 -152 -53
      vertex -227 -144 -54
    endloop
  endfacet
  facet normal 1 -0 0
    outer loop
      vertex -227 -144 -54
      vertex -227 -127 -60
      vertex -227 -127 -54
    endloop
  endfacet
  facet normal 1 0 0
    outer loop
      vertex -227 -152 -60
      vertex -227 -144 -54
      vertex -227 -152 -53
    endloop
  endfacet
  facet normal 1 0 0
    outer loop
      vertex -227 -144 -54
      vertex -227 -152 -60
      vertex -227 -127 -60
    endloop
  endfacet
  facet normal 1 -0 0
    outer loop
      vertex -227 -173 -53
      vertex -227 -160 -60
      vertex -227 -160 -53
    endloop
  endfacet
  facet normal 1 0 0
    outer loop
      vertex -227 -160 -60
      vertex -227 -173 -53
      vertex -227 -173 -60
    endloop
  endfacet
  facet normal -1 0 0
    outer loop
      vertex -292 -152 -58.25
      vertex -292 -140.8 -54.75
      vertex -292 -140.8 -58.25
    endloop
  endfacet
  facet normal -1 -0 0
    outer loop
      vertex -292 -140.8 -54.75
      vertex -292 -152 -58.25
      vertex -292 -152 -54.75
    endloop
  endfacet
  facet normal -0.0277671 -0 -0.999614
    outer loop
      vertex -292 -140.8 -58.25
      vertex -229 -152 -60
      vertex -292 -152 -58.25
    endloop
  endfacet
  facet normal -0.0277671 0 -0.999614
    outer loop
      vertex -229 -152 -60
      vertex -292 -140.8 -58.25
      vertex -229 -127 -60
    endloop
  endfacet
  facet normal -0.0277678 0 -0.999614
    outer loop
      vertex -229 -173 -60
      vertex -288.348 -160 -58.3514
      vertex -229 -160 -60
    endloop
  endfacet
  facet normal 0 -1 0
    outer loop
      vertex -229 -173 -60
      vertex -227 -173 -53
      vertex -229 -173 -53
    endloop
  endfacet
  facet normal 0 -1 -0
    outer loop
      vertex -227 -173 -53
      vertex -229 -173 -60
      vertex -227 -173 -60
    endloop
  endfacet
  facet normal 0 0 -1
    outer loop
      vertex -300 -160 -60
      vertex -229 -152 -60
      vertex -229 -160 -60
    endloop
  endfacet
  facet normal -0 0 -1
    outer loop
      vertex -229 -152 -60
      vertex -300 -160 -60
      vertex -300 -152 -60
    endloop
  endfacet
  facet normal 0 0 -1
    outer loop
      vertex -229 -160 -60
      vertex -227 -160 -60
      vertex -227 -173 -60
    endloop
  endfacet
  facet normal 0 0 -1
    outer loop
      vertex -227 -160 -60
      vertex -229 -160 -60
      vertex -227 -152 -60
    endloop
  endfacet
  facet normal 0 0 -1
    outer loop
      vertex -229 -160 -60
      vertex -227 -173 -60
      vertex -229 -173 -60
    endloop
  endfacet
  facet normal -0 0 -1
    outer loop
      vertex -227 -152 -60
      vertex -229 -160 -60
      vertex -229 -152 -60
    endloop
  endfacet
  facet normal 0 0 -1
    outer loop
      vertex -227 -152 -60
      vertex -229 -152 -60
      vertex -227 -127 -60
    endloop
  endfacet
  facet normal -0 0 -1
    outer loop
      vertex -227 -127 -60
      vertex -229 -152 -60
      vertex -229 -127 -60
    endloop
  endfacet
  facet normal 0 0 -1
    outer loop
      vertex -227 -160 -60
      vertex -190 -152 -60
      vertex -190 -160 -60
    endloop
  endfacet
  facet normal -0 0 -1
    outer loop
      vertex -190 -152 -60
      vertex -227 -160 -60
      vertex -227 -152 -60
    endloop
  endfacet
  facet normal -0.213974 -0.976839 0
    outer loop
      vertex -288.348 -160 -58.3514
      vertex -229 -173 -53
      vertex -288.348 -160 -54.6486
    endloop
  endfacet
  facet normal -0.213974 -0.976839 -0
    outer loop
      vertex -229 -173 -53
      vertex -288.348 -160 -58.3514
      vertex -229 -173 -60
    endloop
  endfacet
  facet normal -0 0 1
    outer loop
      vertex -229 -160 -53
      vertex -227 -173 -53
      vertex -227 -160 -53
    endloop
  endfacet
  facet normal 0 0 1
    outer loop
      vertex -227 -173 -53
      vertex -229 -160 -53
      vertex -229 -173 -53
    endloop
  endfacet
  facet normal 0 0 1
    outer loop
      vertex -228 -127 -53
      vertex -229 -127 -53
      vertex -228 -144 -53
    endloop
  endfacet
  facet normal -0 0 1
    outer loop
      vertex -228 -144 -53
      vertex -227 -152 -53
      vertex -227 -144 -53
    endloop
  endfacet
  facet normal 0 0 1
    outer loop
      vertex -228 -144 -53
      vertex -229 -152 -53
      vertex -227 -152 -53
    endloop
  endfacet
  facet normal 0 0 1
    outer loop
      vertex -229 -152 -53
      vertex -228 -144 -53
      vertex -229 -127 -53
    endloop
  endfacet
  facet normal 0 1 0
    outer loop
      vertex -227 -127 -54
      vertex -227 -127 -60
      vertex -228 -127 -54
    endloop
  endfacet
  facet normal 0 1 -0
    outer loop
      vertex -228 -127 -54
      vertex -229 -127 -53
      vertex -228 -127 -53
    endloop
  endfacet
  facet normal 0 1 0
    outer loop
      vertex -229 -127 -60
      vertex -228 -127 -54
      vertex -227 -127 -60
    endloop
  endfacet
  facet normal 0 1 0
    outer loop
      vertex -228 -127 -54
      vertex -229 -127 -60
      vertex -229 -127 -53
    endloop
  endfacet
  facet normal -0.0277671 0 0.999614
    outer loop
      vertex -292 -140.8 -54.75
      vertex -229 -152 -53
      vertex -229 -127 -53
    endloop
  endfacet
  facet normal -0.0277671 0 0.999614
    outer loop
      vertex -229 -152 -53
      vertex -292 -140.8 -54.75
      vertex -292 -152 -54.75
    endloop
  endfacet
  facet normal -0.0277678 0 0.999614
    outer loop
      vertex -229 -160 -53
      vertex -288.348 -160 -54.6486
      vertex -229 -173 -53
    endloop
  endfacet
  facet normal -0.213974 0.976839 0
    outer loop
      vertex -229 -75 -53
      vertex -292 -88.8 -58.25
      vertex -292 -88.8 -54.75
    endloop
  endfacet
  facet normal -0.213974 0.976839 0
    outer loop
      vertex -292 -88.8 -58.25
      vertex -229 -75 -53
      vertex -229 -75 -60
    endloop
  endfacet
  facet normal 1 -0 0
    outer loop
      vertex -227 -121 -54
      vertex -227 -75 -60
      vertex -227 -75 -54
    endloop
  endfacet
  facet normal 1 0 0
    outer loop
      vertex -227 -75 -60
      vertex -227 -121 -54
      vertex -227 -121 -60
    endloop
  endfacet
  facet normal -1 0 0
    outer loop
      vertex -292 -107.2 -58.25
      vertex -292 -88.8 -54.75
      vertex -292 -88.8 -58.25
    endloop
  endfacet
  facet normal -1 -0 0
    outer loop
      vertex -292 -88.8 -54.75
      vertex -292 -107.2 -58.25
      vertex -292 -107.2 -54.75
    endloop
  endfacet
  facet normal -0.0277671 0 -0.999614
    outer loop
      vertex -292 -107.2 -58.25
      vertex -229 -75 -60
      vertex -229 -121 -60
    endloop
  endfacet
  facet normal -0.0277671 0 -0.999614
    outer loop
      vertex -229 -75 -60
      vertex -292 -107.2 -58.25
      vertex -292 -88.8 -58.25
    endloop
  endfacet
  facet normal 0 -1 0
    outer loop
      vertex -229 -121 -53
      vertex -228 -121 -54
      vertex -228 -121 -53
    endloop
  endfacet
  facet normal 0 -1 0
    outer loop
      vertex -229 -121 -60
      vertex -228 -121 -54
      vertex -229 -121 -53
    endloop
  endfacet
  facet normal 0 -1 0
    outer loop
      vertex -227 -121 -60
      vertex -228 -121 -54
      vertex -229 -121 -60
    endloop
  endfacet
  facet normal 0 -1 0
    outer loop
      vertex -228 -121 -54
      vertex -227 -121 -60
      vertex -227 -121 -54
    endloop
  endfacet
  facet normal 0 0 -1
    outer loop
      vertex -229 -121 -60
      vertex -227 -75 -60
      vertex -227 -121 -60
    endloop
  endfacet
  facet normal -0 0 -1
    outer loop
      vertex -227 -75 -60
      vertex -229 -121 -60
      vertex -229 -75 -60
    endloop
  endfacet
  facet normal -0.213974 -0.976839 0
    outer loop
      vertex -292 -107.2 -58.25
      vertex -229 -121 -53
      vertex -292 -107.2 -54.75
    endloop
  endfacet
  facet normal -0.213974 -0.976839 -0
    outer loop
      vertex -229 -121 -53
      vertex -292 -107.2 -58.25
      vertex -229 -121 -60
    endloop
  endfacet
  facet normal -0 0 1
    outer loop
      vertex -229 -75 -53
      vertex -228 -121 -53
      vertex -228 -75 -53
    endloop
  endfacet
  facet normal 0 0 1
    outer loop
      vertex -228 -121 -53
      vertex -229 -75 -53
      vertex -229 -121 -53
    endloop
  endfacet
  facet normal 0 1 0
    outer loop
      vertex -227 -75 -54
      vertex -227 -75 -60
      vertex -228 -75 -54
    endloop
  endfacet
  facet normal 0 1 -0
    outer loop
      vertex -228 -75 -54
      vertex -229 -75 -53
      vertex -228 -75 -53
    endloop
  endfacet
  facet normal 0 1 0
    outer loop
      vertex -229 -75 -60
      vertex -228 -75 -54
      vertex -227 -75 -60
    endloop
  endfacet
  facet normal 0 1 0
    outer loop
      vertex -228 -75 -54
      vertex -229 -75 -60
      vertex -229 -75 -53
    endloop
  endfacet
  facet normal -0.0277671 0 0.999614
    outer loop
      vertex -292 -88.8 -54.75
      vertex -229 -121 -53
      vertex -229 -75 -53
    endloop
  endfacet
  facet normal -0.0277671 0 0.999614
    outer loop
      vertex -229 -121 -53
      vertex -292 -88.8 -54.75
      vertex -292 -107.2 -54.75
    endloop
  endfacet
  facet normal -0.213974 0.976839 0
    outer loop
      vertex -229 -23 -53
      vertex -292 -36.8 -58.25
      vertex -292 -36.8 -54.75
    endloop
  endfacet
  facet normal -0.213974 0.976839 0
    outer loop
      vertex -292 -36.8 -58.25
      vertex -229 -23 -53
      vertex -229 -23 -60
    endloop
  endfacet
  facet normal 1 -0 0
    outer loop
      vertex -227 -69 -54
      vertex -227 -23 -60
      vertex -227 -23 -54
    endloop
  endfacet
  facet normal 1 0 0
    outer loop
      vertex -227 -23 -60
      vertex -227 -69 -54
      vertex -227 -69 -60
    endloop
  endfacet
  facet normal -1 0 0
    outer loop
      vertex -292 -55.2 -58.25
      vertex -292 -36.8 -54.75
      vertex -292 -36.8 -58.25
    endloop
  endfacet
  facet normal -1 -0 0
    outer loop
      vertex -292 -36.8 -54.75
      vertex -292 -55.2 -58.25
      vertex -292 -55.2 -54.75
    endloop
  endfacet
  facet normal -0.0277671 0 -0.999614
    outer loop
      vertex -292 -55.2 -58.25
      vertex -229 -23 -60
      vertex -229 -69 -60
    endloop
  endfacet
  facet normal -0.0277671 0 -0.999614
    outer loop
      vertex -229 -23 -60
      vertex -292 -55.2 -58.25
      vertex -292 -36.8 -58.25
    endloop
  endfacet
  facet normal 0 -1 0
    outer loop
      vertex -229 -69 -53
      vertex -228 -69 -54
      vertex -228 -69 -53
    endloop
  endfacet
  facet normal 0 -1 0
    outer loop
      vertex -229 -69 -60
      vertex -228 -69 -54
      vertex -229 -69 -53
    endloop
  endfacet
  facet normal 0 -1 0
    outer loop
      vertex -227 -69 -60
      vertex -228 -69 -54
      vertex -229 -69 -60
    endloop
  endfacet
  facet normal 0 -1 0
    outer loop
      vertex -228 -69 -54
      vertex -227 -69 -60
      vertex -227 -69 -54
    endloop
  endfacet
  facet normal -0.213974 -0.976839 0
    outer loop
      vertex -292 -55.2 -58.25
      vertex -229 -69 -53
      vertex -292 -55.2 -54.75
    endloop
  endfacet
  facet normal -0.213974 -0.976839 -0
    outer loop
      vertex -229 -69 -53
      vertex -292 -55.2 -58.25
      vertex -229 -69 -60
    endloop
  endfacet
  facet normal -0 0 1
    outer loop
      vertex -229 -23 -53
      vertex -228 -69 -53
      vertex -228 -23 -53
    endloop
  endfacet
  facet normal 0 0 1
    outer loop
      vertex -228 -69 -53
      vertex -229 -23 -53
      vertex -229 -69 -53
    endloop
  endfacet
  facet normal 0 1 0
    outer loop
      vertex -227 -23 -54
      vertex -227 -23 -60
      vertex -228 -23 -54
    endloop
  endfacet
  facet normal 0 1 -0
    outer loop
      vertex -228 -23 -54
      vertex -229 -23 -53
      vertex -228 -23 -53
    endloop
  endfacet
  facet normal 0 1 0
    outer loop
      vertex -229 -23 -60
      vertex -228 -23 -54
      vertex -227 -23 -60
    endloop
  endfacet
  facet normal 0 1 0
    outer loop
      vertex -228 -23 -54
      vertex -229 -23 -60
      vertex -229 -23 -53
    endloop
  endfacet
  facet normal -0.0277671 0 0.999614
    outer loop
      vertex -292 -36.8 -54.75
      vertex -229 -69 -53
      vertex -229 -23 -53
    endloop
  endfacet
  facet normal -0.0277671 0 0.999614
    outer loop
      vertex -229 -69 -53
      vertex -292 -36.8 -54.75
      vertex -292 -55.2 -54.75
    endloop
  endfacet
  facet normal 0 0 -1
    outer loop
      vertex -229 -69 -60
      vertex -227 -23 -60
      vertex -227 -69 -60
    endloop
  endfacet
  facet normal -0 0 -1
    outer loop
      vertex -227 -23 -60
      vertex -229 -69 -60
      vertex -229 -23 -60
    endloop
  endfacet
  facet normal -0.213974 0.976839 0
    outer loop
      vertex -229 29 -53
      vertex -292 15.2 -58.25
      vertex -292 15.2 -54.75
    endloop
  endfacet
  facet normal -0.213974 0.976839 0
    outer loop
      vertex -292 15.2 -58.25
      vertex -229 29 -53
      vertex -229 29 -60
    endloop
  endfacet
  facet normal 1 -0 0
    outer loop
      vertex -227 -17 -54
      vertex -227 29 -60
      vertex -227 29 -54
    endloop
  endfacet
  facet normal 1 0 0
    outer loop
      vertex -227 29 -60
      vertex -227 -17 -54
      vertex -227 -17 -60
    endloop
  endfacet
  facet normal -1 0 0
    outer loop
      vertex -292 -3.2 -58.25
      vertex -292 15.2 -54.75
      vertex -292 15.2 -58.25
    endloop
  endfacet
  facet normal -1 -0 0
    outer loop
      vertex -292 15.2 -54.75
      vertex -292 -3.2 -58.25
      vertex -292 -3.2 -54.75
    endloop
  endfacet
  facet normal -0.0277671 0 -0.999614
    outer loop
      vertex -292 -3.2 -58.25
      vertex -229 29 -60
      vertex -229 -17 -60
    endloop
  endfacet
  facet normal -0.0277671 0 -0.999614
    outer loop
      vertex -229 29 -60
      vertex -292 -3.2 -58.25
      vertex -292 15.2 -58.25
    endloop
  endfacet
  facet normal 0 -1 0
    outer loop
      vertex -229 -17 -53
      vertex -228 -17 -54
      vertex -228 -17 -53
    endloop
  endfacet
  facet normal 0 -1 0
    outer loop
      vertex -229 -17 -60
      vertex -228 -17 -54
      vertex -229 -17 -53
    endloop
  endfacet
  facet normal 0 -1 0
    outer loop
      vertex -227 -17 -60
      vertex -228 -17 -54
      vertex -229 -17 -60
    endloop
  endfacet
  facet normal 0 -1 0
    outer loop
      vertex -228 -17 -54
      vertex -227 -17 -60
      vertex -227 -17 -54
    endloop
  endfacet
  facet normal -0.213974 -0.976839 0
    outer loop
      vertex -292 -3.2 -58.25
      vertex -229 -17 -53
      vertex -292 -3.2 -54.75
    endloop
  endfacet
  facet normal -0.213974 -0.976839 -0
    outer loop
      vertex -229 -17 -53
      vertex -292 -3.2 -58.25
      vertex -229 -17 -60
    endloop
  endfacet
  facet normal -0 0 1
    outer loop
      vertex -229 29 -53
      vertex -228 -17 -53
      vertex -228 29 -53
    endloop
  endfacet
  facet normal 0 0 1
    outer loop
      vertex -228 -17 -53
      vertex -229 29 -53
      vertex -229 -17 -53
    endloop
  endfacet
  facet normal 0 1 0
    outer loop
      vertex -227 29 -54
      vertex -227 29 -60
      vertex -228 29 -54
    endloop
  endfacet
  facet normal 0 1 -0
    outer loop
      vertex -228 29 -54
      vertex -229 29 -53
      vertex -228 29 -53
    endloop
  endfacet
  facet normal 0 1 0
    outer loop
      vertex -229 29 -60
      vertex -228 29 -54
      vertex -227 29 -60
    endloop
  endfacet
  facet normal 0 1 0
    outer loop
      vertex -228 29 -54
      vertex -229 29 -60
      vertex -229 29 -53
    endloop
  endfacet
  facet normal -0.0277671 0 0.999614
    outer loop
      vertex -292 15.2 -54.75
      vertex -229 -17 -53
      vertex -229 29 -53
    endloop
  endfacet
  facet normal -0.0277671 0 0.999614
    outer loop
      vertex -229 -17 -53
      vertex -292 15.2 -54.75
      vertex -292 -3.2 -54.75
    endloop
  endfacet
  facet normal 0 0 -1
    outer loop
      vertex -229 -17 -60
      vertex -227 29 -60
      vertex -227 -17 -60
    endloop
  endfacet
  facet normal -0 0 -1
    outer loop
      vertex -227 29 -60
      vertex -229 -17 -60
      vertex -229 29 -60
    endloop
  endfacet
  facet normal -0.213974 0.976839 0
    outer loop
      vertex -229 81 -53
      vertex -292 67.2 -58.25
      vertex -292 67.2 -54.75
    endloop
  endfacet
  facet normal -0.213974 0.976839 0
    outer loop
      vertex -292 67.2 -58.25
      vertex -229 81 -53
      vertex -229 81 -60
    endloop
  endfacet
  facet normal 1 -0 0
    outer loop
      vertex -227 35 -54
      vertex -227 81 -60
      vertex -227 81 -54
    endloop
  endfacet
  facet normal 1 0 0
    outer loop
      vertex -227 81 -60
      vertex -227 35 -54
      vertex -227 35 -60
    endloop
  endfacet
  facet normal -1 0 0
    outer loop
      vertex -292 48.8 -58.25
      vertex -292 67.2 -54.75
      vertex -292 67.2 -58.25
    endloop
  endfacet
  facet normal -1 -0 0
    outer loop
      vertex -292 67.2 -54.75
      vertex -292 48.8 -58.25
      vertex -292 48.8 -54.75
    endloop
  endfacet
  facet normal -0.0277671 0 -0.999614
    outer loop
      vertex -292 48.8 -58.25
      vertex -229 81 -60
      vertex -229 35 -60
    endloop
  endfacet
  facet normal -0.0277671 0 -0.999614
    outer loop
      vertex -229 81 -60
      vertex -292 48.8 -58.25
      vertex -292 67.2 -58.25
    endloop
  endfacet
  facet normal 0 -1 0
    outer loop
      vertex -229 35 -53
      vertex -228 35 -54
      vertex -228 35 -53
    endloop
  endfacet
  facet normal 0 -1 0
    outer loop
      vertex -229 35 -60
      vertex -228 35 -54
      vertex -229 35 -53
    endloop
  endfacet
  facet normal 0 -1 0
    outer loop
      vertex -227 35 -60
      vertex -228 35 -54
      vertex -229 35 -60
    endloop
  endfacet
  facet normal 0 -1 0
    outer loop
      vertex -228 35 -54
      vertex -227 35 -60
      vertex -227 35 -54
    endloop
  endfacet
  facet normal -0.213974 -0.976839 0
    outer loop
      vertex -292 48.8 -58.25
      vertex -229 35 -53
      vertex -292 48.8 -54.75
    endloop
  endfacet
  facet normal -0.213974 -0.976839 -0
    outer loop
      vertex -229 35 -53
      vertex -292 48.8 -58.25
      vertex -229 35 -60
    endloop
  endfacet
  facet normal -0 0 1
    outer loop
      vertex -229 81 -53
      vertex -228 35 -53
      vertex -228 81 -53
    endloop
  endfacet
  facet normal 0 0 1
    outer loop
      vertex -228 35 -53
      vertex -229 81 -53
      vertex -229 35 -53
    endloop
  endfacet
  facet normal 0 1 0
    outer loop
      vertex -227 81 -54
      vertex -227 81 -60
      vertex -228 81 -54
    endloop
  endfacet
  facet normal 0 1 -0
    outer loop
      vertex -228 81 -54
      vertex -229 81 -53
      vertex -228 81 -53
    endloop
  endfacet
  facet normal 0 1 0
    outer loop
      vertex -229 81 -60
      vertex -228 81 -54
      vertex -227 81 -60
    endloop
  endfacet
  facet normal 0 1 0
    outer loop
      vertex -228 81 -54
      vertex -229 81 -60
      vertex -229 81 -53
    endloop
  endfacet
  facet normal -0.0277671 0 0.999614
    outer loop
      vertex -292 67.2 -54.75
      vertex -229 35 -53
      vertex -229 81 -53
    endloop
  endfacet
  facet normal -0.0277671 0 0.999614
    outer loop
      vertex -229 35 -53
      vertex -292 67.2 -54.75
      vertex -292 48.8 -54.75
    endloop
  endfacet
  facet normal 0 0 -1
    outer loop
      vertex -229 35 -60
      vertex -227 81 -60
      vertex -227 35 -60
    endloop
  endfacet
  facet normal -0 0 -1
    outer loop
      vertex -227 81 -60
      vertex -229 35 -60
      vertex -229 81 -60
    endloop
  endfacet
  facet normal 0.980813 0.194951 0
    outer loop
      vertex 135.949 0.783156 73
      vertex 135.796 1.55291 68
      vertex 135.796 1.55291 73
    endloop
  endfacet
  facet normal 0.980813 0.194951 0
    outer loop
      vertex 135.796 1.55291 68
      vertex 135.949 0.783156 73
      vertex 135.949 0.783156 68
    endloop
  endfacet
  facet normal 0.997886 0.0649835 0
    outer loop
      vertex 136 0 73
      vertex 135.949 0.783156 68
      vertex 135.949 0.783156 73
    endloop
  endfacet
  facet normal 0.997886 0.0649835 0
    outer loop
      vertex 135.949 0.783156 68
      vertex 136 0 73
      vertex 136 0 68
    endloop
  endfacet
  facet normal 0.94665 0.322263 0
    outer loop
      vertex 135.796 1.55291 73
      vertex 135.543 2.2961 68
      vertex 135.543 2.2961 73
    endloop
  endfacet
  facet normal 0.94665 0.322263 0
    outer loop
      vertex 135.543 2.2961 68
      vertex 135.796 1.55291 73
      vertex 135.796 1.55291 68
    endloop
  endfacet
  facet normal -0.980813 -0.194951 0
    outer loop
      vertex 124.204 -1.55291 68
      vertex 124.051 -0.783156 73
      vertex 124.051 -0.783156 68
    endloop
  endfacet
  facet normal -0.980813 -0.194951 0
    outer loop
      vertex 124.051 -0.783156 73
      vertex 124.204 -1.55291 68
      vertex 124.204 -1.55291 73
    endloop
  endfacet
  facet normal 0.997886 -0.0649835 0
    outer loop
      vertex 135.949 -0.783156 73
      vertex 136 0 68
      vertex 136 0 73
    endloop
  endfacet
  facet normal 0.997886 -0.0649835 0
    outer loop
      vertex 136 0 68
      vertex 135.949 -0.783156 73
      vertex 135.949 -0.783156 68
    endloop
  endfacet
  facet normal -0.659392 0.751799 0
    outer loop
      vertex 126.347 4.76012 68
      vertex 125.757 4.24264 73
      vertex 126.347 4.76012 73
    endloop
  endfacet
  facet normal -0.659392 0.751799 0
    outer loop
      vertex 125.757 4.24264 73
      vertex 126.347 4.76012 68
      vertex 125.757 4.24264 68
    endloop
  endfacet
  facet normal 0.442243 -0.896895 0
    outer loop
      vertex 132.296 -5.54328 68
      vertex 133 -5.19615 73
      vertex 132.296 -5.54328 73
    endloop
  endfacet
  facet normal 0.442243 -0.896895 0
    outer loop
      vertex 133 -5.19615 73
      vertex 132.296 -5.54328 68
      vertex 133 -5.19615 68
    endloop
  endfacet
  facet normal 0.896936 0.44216 0
    outer loop
      vertex 135.543 2.2961 73
      vertex 135.196 3 68
      vertex 135.196 3 73
    endloop
  endfacet
  facet normal 0.896936 0.44216 0
    outer loop
      vertex 135.196 3 68
      vertex 135.543 2.2961 73
      vertex 135.543 2.2961 68
    endloop
  endfacet
  facet normal 0.752141 0.659002 0
    outer loop
      vertex 134.76 3.65257 73
      vertex 134.243 4.24264 68
      vertex 134.243 4.24264 73
    endloop
  endfacet
  facet normal 0.752141 0.659002 0
    outer loop
      vertex 134.243 4.24264 68
      vertex 134.76 3.65257 73
      vertex 134.76 3.65257 68
    endloop
  endfacet
  facet normal 0.0654151 0.997858 -0
    outer loop
      vertex 130.783 5.94867 68
      vertex 130 6 73
      vertex 130.783 5.94867 73
    endloop
  endfacet
  facet normal 0.0654151 0.997858 0
    outer loop
      vertex 130 6 73
      vertex 130.783 5.94867 68
      vertex 130 6 68
    endloop
  endfacet
  facet normal -0.659392 -0.751799 0
    outer loop
      vertex 125.757 -4.24264 68
      vertex 126.347 -4.76012 73
      vertex 125.757 -4.24264 73
    endloop
  endfacet
  facet normal -0.659392 -0.751799 -0
    outer loop
      vertex 126.347 -4.76012 73
      vertex 125.757 -4.24264 68
      vertex 126.347 -4.76012 68
    endloop
  endfacet
  facet normal 0.94665 -0.322263 0
    outer loop
      vertex 135.543 -2.2961 73
      vertex 135.796 -1.55291 68
      vertex 135.796 -1.55291 73
    endloop
  endfacet
  facet normal 0.94665 -0.322263 0
    outer loop
      vertex 135.796 -1.55291 68
      vertex 135.543 -2.2961 73
      vertex 135.543 -2.2961 68
    endloop
  endfacet
  facet normal -0.752141 0.659002 0
    outer loop
      vertex 125.24 3.65257 68
      vertex 125.757 4.24264 73
      vertex 125.757 4.24264 68
    endloop
  endfacet
  facet normal -0.752141 0.659002 0
    outer loop
      vertex 125.757 4.24264 73
      vertex 125.24 3.65257 68
      vertex 125.24 3.65257 73
    endloop
  endfacet
  facet normal 0.831489 -0.555541 0
    outer loop
      vertex 134.76 -3.65257 73
      vertex 135.196 -3 68
      vertex 135.196 -3 73
    endloop
  endfacet
  facet normal 0.831489 -0.555541 0
    outer loop
      vertex 135.196 -3 68
      vertex 134.76 -3.65257 73
      vertex 134.76 -3.65257 68
    endloop
  endfacet
  facet normal -0.0654151 0.997858 0
    outer loop
      vertex 130 6 68
      vertex 129.217 5.94867 73
      vertex 130 6 73
    endloop
  endfacet
  facet normal -0.0654151 0.997858 0
    outer loop
      vertex 129.217 5.94867 73
      vertex 130 6 68
      vertex 129.217 5.94867 68
    endloop
  endfacet
  facet normal 0.555314 0.831641 -0
    outer loop
      vertex 133.653 4.76012 68
      vertex 133 5.19615 73
      vertex 133.653 4.76012 73
    endloop
  endfacet
  facet normal 0.555314 0.831641 0
    outer loop
      vertex 133 5.19615 73
      vertex 133.653 4.76012 68
      vertex 133 5.19615 68
    endloop
  endfacet
  facet normal -0.442243 0.896895 0
    outer loop
      vertex 127.704 5.54328 68
      vertex 127 5.19615 73
      vertex 127.704 5.54328 73
    endloop
  endfacet
  facet normal -0.442243 0.896895 0
    outer loop
      vertex 127 5.19615 73
      vertex 127.704 5.54328 68
      vertex 127 5.19615 68
    endloop
  endfacet
  facet normal 0.831489 0.555541 0
    outer loop
      vertex 135.196 3 73
      vertex 134.76 3.65257 68
      vertex 134.76 3.65257 73
    endloop
  endfacet
  facet normal 0.831489 0.555541 0
    outer loop
      vertex 134.76 3.65257 68
      vertex 135.196 3 73
      vertex 135.196 3 68
    endloop
  endfacet
  facet normal 0.321503 -0.946909 0
    outer loop
      vertex 131.553 -5.79555 68
      vertex 132.296 -5.54328 73
      vertex 131.553 -5.79555 73
    endloop
  endfacet
  facet normal 0.321503 -0.946909 0
    outer loop
      vertex 132.296 -5.54328 73
      vertex 131.553 -5.79555 68
      vertex 132.296 -5.54328 68
    endloop
  endfacet
  facet normal -0.752141 -0.659002 0
    outer loop
      vertex 125.757 -4.24264 68
      vertex 125.24 -3.65257 73
      vertex 125.24 -3.65257 68
    endloop
  endfacet
  facet normal -0.752141 -0.659002 0
    outer loop
      vertex 125.24 -3.65257 73
      vertex 125.757 -4.24264 68
      vertex 125.757 -4.24264 73
    endloop
  endfacet
  facet normal 0.659392 -0.751799 0
    outer loop
      vertex 133.653 -4.76012 68
      vertex 134.243 -4.24264 73
      vertex 133.653 -4.76012 73
    endloop
  endfacet
  facet normal 0.659392 -0.751799 0
    outer loop
      vertex 134.243 -4.24264 73
      vertex 133.653 -4.76012 68
      vertex 134.243 -4.24264 68
    endloop
  endfacet
  facet normal -0.321503 -0.946909 0
    outer loop
      vertex 127.704 -5.54328 68
      vertex 128.447 -5.79555 73
      vertex 127.704 -5.54328 73
    endloop
  endfacet
  facet normal -0.321503 -0.946909 -0
    outer loop
      vertex 128.447 -5.79555 73
      vertex 127.704 -5.54328 68
      vertex 128.447 -5.79555 68
    endloop
  endfacet
  facet normal 0.659392 0.751799 -0
    outer loop
      vertex 134.243 4.24264 68
      vertex 133.653 4.76012 73
      vertex 134.243 4.24264 73
    endloop
  endfacet
  facet normal 0.659392 0.751799 0
    outer loop
      vertex 133.653 4.76012 73
      vertex 134.243 4.24264 68
      vertex 133.653 4.76012 68
    endloop
  endfacet
  facet normal -0.555314 0.831641 0
    outer loop
      vertex 127 5.19615 68
      vertex 126.347 4.76012 73
      vertex 127 5.19615 73
    endloop
  endfacet
  facet normal -0.555314 0.831641 0
    outer loop
      vertex 126.347 4.76012 73
      vertex 127 5.19615 68
      vertex 126.347 4.76012 68
    endloop
  endfacet
  facet normal 0.442243 0.896895 -0
    outer loop
      vertex 133 5.19615 68
      vertex 132.296 5.54328 73
      vertex 133 5.19615 73
    endloop
  endfacet
  facet normal 0.442243 0.896895 0
    outer loop
      vertex 132.296 5.54328 73
      vertex 133 5.19615 68
      vertex 132.296 5.54328 68
    endloop
  endfacet
  facet normal -0.997886 -0.0649835 0
    outer loop
      vertex 124.051 -0.783156 68
      vertex 124 0 73
      vertex 124 0 68
    endloop
  endfacet
  facet normal -0.997886 -0.0649835 0
    outer loop
      vertex 124 0 73
      vertex 124.051 -0.783156 68
      vertex 124.051 -0.783156 73
    endloop
  endfacet
  facet normal -0.0654151 -0.997858 0
    outer loop
      vertex 129.217 -5.94867 68
      vertex 130 -6 73
      vertex 129.217 -5.94867 73
    endloop
  endfacet
  facet normal -0.0654151 -0.997858 -0
    outer loop
      vertex 130 -6 73
      vertex 129.217 -5.94867 68
      vertex 130 -6 68
    endloop
  endfacet
  facet normal 0.980813 -0.194951 0
    outer loop
      vertex 135.796 -1.55291 73
      vertex 135.949 -0.783156 68
      vertex 135.949 -0.783156 73
    endloop
  endfacet
  facet normal 0.980813 -0.194951 0
    outer loop
      vertex 135.949 -0.783156 68
      vertex 135.796 -1.55291 73
      vertex 135.796 -1.55291 68
    endloop
  endfacet
  facet normal 0.555314 -0.831641 0
    outer loop
      vertex 133 -5.19615 68
      vertex 133.653 -4.76012 73
      vertex 133 -5.19615 73
    endloop
  endfacet
  facet normal 0.555314 -0.831641 0
    outer loop
      vertex 133.653 -4.76012 73
      vertex 133 -5.19615 68
      vertex 133.653 -4.76012 68
    endloop
  endfacet
  facet normal 0.896936 -0.44216 0
    outer loop
      vertex 135.196 -3 73
      vertex 135.543 -2.2961 68
      vertex 135.543 -2.2961 73
    endloop
  endfacet
  facet normal 0.896936 -0.44216 0
    outer loop
      vertex 135.543 -2.2961 68
      vertex 135.196 -3 73
      vertex 135.196 -3 68
    endloop
  endfacet
  facet normal 0.195038 -0.980796 0
    outer loop
      vertex 130.783 -5.94867 68
      vertex 131.553 -5.79555 73
      vertex 130.783 -5.94867 73
    endloop
  endfacet
  facet normal 0.195038 -0.980796 0
    outer loop
      vertex 131.553 -5.79555 73
      vertex 130.783 -5.94867 68
      vertex 131.553 -5.79555 68
    endloop
  endfacet
  facet normal 0.0654151 -0.997858 0
    outer loop
      vertex 130 -6 68
      vertex 130.783 -5.94867 73
      vertex 130 -6 73
    endloop
  endfacet
  facet normal 0.0654151 -0.997858 0
    outer loop
      vertex 130.783 -5.94867 73
      vertex 130 -6 68
      vertex 130.783 -5.94867 68
    endloop
  endfacet
  facet normal 0.321503 0.946909 -0
    outer loop
      vertex 132.296 5.54328 68
      vertex 131.553 5.79555 73
      vertex 132.296 5.54328 73
    endloop
  endfacet
  facet normal 0.321503 0.946909 0
    outer loop
      vertex 131.553 5.79555 73
      vertex 132.296 5.54328 68
      vertex 131.553 5.79555 68
    endloop
  endfacet
  facet normal -0.195038 -0.980796 0
    outer loop
      vertex 128.447 -5.79555 68
      vertex 129.217 -5.94867 73
      vertex 128.447 -5.79555 73
    endloop
  endfacet
  facet normal -0.195038 -0.980796 -0
    outer loop
      vertex 129.217 -5.94867 73
      vertex 128.447 -5.79555 68
      vertex 129.217 -5.94867 68
    endloop
  endfacet
  facet normal -0.980813 0.194951 0
    outer loop
      vertex 124.051 0.783156 68
      vertex 124.204 1.55291 73
      vertex 124.204 1.55291 68
    endloop
  endfacet
  facet normal -0.980813 0.194951 0
    outer loop
      vertex 124.204 1.55291 73
      vertex 124.051 0.783156 68
      vertex 124.051 0.783156 73
    endloop
  endfacet
  facet normal -0.831489 -0.555541 0
    outer loop
      vertex 125.24 -3.65257 68
      vertex 124.804 -3 73
      vertex 124.804 -3 68
    endloop
  endfacet
  facet normal -0.831489 -0.555541 0
    outer loop
      vertex 124.804 -3 73
      vertex 125.24 -3.65257 68
      vertex 125.24 -3.65257 73
    endloop
  endfacet
  facet normal 0.195038 0.980796 -0
    outer loop
      vertex 131.553 5.79555 68
      vertex 130.783 5.94867 73
      vertex 131.553 5.79555 73
    endloop
  endfacet
  facet normal 0.195038 0.980796 0
    outer loop
      vertex 130.783 5.94867 73
      vertex 131.553 5.79555 68
      vertex 130.783 5.94867 68
    endloop
  endfacet
  facet normal -0.442243 -0.896895 0
    outer loop
      vertex 127 -5.19615 68
      vertex 127.704 -5.54328 73
      vertex 127 -5.19615 73
    endloop
  endfacet
  facet normal -0.442243 -0.896895 -0
    outer loop
      vertex 127.704 -5.54328 73
      vertex 127 -5.19615 68
      vertex 127.704 -5.54328 68
    endloop
  endfacet
  facet normal -0.896936 0.44216 0
    outer loop
      vertex 124.457 2.2961 68
      vertex 124.804 3 73
      vertex 124.804 3 68
    endloop
  endfacet
  facet normal -0.896936 0.44216 0
    outer loop
      vertex 124.804 3 73
      vertex 124.457 2.2961 68
      vertex 124.457 2.2961 73
    endloop
  endfacet
  facet normal -0.896936 -0.44216 0
    outer loop
      vertex 124.804 -3 68
      vertex 124.457 -2.2961 73
      vertex 124.457 -2.2961 68
    endloop
  endfacet
  facet normal -0.896936 -0.44216 0
    outer loop
      vertex 124.457 -2.2961 73
      vertex 124.804 -3 68
      vertex 124.804 -3 73
    endloop
  endfacet
  facet normal -0.997886 0.0649835 0
    outer loop
      vertex 124 0 68
      vertex 124.051 0.783156 73
      vertex 124.051 0.783156 68
    endloop
  endfacet
  facet normal -0.997886 0.0649835 0
    outer loop
      vertex 124.051 0.783156 73
      vertex 124 0 68
      vertex 124 0 73
    endloop
  endfacet
  facet normal -0.195038 0.980796 0
    outer loop
      vertex 129.217 5.94867 68
      vertex 128.447 5.79555 73
      vertex 129.217 5.94867 73
    endloop
  endfacet
  facet normal -0.195038 0.980796 0
    outer loop
      vertex 128.447 5.79555 73
      vertex 129.217 5.94867 68
      vertex 128.447 5.79555 68
    endloop
  endfacet
  facet normal 0.752141 -0.659002 0
    outer loop
      vertex 134.243 -4.24264 73
      vertex 134.76 -3.65257 68
      vertex 134.76 -3.65257 73
    endloop
  endfacet
  facet normal 0.752141 -0.659002 0
    outer loop
      vertex 134.76 -3.65257 68
      vertex 134.243 -4.24264 73
      vertex 134.243 -4.24264 68
    endloop
  endfacet
  facet normal -0.321503 0.946909 0
    outer loop
      vertex 128.447 5.79555 68
      vertex 127.704 5.54328 73
      vertex 128.447 5.79555 73
    endloop
  endfacet
  facet normal -0.321503 0.946909 0
    outer loop
      vertex 127.704 5.54328 73
      vertex 128.447 5.79555 68
      vertex 127.704 5.54328 68
    endloop
  endfacet
  facet normal -0.94665 -0.322263 0
    outer loop
      vertex 124.457 -2.2961 68
      vertex 124.204 -1.55291 73
      vertex 124.204 -1.55291 68
    endloop
  endfacet
  facet normal -0.94665 -0.322263 0
    outer loop
      vertex 124.204 -1.55291 73
      vertex 124.457 -2.2961 68
      vertex 124.457 -2.2961 73
    endloop
  endfacet
  facet normal -0.831489 0.555541 0
    outer loop
      vertex 124.804 3 68
      vertex 125.24 3.65257 73
      vertex 125.24 3.65257 68
    endloop
  endfacet
  facet normal -0.831489 0.555541 0
    outer loop
      vertex 125.24 3.65257 73
      vertex 124.804 3 68
      vertex 124.804 3 73
    endloop
  endfacet
  facet normal -0.555314 -0.831641 0
    outer loop
      vertex 126.347 -4.76012 68
      vertex 127 -5.19615 73
      vertex 126.347 -4.76012 73
    endloop
  endfacet
  facet normal -0.555314 -0.831641 -0
    outer loop
      vertex 127 -5.19615 73
      vertex 126.347 -4.76012 68
      vertex 127 -5.19615 68
    endloop
  endfacet
  facet normal -0.94665 0.322263 0
    outer loop
      vertex 124.204 1.55291 68
      vertex 124.457 2.2961 73
      vertex 124.457 2.2961 68
    endloop
  endfacet
  facet normal -0.94665 0.322263 0
    outer loop
      vertex 124.457 2.2961 73
      vertex 124.204 1.55291 68
      vertex 124.204 1.55291 73
    endloop
  endfacet
  facet normal 0 0 1
    outer loop
      vertex 135.949 0.783156 73
      vertex 135.949 -0.783156 73
      vertex 136 0 73
    endloop
  endfacet
  facet normal 0 0 1
    outer loop
      vertex 135.796 1.55291 73
      vertex 135.949 -0.783156 73
      vertex 135.949 0.783156 73
    endloop
  endfacet
  facet normal 0 0 1
    outer loop
      vertex 135.796 1.55291 73
      vertex 135.796 -1.55291 73
      vertex 135.949 -0.783156 73
    endloop
  endfacet
  facet normal 0 0 1
    outer loop
      vertex 135.543 2.2961 73
      vertex 135.796 -1.55291 73
      vertex 135.796 1.55291 73
    endloop
  endfacet
  facet normal 0 0 1
    outer loop
      vertex 135.543 2.2961 73
      vertex 135.543 -2.2961 73
      vertex 135.796 -1.55291 73
    endloop
  endfacet
  facet normal 0 0 1
    outer loop
      vertex 135.196 3 73
      vertex 135.543 -2.2961 73
      vertex 135.543 2.2961 73
    endloop
  endfacet
  facet normal 0 0 1
    outer loop
      vertex 135.196 3 73
      vertex 135.196 -3 73
      vertex 135.543 -2.2961 73
    endloop
  endfacet
  facet normal 0 0 1
    outer loop
      vertex 134.76 3.65257 73
      vertex 135.196 -3 73
      vertex 135.196 3 73
    endloop
  endfacet
  facet normal 0 0 1
    outer loop
      vertex 134.76 3.65257 73
      vertex 134.76 -3.65257 73
      vertex 135.196 -3 73
    endloop
  endfacet
  facet normal 0 0 1
    outer loop
      vertex 134.243 4.24264 73
      vertex 134.76 -3.65257 73
      vertex 134.76 3.65257 73
    endloop
  endfacet
  facet normal 0 0 1
    outer loop
      vertex 134.243 4.24264 73
      vertex 134.243 -4.24264 73
      vertex 134.76 -3.65257 73
    endloop
  endfacet
  facet normal 0 0 1
    outer loop
      vertex 133.653 4.76012 73
      vertex 134.243 -4.24264 73
      vertex 134.243 4.24264 73
    endloop
  endfacet
  facet normal 0 0 1
    outer loop
      vertex 133.653 4.76012 73
      vertex 133.653 -4.76012 73
      vertex 134.243 -4.24264 73
    endloop
  endfacet
  facet normal 0 0 1
    outer loop
      vertex 133 5.19615 73
      vertex 133.653 -4.76012 73
      vertex 133.653 4.76012 73
    endloop
  endfacet
  facet normal 0 0 1
    outer loop
      vertex 133 5.19615 73
      vertex 133 -5.19615 73
      vertex 133.653 -4.76012 73
    endloop
  endfacet
  facet normal 0 0 1
    outer loop
      vertex 132.296 5.54328 73
      vertex 133 -5.19615 73
      vertex 133 5.19615 73
    endloop
  endfacet
  facet normal 0 0 1
    outer loop
      vertex 132.296 5.54328 73
      vertex 132.296 -5.54328 73
      vertex 133 -5.19615 73
    endloop
  endfacet
  facet normal 0 0 1
    outer loop
      vertex 131.553 5.79555 73
      vertex 132.296 -5.54328 73
      vertex 132.296 5.54328 73
    endloop
  endfacet
  facet normal 0 0 1
    outer loop
      vertex 131.553 5.79555 73
      vertex 131.553 -5.79555 73
      vertex 132.296 -5.54328 73
    endloop
  endfacet
  facet normal 0 0 1
    outer loop
      vertex 130.783 5.94867 73
      vertex 131.553 -5.79555 73
      vertex 131.553 5.79555 73
    endloop
  endfacet
  facet normal 0 0 1
    outer loop
      vertex 130.783 5.94867 73
      vertex 130.783 -5.94867 73
      vertex 131.553 -5.79555 73
    endloop
  endfacet
  facet normal 0 0 1
    outer loop
      vertex 130 6 73
      vertex 130.783 -5.94867 73
      vertex 130.783 5.94867 73
    endloop
  endfacet
  facet normal 0 0 1
    outer loop
      vertex 130 6 73
      vertex 130 -6 73
      vertex 130.783 -5.94867 73
    endloop
  endfacet
  facet normal -0 0 1
    outer loop
      vertex 129.217 5.94867 73
      vertex 130 -6 73
      vertex 130 6 73
    endloop
  endfacet
  facet normal 0 0 1
    outer loop
      vertex 129.217 5.94867 73
      vertex 129.217 -5.94867 73
      vertex 130 -6 73
    endloop
  endfacet
  facet normal -0 0 1
    outer loop
      vertex 128.447 5.79555 73
      vertex 129.217 -5.94867 73
      vertex 129.217 5.94867 73
    endloop
  endfacet
  facet normal 0 0 1
    outer loop
      vertex 128.447 5.79555 73
      vertex 128.447 -5.79555 73
      vertex 129.217 -5.94867 73
    endloop
  endfacet
  facet normal -0 0 1
    outer loop
      vertex 127.704 5.54328 73
      vertex 128.447 -5.79555 73
      vertex 128.447 5.79555 73
    endloop
  endfacet
  facet normal 0 0 1
    outer loop
      vertex 127.704 5.54328 73
      vertex 127.704 -5.54328 73
      vertex 128.447 -5.79555 73
    endloop
  endfacet
  facet normal -0 0 1
    outer loop
      vertex 127 5.19615 73
      vertex 127.704 -5.54328 73
      vertex 127.704 5.54328 73
    endloop
  endfacet
  facet normal 0 0 1
    outer loop
      vertex 127 5.19615 73
      vertex 127 -5.19615 73
      vertex 127.704 -5.54328 73
    endloop
  endfacet
  facet normal -0 0 1
    outer loop
      vertex 126.347 4.76012 73
      vertex 127 -5.19615 73
      vertex 127 5.19615 73
    endloop
  endfacet
  facet normal 0 0 1
    outer loop
      vertex 126.347 4.76012 73
      vertex 126.347 -4.76012 73
      vertex 127 -5.19615 73
    endloop
  endfacet
  facet normal -0 0 1
    outer loop
      vertex 125.757 4.24264 73
      vertex 126.347 -4.76012 73
      vertex 126.347 4.76012 73
    endloop
  endfacet
  facet normal 0 0 1
    outer loop
      vertex 125.757 4.24264 73
      vertex 125.757 -4.24264 73
      vertex 126.347 -4.76012 73
    endloop
  endfacet
  facet normal -0 0 1
    outer loop
      vertex 125.24 3.65257 73
      vertex 125.757 -4.24264 73
      vertex 125.757 4.24264 73
    endloop
  endfacet
  facet normal 0 0 1
    outer loop
      vertex 125.24 3.65257 73
      vertex 125.24 -3.65257 73
      vertex 125.757 -4.24264 73
    endloop
  endfacet
  facet normal -0 0 1
    outer loop
      vertex 124.804 3 73
      vertex 125.24 -3.65257 73
      vertex 125.24 3.65257 73
    endloop
  endfacet
  facet normal 0 0 1
    outer loop
      vertex 124.804 3 73
      vertex 124.804 -3 73
      vertex 125.24 -3.65257 73
    endloop
  endfacet
  facet normal -0 0 1
    outer loop
      vertex 124.457 2.2961 73
      vertex 124.804 -3 73
      vertex 124.804 3 73
    endloop
  endfacet
  facet normal 0 0 1
    outer loop
      vertex 124.457 2.2961 73
      vertex 124.457 -2.2961 73
      vertex 124.804 -3 73
    endloop
  endfacet
  facet normal -0 0 1
    outer loop
      vertex 124.204 1.55291 73
      vertex 124.457 -2.2961 73
      vertex 124.457 2.2961 73
    endloop
  endfacet
  facet normal 0 0 1
    outer loop
      vertex 124.204 1.55291 73
      vertex 124.204 -1.55291 73
      vertex 124.457 -2.2961 73
    endloop
  endfacet
  facet normal -0 0 1
    outer loop
      vertex 124.051 0.783156 73
      vertex 124.204 -1.55291 73
      vertex 124.204 1.55291 73
    endloop
  endfacet
  facet normal 0 0 1
    outer loop
      vertex 124.051 0.783156 73
      vertex 124.051 -0.783156 73
      vertex 124.204 -1.55291 73
    endloop
  endfacet
  facet normal 0 -0 1
    outer loop
      vertex 124.051 -0.783156 73
      vertex 124.051 0.783156 73
      vertex 124 0 73
    endloop
  endfacet
  facet normal 0.980789 0.195074 0
    outer loop
      vertex 95.9487 0.783156 73
      vertex 95.7956 1.55291 68
      vertex 95.7956 1.55291 73
    endloop
  endfacet
  facet normal 0.980789 0.195074 0
    outer loop
      vertex 95.7956 1.55291 68
      vertex 95.9487 0.783156 73
      vertex 95.9487 0.783156 68
    endloop
  endfacet
  facet normal 0.997861 0.0653641 0
    outer loop
      vertex 96 0 73
      vertex 95.9487 0.783156 68
      vertex 95.9487 0.783156 73
    endloop
  endfacet
  facet normal 0.997861 0.0653641 0
    outer loop
      vertex 95.9487 0.783156 68
      vertex 96 0 73
      vertex 96 0 68
    endloop
  endfacet
  facet normal 0.946922 0.321463 0
    outer loop
      vertex 95.7956 1.55291 73
      vertex 95.5433 2.2961 68
      vertex 95.5433 2.2961 73
    endloop
  endfacet
  facet normal 0.946922 0.321463 0
    outer loop
      vertex 95.5433 2.2961 68
      vertex 95.7956 1.55291 73
      vertex 95.7956 1.55291 68
    endloop
  endfacet
  facet normal -0.980789 -0.195074 0
    outer loop
      vertex 84.2044 -1.55291 68
      vertex 84.0513 -0.783156 73
      vertex 84.0513 -0.783156 68
    endloop
  endfacet
  facet normal -0.980789 -0.195074 0
    outer loop
      vertex 84.0513 -0.783156 73
      vertex 84.2044 -1.55291 68
      vertex 84.2044 -1.55291 73
    endloop
  endfacet
  facet normal 0.997861 -0.0653641 0
    outer loop
      vertex 95.9487 -0.783156 73
      vertex 96 0 68
      vertex 96 0 73
    endloop
  endfacet
  facet normal 0.997861 -0.0653641 0
    outer loop
      vertex 96 0 68
      vertex 95.9487 -0.783156 73
      vertex 95.9487 -0.783156 68
    endloop
  endfacet
  facet normal -0.659392 0.751799 0
    outer loop
      vertex 86.3474 4.76012 68
      vertex 85.7574 4.24264 73
      vertex 86.3474 4.76012 73
    endloop
  endfacet
  facet normal -0.659392 0.751799 0
    outer loop
      vertex 85.7574 4.24264 73
      vertex 86.3474 4.76012 68
      vertex 85.7574 4.24264 68
    endloop
  endfacet
  facet normal 0.442294 -0.89687 0
    outer loop
      vertex 92.2961 -5.54328 68
      vertex 93 -5.19615 73
      vertex 92.2961 -5.54328 73
    endloop
  endfacet
  facet normal 0.442294 -0.89687 0
    outer loop
      vertex 93 -5.19615 73
      vertex 92.2961 -5.54328 68
      vertex 93 -5.19615 68
    endloop
  endfacet
  facet normal 0.896885 0.442263 0
    outer loop
      vertex 95.5433 2.2961 73
      vertex 95.1962 3 68
      vertex 95.1962 3 73
    endloop
  endfacet
  facet normal 0.896885 0.442263 0
    outer loop
      vertex 95.1962 3 68
      vertex 95.5433 2.2961 73
      vertex 95.5433 2.2961 68
    endloop
  endfacet
  facet normal 0.751826 0.659362 0
    outer loop
      vertex 94.7601 3.65257 73
      vertex 94.2426 4.24264 68
      vertex 94.2426 4.24264 73
    endloop
  endfacet
  facet normal 0.751826 0.659362 0
    outer loop
      vertex 94.2426 4.24264 68
      vertex 94.7601 3.65257 73
      vertex 94.7601 3.65257 68
    endloop
  endfacet
  facet normal 0.0653985 0.997859 -0
    outer loop
      vertex 90.7832 5.94867 68
      vertex 90 6 73
      vertex 90.7832 5.94867 73
    endloop
  endfacet
  facet normal 0.0653985 0.997859 0
    outer loop
      vertex 90 6 73
      vertex 90.7832 5.94867 68
      vertex 90 6 68
    endloop
  endfacet
  facet normal -0.659392 -0.751799 0
    outer loop
      vertex 85.7574 -4.24264 68
      vertex 86.3474 -4.76012 73
      vertex 85.7574 -4.24264 73
    endloop
  endfacet
  facet normal -0.659392 -0.751799 -0
    outer loop
      vertex 86.3474 -4.76012 73
      vertex 85.7574 -4.24264 68
      vertex 86.3474 -4.76012 68
    endloop
  endfacet
  facet normal 0.946922 -0.321463 0
    outer loop
      vertex 95.5433 -2.2961 73
      vertex 95.7956 -1.55291 68
      vertex 95.7956 -1.55291 73
    endloop
  endfacet
  facet normal 0.946922 -0.321463 0
    outer loop
      vertex 95.7956 -1.55291 68
      vertex 95.5433 -2.2961 73
      vertex 95.5433 -2.2961 68
    endloop
  endfacet
  facet normal -0.751826 0.659362 0
    outer loop
      vertex 85.2399 3.65257 68
      vertex 85.7574 4.24264 73
      vertex 85.7574 4.24264 68
    endloop
  endfacet
  facet normal -0.751826 0.659362 0
    outer loop
      vertex 85.7574 4.24264 73
      vertex 85.2399 3.65257 68
      vertex 85.2399 3.65257 73
    endloop
  endfacet
  facet normal 0.83143 -0.555629 0
    outer loop
      vertex 94.7601 -3.65257 73
      vertex 95.1962 -3 68
      vertex 95.1962 -3 73
    endloop
  endfacet
  facet normal 0.83143 -0.555629 0
    outer loop
      vertex 95.1962 -3 68
      vertex 94.7601 -3.65257 73
      vertex 94.7601 -3.65257 68
    endloop
  endfacet
  facet normal -0.0653985 0.997859 0
    outer loop
      vertex 90 6 68
      vertex 89.2168 5.94867 73
      vertex 90 6 73
    endloop
  endfacet
  facet normal -0.0653985 0.997859 0
    outer loop
      vertex 89.2168 5.94867 73
      vertex 90 6 68
      vertex 89.2168 5.94867 68
    endloop
  endfacet
  facet normal 0.55555 0.831483 -0
    outer loop
      vertex 93.6526 4.76012 68
      vertex 93 5.19615 73
      vertex 93.6526 4.76012 73
    endloop
  endfacet
  facet normal 0.55555 0.831483 0
    outer loop
      vertex 93 5.19615 73
      vertex 93.6526 4.76012 68
      vertex 93 5.19615 68
    endloop
  endfacet
  facet normal -0.442294 0.89687 0
    outer loop
      vertex 87.7039 5.54328 68
      vertex 87 5.19615 73
      vertex 87.7039 5.54328 73
    endloop
  endfacet
  facet normal -0.442294 0.89687 0
    outer loop
      vertex 87 5.19615 73
      vertex 87.7039 5.54328 68
      vertex 87 5.19615 68
    endloop
  endfacet
  facet normal 0.83143 0.555629 0
    outer loop
      vertex 95.1962 3 73
      vertex 94.7601 3.65257 68
      vertex 94.7601 3.65257 73
    endloop
  endfacet
  facet normal 0.83143 0.555629 0
    outer loop
      vertex 94.7601 3.65257 68
      vertex 95.1962 3 73
      vertex 95.1962 3 68
    endloop
  endfacet
  facet normal 0.321425 -0.946935 0
    outer loop
      vertex 91.5529 -5.79555 68
      vertex 92.2961 -5.54328 73
      vertex 91.5529 -5.79555 73
    endloop
  endfacet
  facet normal 0.321425 -0.946935 0
    outer loop
      vertex 92.2961 -5.54328 73
      vertex 91.5529 -5.79555 68
      vertex 92.2961 -5.54328 68
    endloop
  endfacet
  facet normal -0.751826 -0.659362 0
    outer loop
      vertex 85.7574 -4.24264 68
      vertex 85.2399 -3.65257 73
      vertex 85.2399 -3.65257 68
    endloop
  endfacet
  facet normal -0.751826 -0.659362 0
    outer loop
      vertex 85.2399 -3.65257 73
      vertex 85.7574 -4.24264 68
      vertex 85.7574 -4.24264 73
    endloop
  endfacet
  facet normal 0.659392 -0.751799 0
    outer loop
      vertex 93.6526 -4.76012 68
      vertex 94.2426 -4.24264 73
      vertex 93.6526 -4.76012 73
    endloop
  endfacet
  facet normal 0.659392 -0.751799 0
    outer loop
      vertex 94.2426 -4.24264 73
      vertex 93.6526 -4.76012 68
      vertex 94.2426 -4.24264 68
    endloop
  endfacet
  facet normal -0.321425 -0.946935 0
    outer loop
      vertex 87.7039 -5.54328 68
      vertex 88.4471 -5.79555 73
      vertex 87.7039 -5.54328 73
    endloop
  endfacet
  facet normal -0.321425 -0.946935 -0
    outer loop
      vertex 88.4471 -5.79555 73
      vertex 87.7039 -5.54328 68
      vertex 88.4471 -5.79555 68
    endloop
  endfacet
  facet normal 0.659392 0.751799 -0
    outer loop
      vertex 94.2426 4.24264 68
      vertex 93.6526 4.76012 73
      vertex 94.2426 4.24264 73
    endloop
  endfacet
  facet normal 0.659392 0.751799 0
    outer loop
      vertex 93.6526 4.76012 73
      vertex 94.2426 4.24264 68
      vertex 93.6526 4.76012 68
    endloop
  endfacet
  facet normal -0.55555 0.831483 0
    outer loop
      vertex 87 5.19615 68
      vertex 86.3474 4.76012 73
      vertex 87 5.19615 73
    endloop
  endfacet
  facet normal -0.55555 0.831483 0
    outer loop
      vertex 86.3474 4.76012 73
      vertex 87 5.19615 68
      vertex 86.3474 4.76012 68
    endloop
  endfacet
  facet normal 0.980789 -0.195074 0
    outer loop
      vertex 95.7956 -1.55291 73
      vertex 95.9487 -0.783156 68
      vertex 95.9487 -0.783156 73
    endloop
  endfacet
  facet normal 0.980789 -0.195074 0
    outer loop
      vertex 95.9487 -0.783156 68
      vertex 95.7956 -1.55291 73
      vertex 95.7956 -1.55291 68
    endloop
  endfacet
  facet normal 0.442294 0.89687 -0
    outer loop
      vertex 93 5.19615 68
      vertex 92.2961 5.54328 73
      vertex 93 5.19615 73
    endloop
  endfacet
  facet normal 0.442294 0.89687 0
    outer loop
      vertex 92.2961 5.54328 73
      vertex 93 5.19615 68
      vertex 92.2961 5.54328 68
    endloop
  endfacet
  facet normal -0.997861 -0.0653641 0
    outer loop
      vertex 84.0513 -0.783156 68
      vertex 84 0 73
      vertex 84 0 68
    endloop
  endfacet
  facet normal -0.997861 -0.0653641 0
    outer loop
      vertex 84 0 73
      vertex 84.0513 -0.783156 68
      vertex 84.0513 -0.783156 73
    endloop
  endfacet
  facet normal -0.0653985 -0.997859 0
    outer loop
      vertex 89.2168 -5.94867 68
      vertex 90 -6 73
      vertex 89.2168 -5.94867 73
    endloop
  endfacet
  facet normal -0.0653985 -0.997859 -0
    outer loop
      vertex 90 -6 73
      vertex 89.2168 -5.94867 68
      vertex 90 -6 68
    endloop
  endfacet
  facet normal -0.83143 -0.555629 0
    outer loop
      vertex 85.2399 -3.65257 68
      vertex 84.8038 -3 73
      vertex 84.8038 -3 68
    endloop
  endfacet
  facet normal -0.83143 -0.555629 0
    outer loop
      vertex 84.8038 -3 73
      vertex 85.2399 -3.65257 68
      vertex 85.2399 -3.65257 73
    endloop
  endfacet
  facet normal 0.55555 -0.831483 0
    outer loop
      vertex 93 -5.19615 68
      vertex 93.6526 -4.76012 73
      vertex 93 -5.19615 73
    endloop
  endfacet
  facet normal 0.55555 -0.831483 0
    outer loop
      vertex 93.6526 -4.76012 73
      vertex 93 -5.19615 68
      vertex 93.6526 -4.76012 68
    endloop
  endfacet
  facet normal 0.896885 -0.442263 0
    outer loop
      vertex 95.1962 -3 73
      vertex 95.5433 -2.2961 68
      vertex 95.5433 -2.2961 73
    endloop
  endfacet
  facet normal 0.896885 -0.442263 0
    outer loop
      vertex 95.5433 -2.2961 68
      vertex 95.1962 -3 73
      vertex 95.1962 -3 68
    endloop
  endfacet
  facet normal 0.195111 -0.980781 0
    outer loop
      vertex 90.7832 -5.94867 68
      vertex 91.5529 -5.79555 73
      vertex 90.7832 -5.94867 73
    endloop
  endfacet
  facet normal 0.195111 -0.980781 0
    outer loop
      vertex 91.5529 -5.79555 73
      vertex 90.7832 -5.94867 68
      vertex 91.5529 -5.79555 68
    endloop
  endfacet
  facet normal 0.0653985 -0.997859 0
    outer loop
      vertex 90 -6 68
      vertex 90.7832 -5.94867 73
      vertex 90 -6 73
    endloop
  endfacet
  facet normal 0.0653985 -0.997859 0
    outer loop
      vertex 90.7832 -5.94867 73
      vertex 90 -6 68
      vertex 90.7832 -5.94867 68
    endloop
  endfacet
  facet normal 0.321425 0.946935 -0
    outer loop
      vertex 92.2961 5.54328 68
      vertex 91.5529 5.79555 73
      vertex 92.2961 5.54328 73
    endloop
  endfacet
  facet normal 0.321425 0.946935 0
    outer loop
      vertex 91.5529 5.79555 73
      vertex 92.2961 5.54328 68
      vertex 91.5529 5.79555 68
    endloop
  endfacet
  facet normal -0.195111 -0.980781 0
    outer loop
      vertex 88.4471 -5.79555 68
      vertex 89.2168 -5.94867 73
      vertex 88.4471 -5.79555 73
    endloop
  endfacet
  facet normal -0.195111 -0.980781 -0
    outer loop
      vertex 89.2168 -5.94867 73
      vertex 88.4471 -5.79555 68
      vertex 89.2168 -5.94867 68
    endloop
  endfacet
  facet normal -0.980789 0.195074 0
    outer loop
      vertex 84.0513 0.783156 68
      vertex 84.2044 1.55291 73
      vertex 84.2044 1.55291 68
    endloop
  endfacet
  facet normal -0.980789 0.195074 0
    outer loop
      vertex 84.2044 1.55291 73
      vertex 84.0513 0.783156 68
      vertex 84.0513 0.783156 73
    endloop
  endfacet
  facet normal 0.195111 0.980781 -0
    outer loop
      vertex 91.5529 5.79555 68
      vertex 90.7832 5.94867 73
      vertex 91.5529 5.79555 73
    endloop
  endfacet
  facet normal 0.195111 0.980781 0
    outer loop
      vertex 90.7832 5.94867 73
      vertex 91.5529 5.79555 68
      vertex 90.7832 5.94867 68
    endloop
  endfacet
  facet normal -0.442294 -0.89687 0
    outer loop
      vertex 87 -5.19615 68
      vertex 87.7039 -5.54328 73
      vertex 87 -5.19615 73
    endloop
  endfacet
  facet normal -0.442294 -0.89687 -0
    outer loop
      vertex 87.7039 -5.54328 73
      vertex 87 -5.19615 68
      vertex 87.7039 -5.54328 68
    endloop
  endfacet
  facet normal -0.896885 0.442263 0
    outer loop
      vertex 84.4567 2.2961 68
      vertex 84.8038 3 73
      vertex 84.8038 3 68
    endloop
  endfacet
  facet normal -0.896885 0.442263 0
    outer loop
      vertex 84.8038 3 73
      vertex 84.4567 2.2961 68
      vertex 84.4567 2.2961 73
    endloop
  endfacet
  facet normal -0.896885 -0.442263 0
    outer loop
      vertex 84.8038 -3 68
      vertex 84.4567 -2.2961 73
      vertex 84.4567 -2.2961 68
    endloop
  endfacet
  facet normal -0.896885 -0.442263 0
    outer loop
      vertex 84.4567 -2.2961 73
      vertex 84.8038 -3 68
      vertex 84.8038 -3 73
    endloop
  endfacet
  facet normal -0.997861 0.0653641 0
    outer loop
      vertex 84 0 68
      vertex 84.0513 0.783156 73
      vertex 84.0513 0.783156 68
    endloop
  endfacet
  facet normal -0.997861 0.0653641 0
    outer loop
      vertex 84.0513 0.783156 73
      vertex 84 0 68
      vertex 84 0 73
    endloop
  endfacet
  facet normal -0.195111 0.980781 0
    outer loop
      vertex 89.2168 5.94867 68
      vertex 88.4471 5.79555 73
      vertex 89.2168 5.94867 73
    endloop
  endfacet
  facet normal -0.195111 0.980781 0
    outer loop
      vertex 88.4471 5.79555 73
      vertex 89.2168 5.94867 68
      vertex 88.4471 5.79555 68
    endloop
  endfacet
  facet normal 0.751826 -0.659362 0
    outer loop
      vertex 94.2426 -4.24264 73
      vertex 94.7601 -3.65257 68
      vertex 94.7601 -3.65257 73
    endloop
  endfacet
  facet normal 0.751826 -0.659362 0
    outer loop
      vertex 94.7601 -3.65257 68
      vertex 94.2426 -4.24264 73
      vertex 94.2426 -4.24264 68
    endloop
  endfacet
  facet normal -0.321425 0.946935 0
    outer loop
      vertex 88.4471 5.79555 68
      vertex 87.7039 5.54328 73
      vertex 88.4471 5.79555 73
    endloop
  endfacet
  facet normal -0.321425 0.946935 0
    outer loop
      vertex 87.7039 5.54328 73
      vertex 88.4471 5.79555 68
      vertex 87.7039 5.54328 68
    endloop
  endfacet
  facet normal -0.946922 -0.321463 0
    outer loop
      vertex 84.4567 -2.2961 68
      vertex 84.2044 -1.55291 73
      vertex 84.2044 -1.55291 68
    endloop
  endfacet
  facet normal -0.946922 -0.321463 0
    outer loop
      vertex 84.2044 -1.55291 73
      vertex 84.4567 -2.2961 68
      vertex 84.4567 -2.2961 73
    endloop
  endfacet
  facet normal -0.83143 0.555629 0
    outer loop
      vertex 84.8038 3 68
      vertex 85.2399 3.65257 73
      vertex 85.2399 3.65257 68
    endloop
  endfacet
  facet normal -0.83143 0.555629 0
    outer loop
      vertex 85.2399 3.65257 73
      vertex 84.8038 3 68
      vertex 84.8038 3 73
    endloop
  endfacet
  facet normal -0.55555 -0.831483 0
    outer loop
      vertex 86.3474 -4.76012 68
      vertex 87 -5.19615 73
      vertex 86.3474 -4.76012 73
    endloop
  endfacet
  facet normal -0.55555 -0.831483 -0
    outer loop
      vertex 87 -5.19615 73
      vertex 86.3474 -4.76012 68
      vertex 87 -5.19615 68
    endloop
  endfacet
  facet normal -0.946922 0.321463 0
    outer loop
      vertex 84.2044 1.55291 68
      vertex 84.4567 2.2961 73
      vertex 84.4567 2.2961 68
    endloop
  endfacet
  facet normal -0.946922 0.321463 0
    outer loop
      vertex 84.4567 2.2961 73
      vertex 84.2044 1.55291 68
      vertex 84.2044 1.55291 73
    endloop
  endfacet
  facet normal 0 0 1
    outer loop
      vertex 95.9487 0.783156 73
      vertex 95.9487 -0.783156 73
      vertex 96 0 73
    endloop
  endfacet
  facet normal 0 0 1
    outer loop
      vertex 95.7956 1.55291 73
      vertex 95.9487 -0.783156 73
      vertex 95.9487 0.783156 73
    endloop
  endfacet
  facet normal 0 0 1
    outer loop
      vertex 95.7956 1.55291 73
      vertex 95.7956 -1.55291 73
      vertex 95.9487 -0.783156 73
    endloop
  endfacet
  facet normal 0 0 1
    outer loop
      vertex 95.5433 2.2961 73
      vertex 95.7956 -1.55291 73
      vertex 95.7956 1.55291 73
    endloop
  endfacet
  facet normal 0 0 1
    outer loop
      vertex 95.5433 2.2961 73
      vertex 95.5433 -2.2961 73
      vertex 95.7956 -1.55291 73
    endloop
  endfacet
  facet normal 0 0 1
    outer loop
      vertex 95.1962 3 73
      vertex 95.5433 -2.2961 73
      vertex 95.5433 2.2961 73
    endloop
  endfacet
  facet normal 0 0 1
    outer loop
      vertex 95.1962 3 73
      vertex 95.1962 -3 73
      vertex 95.5433 -2.2961 73
    endloop
  endfacet
  facet normal 0 0 1
    outer loop
      vertex 94.7601 3.65257 73
      vertex 95.1962 -3 73
      vertex 95.1962 3 73
    endloop
  endfacet
  facet normal 0 0 1
    outer loop
      vertex 94.7601 3.65257 73
      vertex 94.7601 -3.65257 73
      vertex 95.1962 -3 73
    endloop
  endfacet
  facet normal 0 0 1
    outer loop
      vertex 94.2426 4.24264 73
      vertex 94.7601 -3.65257 73
      vertex 94.7601 3.65257 73
    endloop
  endfacet
  facet normal 0 0 1
    outer loop
      vertex 94.2426 4.24264 73
      vertex 94.2426 -4.24264 73
      vertex 94.7601 -3.65257 73
    endloop
  endfacet
  facet normal 0 0 1
    outer loop
      vertex 93.6526 4.76012 73
      vertex 94.2426 -4.24264 73
      vertex 94.2426 4.24264 73
    endloop
  endfacet
  facet normal 0 0 1
    outer loop
      vertex 93.6526 4.76012 73
      vertex 93.6526 -4.76012 73
      vertex 94.2426 -4.24264 73
    endloop
  endfacet
  facet normal 0 0 1
    outer loop
      vertex 93 5.19615 73
      vertex 93.6526 -4.76012 73
      vertex 93.6526 4.76012 73
    endloop
  endfacet
  facet normal 0 0 1
    outer loop
      vertex 93 5.19615 73
      vertex 93 -5.19615 73
      vertex 93.6526 -4.76012 73
    endloop
  endfacet
  facet normal 0 0 1
    outer loop
      vertex 92.2961 5.54328 73
      vertex 93 -5.19615 73
      vertex 93 5.19615 73
    endloop
  endfacet
  facet normal 0 0 1
    outer loop
      vertex 92.2961 5.54328 73
      vertex 92.2961 -5.54328 73
      vertex 93 -5.19615 73
    endloop
  endfacet
  facet normal 0 0 1
    outer loop
      vertex 91.5529 5.79555 73
      vertex 92.2961 -5.54328 73
      vertex 92.2961 5.54328 73
    endloop
  endfacet
  facet normal 0 0 1
    outer loop
      vertex 91.5529 5.79555 73
      vertex 91.5529 -5.79555 73
      vertex 92.2961 -5.54328 73
    endloop
  endfacet
  facet normal 0 0 1
    outer loop
      vertex 90.7832 5.94867 73
      vertex 91.5529 -5.79555 73
      vertex 91.5529 5.79555 73
    endloop
  endfacet
  facet normal 0 0 1
    outer loop
      vertex 90.7832 5.94867 73
      vertex 90.7832 -5.94867 73
      vertex 91.5529 -5.79555 73
    endloop
  endfacet
  facet normal 0 0 1
    outer loop
      vertex 90 6 73
      vertex 90.7832 -5.94867 73
      vertex 90.7832 5.94867 73
    endloop
  endfacet
  facet normal 0 0 1
    outer loop
      vertex 90 6 73
      vertex 90 -6 73
      vertex 90.7832 -5.94867 73
    endloop
  endfacet
  facet normal -0 0 1
    outer loop
      vertex 89.2168 5.94867 73
      vertex 90 -6 73
      vertex 90 6 73
    endloop
  endfacet
  facet normal 0 0 1
    outer loop
      vertex 89.2168 5.94867 73
      vertex 89.2168 -5.94867 73
      vertex 90 -6 73
    endloop
  endfacet
  facet normal -0 0 1
    outer loop
      vertex 88.4471 5.79555 73
      vertex 89.2168 -5.94867 73
      vertex 89.2168 5.94867 73
    endloop
  endfacet
  facet normal 0 0 1
    outer loop
      vertex 88.4471 5.79555 73
      vertex 88.4471 -5.79555 73
      vertex 89.2168 -5.94867 73
    endloop
  endfacet
  facet normal -0 0 1
    outer loop
      vertex 87.7039 5.54328 73
      vertex 88.4471 -5.79555 73
      vertex 88.4471 5.79555 73
    endloop
  endfacet
  facet normal 0 0 1
    outer loop
      vertex 87.7039 5.54328 73
      vertex 87.7039 -5.54328 73
      vertex 88.4471 -5.79555 73
    endloop
  endfacet
  facet normal -0 0 1
    outer loop
      vertex 87 5.19615 73
      vertex 87.7039 -5.54328 73
      vertex 87.7039 5.54328 73
    endloop
  endfacet
  facet normal 0 0 1
    outer loop
      vertex 87 5.19615 73
      vertex 87 -5.19615 73
      vertex 87.7039 -5.54328 73
    endloop
  endfacet
  facet normal -0 0 1
    outer loop
      vertex 86.3474 4.76012 73
      vertex 87 -5.19615 73
      vertex 87 5.19615 73
    endloop
  endfacet
  facet normal 0 0 1
    outer loop
      vertex 86.3474 4.76012 73
      vertex 86.3474 -4.76012 73
      vertex 87 -5.19615 73
    endloop
  endfacet
  facet normal -0 0 1
    outer loop
      vertex 85.7574 4.24264 73
      vertex 86.3474 -4.76012 73
      vertex 86.3474 4.76012 73
    endloop
  endfacet
  facet normal 0 0 1
    outer loop
      vertex 85.7574 4.24264 73
      vertex 85.7574 -4.24264 73
      vertex 86.3474 -4.76012 73
    endloop
  endfacet
  facet normal -0 0 1
    outer loop
      vertex 85.2399 3.65257 73
      vertex 85.7574 -4.24264 73
      vertex 85.7574 4.24264 73
    endloop
  endfacet
  facet normal 0 0 1
    outer loop
      vertex 85.2399 3.65257 73
      vertex 85.2399 -3.65257 73
      vertex 85.7574 -4.24264 73
    endloop
  endfacet
  facet normal -0 0 1
    outer loop
      vertex 84.8038 3 73
      vertex 85.2399 -3.65257 73
      vertex 85.2399 3.65257 73
    endloop
  endfacet
  facet normal 0 0 1
    outer loop
      vertex 84.8038 3 73
      vertex 84.8038 -3 73
      vertex 85.2399 -3.65257 73
    endloop
  endfacet
  facet normal -0 0 1
    outer loop
      vertex 84.4567 2.2961 73
      vertex 84.8038 -3 73
      vertex 84.8038 3 73
    endloop
  endfacet
  facet normal 0 0 1
    outer loop
      vertex 84.4567 2.2961 73
      vertex 84.4567 -2.2961 73
      vertex 84.8038 -3 73
    endloop
  endfacet
  facet normal -0 0 1
    outer loop
      vertex 84.2044 1.55291 73
      vertex 84.4567 -2.2961 73
      vertex 84.4567 2.2961 73
    endloop
  endfacet
  facet normal 0 0 1
    outer loop
      vertex 84.2044 1.55291 73
      vertex 84.2044 -1.55291 73
      vertex 84.4567 -2.2961 73
    endloop
  endfacet
  facet normal -0 0 1
    outer loop
      vertex 84.0513 0.783156 73
      vertex 84.2044 -1.55291 73
      vertex 84.2044 1.55291 73
    endloop
  endfacet
  facet normal 0 0 1
    outer loop
      vertex 84.0513 0.783156 73
      vertex 84.0513 -0.783156 73
      vertex 84.2044 -1.55291 73
    endloop
  endfacet
  facet normal 0 -0 1
    outer loop
      vertex 84.0513 -0.783156 73
      vertex 84.0513 0.783156 73
      vertex 84 0 73
    endloop
  endfacet
  facet normal 0.980789 0.195074 0
    outer loop
      vertex 55.9487 0.783156 73
      vertex 55.7956 1.55291 68
      vertex 55.7956 1.55291 73
    endloop
  endfacet
  facet normal 0.980789 0.195074 0
    outer loop
      vertex 55.7956 1.55291 68
      vertex 55.9487 0.783156 73
      vertex 55.9487 0.783156 68
    endloop
  endfacet
  facet normal 0.997861 0.0653641 0
    outer loop
      vertex 56 0 73
      vertex 55.9487 0.783156 68
      vertex 55.9487 0.783156 73
    endloop
  endfacet
  facet normal 0.997861 0.0653641 0
    outer loop
      vertex 55.9487 0.783156 68
      vertex 56 0 73
      vertex 56 0 68
    endloop
  endfacet
  facet normal 0.946922 0.321463 0
    outer loop
      vertex 55.7956 1.55291 73
      vertex 55.5433 2.2961 68
      vertex 55.5433 2.2961 73
    endloop
  endfacet
  facet normal 0.946922 0.321463 0
    outer loop
      vertex 55.5433 2.2961 68
      vertex 55.7956 1.55291 73
      vertex 55.7956 1.55291 68
    endloop
  endfacet
  facet normal -0.980789 -0.195074 0
    outer loop
      vertex 44.2044 -1.55291 68
      vertex 44.0513 -0.783156 73
      vertex 44.0513 -0.783156 68
    endloop
  endfacet
  facet normal -0.980789 -0.195074 0
    outer loop
      vertex 44.0513 -0.783156 73
      vertex 44.2044 -1.55291 68
      vertex 44.2044 -1.55291 73
    endloop
  endfacet
  facet normal 0.997861 -0.0653641 0
    outer loop
      vertex 55.9487 -0.783156 73
      vertex 56 0 68
      vertex 56 0 73
    endloop
  endfacet
  facet normal 0.997861 -0.0653641 0
    outer loop
      vertex 56 0 68
      vertex 55.9487 -0.783156 73
      vertex 55.9487 -0.783156 68
    endloop
  endfacet
  facet normal -0.659392 0.751799 0
    outer loop
      vertex 46.3474 4.76012 68
      vertex 45.7574 4.24264 73
      vertex 46.3474 4.76012 73
    endloop
  endfacet
  facet normal -0.659392 0.751799 0
    outer loop
      vertex 45.7574 4.24264 73
      vertex 46.3474 4.76012 68
      vertex 45.7574 4.24264 68
    endloop
  endfacet
  facet normal 0.442294 -0.89687 0
    outer loop
      vertex 52.2961 -5.54328 68
      vertex 53 -5.19615 73
      vertex 52.2961 -5.54328 73
    endloop
  endfacet
  facet normal 0.442294 -0.89687 0
    outer loop
      vertex 53 -5.19615 73
      vertex 52.2961 -5.54328 68
      vertex 53 -5.19615 68
    endloop
  endfacet
  facet normal 0.896885 0.442263 0
    outer loop
      vertex 55.5433 2.2961 73
      vertex 55.1962 3 68
      vertex 55.1962 3 73
    endloop
  endfacet
  facet normal 0.896885 0.442263 0
    outer loop
      vertex 55.1962 3 68
      vertex 55.5433 2.2961 73
      vertex 55.5433 2.2961 68
    endloop
  endfacet
  facet normal 0.751826 0.659362 0
    outer loop
      vertex 54.7601 3.65257 73
      vertex 54.2426 4.24264 68
      vertex 54.2426 4.24264 73
    endloop
  endfacet
  facet normal 0.751826 0.659362 0
    outer loop
      vertex 54.2426 4.24264 68
      vertex 54.7601 3.65257 73
      vertex 54.7601 3.65257 68
    endloop
  endfacet
  facet normal 0.0653985 0.997859 -0
    outer loop
      vertex 50.7832 5.94867 68
      vertex 50 6 73
      vertex 50.7832 5.94867 73
    endloop
  endfacet
  facet normal 0.0653985 0.997859 0
    outer loop
      vertex 50 6 73
      vertex 50.7832 5.94867 68
      vertex 50 6 68
    endloop
  endfacet
  facet normal -0.659392 -0.751799 0
    outer loop
      vertex 45.7574 -4.24264 68
      vertex 46.3474 -4.76012 73
      vertex 45.7574 -4.24264 73
    endloop
  endfacet
  facet normal -0.659392 -0.751799 -0
    outer loop
      vertex 46.3474 -4.76012 73
      vertex 45.7574 -4.24264 68
      vertex 46.3474 -4.76012 68
    endloop
  endfacet
  facet normal 0.946922 -0.321463 0
    outer loop
      vertex 55.5433 -2.2961 73
      vertex 55.7956 -1.55291 68
      vertex 55.7956 -1.55291 73
    endloop
  endfacet
  facet normal 0.946922 -0.321463 0
    outer loop
      vertex 55.7956 -1.55291 68
      vertex 55.5433 -2.2961 73
      vertex 55.5433 -2.2961 68
    endloop
  endfacet
  facet normal -0.751826 0.659362 0
    outer loop
      vertex 45.2399 3.65257 68
      vertex 45.7574 4.24264 73
      vertex 45.7574 4.24264 68
    endloop
  endfacet
  facet normal -0.751826 0.659362 0
    outer loop
      vertex 45.7574 4.24264 73
      vertex 45.2399 3.65257 68
      vertex 45.2399 3.65257 73
    endloop
  endfacet
  facet normal 0.83143 -0.555629 0
    outer loop
      vertex 54.7601 -3.65257 73
      vertex 55.1962 -3 68
      vertex 55.1962 -3 73
    endloop
  endfacet
  facet normal 0.83143 -0.555629 0
    outer loop
      vertex 55.1962 -3 68
      vertex 54.7601 -3.65257 73
      vertex 54.7601 -3.65257 68
    endloop
  endfacet
  facet normal -0.0653985 0.997859 0
    outer loop
      vertex 50 6 68
      vertex 49.2168 5.94867 73
      vertex 50 6 73
    endloop
  endfacet
  facet normal -0.0653985 0.997859 0
    outer loop
      vertex 49.2168 5.94867 73
      vertex 50 6 68
      vertex 49.2168 5.94867 68
    endloop
  endfacet
  facet normal 0.55555 0.831483 -0
    outer loop
      vertex 53.6526 4.76012 68
      vertex 53 5.19615 73
      vertex 53.6526 4.76012 73
    endloop
  endfacet
  facet normal 0.55555 0.831483 0
    outer loop
      vertex 53 5.19615 73
      vertex 53.6526 4.76012 68
      vertex 53 5.19615 68
    endloop
  endfacet
  facet normal -0.442294 0.89687 0
    outer loop
      vertex 47.7039 5.54328 68
      vertex 47 5.19615 73
      vertex 47.7039 5.54328 73
    endloop
  endfacet
  facet normal -0.442294 0.89687 0
    outer loop
      vertex 47 5.19615 73
      vertex 47.7039 5.54328 68
      vertex 47 5.19615 68
    endloop
  endfacet
  facet normal 0.83143 0.555629 0
    outer loop
      vertex 55.1962 3 73
      vertex 54.7601 3.65257 68
      vertex 54.7601 3.65257 73
    endloop
  endfacet
  facet normal 0.83143 0.555629 0
    outer loop
      vertex 54.7601 3.65257 68
      vertex 55.1962 3 73
      vertex 55.1962 3 68
    endloop
  endfacet
  facet normal 0.321425 -0.946935 0
    outer loop
      vertex 51.5529 -5.79555 68
      vertex 52.2961 -5.54328 73
      vertex 51.5529 -5.79555 73
    endloop
  endfacet
  facet normal 0.321425 -0.946935 0
    outer loop
      vertex 52.2961 -5.54328 73
      vertex 51.5529 -5.79555 68
      vertex 52.2961 -5.54328 68
    endloop
  endfacet
  facet normal -0.751826 -0.659362 0
    outer loop
      vertex 45.7574 -4.24264 68
      vertex 45.2399 -3.65257 73
      vertex 45.2399 -3.65257 68
    endloop
  endfacet
  facet normal -0.751826 -0.659362 0
    outer loop
      vertex 45.2399 -3.65257 73
      vertex 45.7574 -4.24264 68
      vertex 45.7574 -4.24264 73
    endloop
  endfacet
  facet normal 0.659392 -0.751799 0
    outer loop
      vertex 53.6526 -4.76012 68
      vertex 54.2426 -4.24264 73
      vertex 53.6526 -4.76012 73
    endloop
  endfacet
  facet normal 0.659392 -0.751799 0
    outer loop
      vertex 54.2426 -4.24264 73
      vertex 53.6526 -4.76012 68
      vertex 54.2426 -4.24264 68
    endloop
  endfacet
  facet normal -0.321425 -0.946935 0
    outer loop
      vertex 47.7039 -5.54328 68
      vertex 48.4471 -5.79555 73
      vertex 47.7039 -5.54328 73
    endloop
  endfacet
  facet normal -0.321425 -0.946935 -0
    outer loop
      vertex 48.4471 -5.79555 73
      vertex 47.7039 -5.54328 68
      vertex 48.4471 -5.79555 68
    endloop
  endfacet
  facet normal 0.659392 0.751799 -0
    outer loop
      vertex 54.2426 4.24264 68
      vertex 53.6526 4.76012 73
      vertex 54.2426 4.24264 73
    endloop
  endfacet
  facet normal 0.659392 0.751799 0
    outer loop
      vertex 53.6526 4.76012 73
      vertex 54.2426 4.24264 68
      vertex 53.6526 4.76012 68
    endloop
  endfacet
  facet normal -0.55555 0.831483 0
    outer loop
      vertex 47 5.19615 68
      vertex 46.3474 4.76012 73
      vertex 47 5.19615 73
    endloop
  endfacet
  facet normal -0.55555 0.831483 0
    outer loop
      vertex 46.3474 4.76012 73
      vertex 47 5.19615 68
      vertex 46.3474 4.76012 68
    endloop
  endfacet
  facet normal 0.442294 0.89687 -0
    outer loop
      vertex 53 5.19615 68
      vertex 52.2961 5.54328 73
      vertex 53 5.19615 73
    endloop
  endfacet
  facet normal 0.442294 0.89687 0
    outer loop
      vertex 52.2961 5.54328 73
      vertex 53 5.19615 68
      vertex 52.2961 5.54328 68
    endloop
  endfacet
  facet normal -0.997861 -0.0653641 0
    outer loop
      vertex 44.0513 -0.783156 68
      vertex 44 0 73
      vertex 44 0 68
    endloop
  endfacet
  facet normal -0.997861 -0.0653641 0
    outer loop
      vertex 44 0 73
      vertex 44.0513 -0.783156 68
      vertex 44.0513 -0.783156 73
    endloop
  endfacet
  facet normal -0.0653985 -0.997859 0
    outer loop
      vertex 49.2168 -5.94867 68
      vertex 50 -6 73
      vertex 49.2168 -5.94867 73
    endloop
  endfacet
  facet normal -0.0653985 -0.997859 -0
    outer loop
      vertex 50 -6 73
      vertex 49.2168 -5.94867 68
      vertex 50 -6 68
    endloop
  endfacet
  facet normal 0.980789 -0.195074 0
    outer loop
      vertex 55.7956 -1.55291 73
      vertex 55.9487 -0.783156 68
      vertex 55.9487 -0.783156 73
    endloop
  endfacet
  facet normal 0.980789 -0.195074 0
    outer loop
      vertex 55.9487 -0.783156 68
      vertex 55.7956 -1.55291 73
      vertex 55.7956 -1.55291 68
    endloop
  endfacet
  facet normal 0.55555 -0.831483 0
    outer loop
      vertex 53 -5.19615 68
      vertex 53.6526 -4.76012 73
      vertex 53 -5.19615 73
    endloop
  endfacet
  facet normal 0.55555 -0.831483 0
    outer loop
      vertex 53.6526 -4.76012 73
      vertex 53 -5.19615 68
      vertex 53.6526 -4.76012 68
    endloop
  endfacet
  facet normal 0.896885 -0.442263 0
    outer loop
      vertex 55.1962 -3 73
      vertex 55.5433 -2.2961 68
      vertex 55.5433 -2.2961 73
    endloop
  endfacet
  facet normal 0.896885 -0.442263 0
    outer loop
      vertex 55.5433 -2.2961 68
      vertex 55.1962 -3 73
      vertex 55.1962 -3 68
    endloop
  endfacet
  facet normal 0.195111 -0.980781 0
    outer loop
      vertex 50.7832 -5.94867 68
      vertex 51.5529 -5.79555 73
      vertex 50.7832 -5.94867 73
    endloop
  endfacet
  facet normal 0.195111 -0.980781 0
    outer loop
      vertex 51.5529 -5.79555 73
      vertex 50.7832 -5.94867 68
      vertex 51.5529 -5.79555 68
    endloop
  endfacet
  facet normal 0.0653985 -0.997859 0
    outer loop
      vertex 50 -6 68
      vertex 50.7832 -5.94867 73
      vertex 50 -6 73
    endloop
  endfacet
  facet normal 0.0653985 -0.997859 0
    outer loop
      vertex 50.7832 -5.94867 73
      vertex 50 -6 68
      vertex 50.7832 -5.94867 68
    endloop
  endfacet
  facet normal 0.321425 0.946935 -0
    outer loop
      vertex 52.2961 5.54328 68
      vertex 51.5529 5.79555 73
      vertex 52.2961 5.54328 73
    endloop
  endfacet
  facet normal 0.321425 0.946935 0
    outer loop
      vertex 51.5529 5.79555 73
      vertex 52.2961 5.54328 68
      vertex 51.5529 5.79555 68
    endloop
  endfacet
  facet normal -0.195111 -0.980781 0
    outer loop
      vertex 48.4471 -5.79555 68
      vertex 49.2168 -5.94867 73
      vertex 48.4471 -5.79555 73
    endloop
  endfacet
  facet normal -0.195111 -0.980781 -0
    outer loop
      vertex 49.2168 -5.94867 73
      vertex 48.4471 -5.79555 68
      vertex 49.2168 -5.94867 68
    endloop
  endfacet
  facet normal -0.980789 0.195074 0
    outer loop
      vertex 44.0513 0.783156 68
      vertex 44.2044 1.55291 73
      vertex 44.2044 1.55291 68
    endloop
  endfacet
  facet normal -0.980789 0.195074 0
    outer loop
      vertex 44.2044 1.55291 73
      vertex 44.0513 0.783156 68
      vertex 44.0513 0.783156 73
    endloop
  endfacet
  facet normal -0.83143 -0.555629 0
    outer loop
      vertex 45.2399 -3.65257 68
      vertex 44.8038 -3 73
      vertex 44.8038 -3 68
    endloop
  endfacet
  facet normal -0.83143 -0.555629 0
    outer loop
      vertex 44.8038 -3 73
      vertex 45.2399 -3.65257 68
      vertex 45.2399 -3.65257 73
    endloop
  endfacet
  facet normal 0.195111 0.980781 -0
    outer loop
      vertex 51.5529 5.79555 68
      vertex 50.7832 5.94867 73
      vertex 51.5529 5.79555 73
    endloop
  endfacet
  facet normal 0.195111 0.980781 0
    outer loop
      vertex 50.7832 5.94867 73
      vertex 51.5529 5.79555 68
      vertex 50.7832 5.94867 68
    endloop
  endfacet
  facet normal -0.442294 -0.89687 0
    outer loop
      vertex 47 -5.19615 68
      vertex 47.7039 -5.54328 73
      vertex 47 -5.19615 73
    endloop
  endfacet
  facet normal -0.442294 -0.89687 -0
    outer loop
      vertex 47.7039 -5.54328 73
      vertex 47 -5.19615 68
      vertex 47.7039 -5.54328 68
    endloop
  endfacet
  facet normal -0.896885 0.442263 0
    outer loop
      vertex 44.4567 2.2961 68
      vertex 44.8038 3 73
      vertex 44.8038 3 68
    endloop
  endfacet
  facet normal -0.896885 0.442263 0
    outer loop
      vertex 44.8038 3 73
      vertex 44.4567 2.2961 68
      vertex 44.4567 2.2961 73
    endloop
  endfacet
  facet normal -0.896885 -0.442263 0
    outer loop
      vertex 44.8038 -3 68
      vertex 44.4567 -2.2961 73
      vertex 44.4567 -2.2961 68
    endloop
  endfacet
  facet normal -0.896885 -0.442263 0
    outer loop
      vertex 44.4567 -2.2961 73
      vertex 44.8038 -3 68
      vertex 44.8038 -3 73
    endloop
  endfacet
  facet normal -0.997861 0.0653641 0
    outer loop
      vertex 44 0 68
      vertex 44.0513 0.783156 73
      vertex 44.0513 0.783156 68
    endloop
  endfacet
  facet normal -0.997861 0.0653641 0
    outer loop
      vertex 44.0513 0.783156 73
      vertex 44 0 68
      vertex 44 0 73
    endloop
  endfacet
  facet normal -0.195111 0.980781 0
    outer loop
      vertex 49.2168 5.94867 68
      vertex 48.4471 5.79555 73
      vertex 49.2168 5.94867 73
    endloop
  endfacet
  facet normal -0.195111 0.980781 0
    outer loop
      vertex 48.4471 5.79555 73
      vertex 49.2168 5.94867 68
      vertex 48.4471 5.79555 68
    endloop
  endfacet
  facet normal 0.751826 -0.659362 0
    outer loop
      vertex 54.2426 -4.24264 73
      vertex 54.7601 -3.65257 68
      vertex 54.7601 -3.65257 73
    endloop
  endfacet
  facet normal 0.751826 -0.659362 0
    outer loop
      vertex 54.7601 -3.65257 68
      vertex 54.2426 -4.24264 73
      vertex 54.2426 -4.24264 68
    endloop
  endfacet
  facet normal -0.321425 0.946935 0
    outer loop
      vertex 48.4471 5.79555 68
      vertex 47.7039 5.54328 73
      vertex 48.4471 5.79555 73
    endloop
  endfacet
  facet normal -0.321425 0.946935 0
    outer loop
      vertex 47.7039 5.54328 73
      vertex 48.4471 5.79555 68
      vertex 47.7039 5.54328 68
    endloop
  endfacet
  facet normal -0.946922 -0.321463 0
    outer loop
      vertex 44.4567 -2.2961 68
      vertex 44.2044 -1.55291 73
      vertex 44.2044 -1.55291 68
    endloop
  endfacet
  facet normal -0.946922 -0.321463 0
    outer loop
      vertex 44.2044 -1.55291 73
      vertex 44.4567 -2.2961 68
      vertex 44.4567 -2.2961 73
    endloop
  endfacet
  facet normal -0.83143 0.555629 0
    outer loop
      vertex 44.8038 3 68
      vertex 45.2399 3.65257 73
      vertex 45.2399 3.65257 68
    endloop
  endfacet
  facet normal -0.83143 0.555629 0
    outer loop
      vertex 45.2399 3.65257 73
      vertex 44.8038 3 68
      vertex 44.8038 3 73
    endloop
  endfacet
  facet normal -0.55555 -0.831483 0
    outer loop
      vertex 46.3474 -4.76012 68
      vertex 47 -5.19615 73
      vertex 46.3474 -4.76012 73
    endloop
  endfacet
  facet normal -0.55555 -0.831483 -0
    outer loop
      vertex 47 -5.19615 73
      vertex 46.3474 -4.76012 68
      vertex 47 -5.19615 68
    endloop
  endfacet
  facet normal -0.946922 0.321463 0
    outer loop
      vertex 44.2044 1.55291 68
      vertex 44.4567 2.2961 73
      vertex 44.4567 2.2961 68
    endloop
  endfacet
  facet normal -0.946922 0.321463 0
    outer loop
      vertex 44.4567 2.2961 73
      vertex 44.2044 1.55291 68
      vertex 44.2044 1.55291 73
    endloop
  endfacet
  facet normal 0 0 1
    outer loop
      vertex 55.9487 0.783156 73
      vertex 55.9487 -0.783156 73
      vertex 56 0 73
    endloop
  endfacet
  facet normal 0 0 1
    outer loop
      vertex 55.7956 1.55291 73
      vertex 55.9487 -0.783156 73
      vertex 55.9487 0.783156 73
    endloop
  endfacet
  facet normal 0 0 1
    outer loop
      vertex 55.7956 1.55291 73
      vertex 55.7956 -1.55291 73
      vertex 55.9487 -0.783156 73
    endloop
  endfacet
  facet normal 0 0 1
    outer loop
      vertex 55.5433 2.2961 73
      vertex 55.7956 -1.55291 73
      vertex 55.7956 1.55291 73
    endloop
  endfacet
  facet normal 0 0 1
    outer loop
      vertex 55.5433 2.2961 73
      vertex 55.5433 -2.2961 73
      vertex 55.7956 -1.55291 73
    endloop
  endfacet
  facet normal 0 0 1
    outer loop
      vertex 55.1962 3 73
      vertex 55.5433 -2.2961 73
      vertex 55.5433 2.2961 73
    endloop
  endfacet
  facet normal 0 0 1
    outer loop
      vertex 55.1962 3 73
      vertex 55.1962 -3 73
      vertex 55.5433 -2.2961 73
    endloop
  endfacet
  facet normal 0 0 1
    outer loop
      vertex 54.7601 3.65257 73
      vertex 55.1962 -3 73
      vertex 55.1962 3 73
    endloop
  endfacet
  facet normal 0 0 1
    outer loop
      vertex 54.7601 3.65257 73
      vertex 54.7601 -3.65257 73
      vertex 55.1962 -3 73
    endloop
  endfacet
  facet normal 0 0 1
    outer loop
      vertex 54.2426 4.24264 73
      vertex 54.7601 -3.65257 73
      vertex 54.7601 3.65257 73
    endloop
  endfacet
  facet normal 0 0 1
    outer loop
      vertex 54.2426 4.24264 73
      vertex 54.2426 -4.24264 73
      vertex 54.7601 -3.65257 73
    endloop
  endfacet
  facet normal 0 0 1
    outer loop
      vertex 53.6526 4.76012 73
      vertex 54.2426 -4.24264 73
      vertex 54.2426 4.24264 73
    endloop
  endfacet
  facet normal 0 0 1
    outer loop
      vertex 53.6526 4.76012 73
      vertex 53.6526 -4.76012 73
      vertex 54.2426 -4.24264 73
    endloop
  endfacet
  facet normal 0 0 1
    outer loop
      vertex 53 5.19615 73
      vertex 53.6526 -4.76012 73
      vertex 53.6526 4.76012 73
    endloop
  endfacet
  facet normal 0 0 1
    outer loop
      vertex 53 5.19615 73
      vertex 53 -5.19615 73
      vertex 53.6526 -4.76012 73
    endloop
  endfacet
  facet normal 0 0 1
    outer loop
      vertex 52.2961 5.54328 73
      vertex 53 -5.19615 73
      vertex 53 5.19615 73
    endloop
  endfacet
  facet normal 0 0 1
    outer loop
      vertex 52.2961 5.54328 73
      vertex 52.2961 -5.54328 73
      vertex 53 -5.19615 73
    endloop
  endfacet
  facet normal 0 0 1
    outer loop
      vertex 51.5529 5.79555 73
      vertex 52.2961 -5.54328 73
      vertex 52.2961 5.54328 73
    endloop
  endfacet
  facet normal 0 0 1
    outer loop
      vertex 51.5529 5.79555 73
      vertex 51.5529 -5.79555 73
      vertex 52.2961 -5.54328 73
    endloop
  endfacet
  facet normal 0 0 1
    outer loop
      vertex 50.7832 5.94867 73
      vertex 51.5529 -5.79555 73
      vertex 51.5529 5.79555 73
    endloop
  endfacet
  facet normal 0 0 1
    outer loop
      vertex 50.7832 5.94867 73
      vertex 50.7832 -5.94867 73
      vertex 51.5529 -5.79555 73
    endloop
  endfacet
  facet normal 0 0 1
    outer loop
      vertex 50 6 73
      vertex 50.7832 -5.94867 73
      vertex 50.7832 5.94867 73
    endloop
  endfacet
  facet normal 0 0 1
    outer loop
      vertex 50 6 73
      vertex 50 -6 73
      vertex 50.7832 -5.94867 73
    endloop
  endfacet
  facet normal -0 0 1
    outer loop
      vertex 49.2168 5.94867 73
      vertex 50 -6 73
      vertex 50 6 73
    endloop
  endfacet
  facet normal 0 0 1
    outer loop
      vertex 49.2168 5.94867 73
      vertex 49.2168 -5.94867 73
      vertex 50 -6 73
    endloop
  endfacet
  facet normal -0 0 1
    outer loop
      vertex 48.4471 5.79555 73
      vertex 49.2168 -5.94867 73
      vertex 49.2168 5.94867 73
    endloop
  endfacet
  facet normal 0 0 1
    outer loop
      vertex 48.4471 5.79555 73
      vertex 48.4471 -5.79555 73
      vertex 49.2168 -5.94867 73
    endloop
  endfacet
  facet normal -0 0 1
    outer loop
      vertex 47.7039 5.54328 73
      vertex 48.4471 -5.79555 73
      vertex 48.4471 5.79555 73
    endloop
  endfacet
  facet normal 0 0 1
    outer loop
      vertex 47.7039 5.54328 73
      vertex 47.7039 -5.54328 73
      vertex 48.4471 -5.79555 73
    endloop
  endfacet
  facet normal -0 0 1
    outer loop
      vertex 47 5.19615 73
      vertex 47.7039 -5.54328 73
      vertex 47.7039 5.54328 73
    endloop
  endfacet
  facet normal 0 0 1
    outer loop
      vertex 47 5.19615 73
      vertex 47 -5.19615 73
      vertex 47.7039 -5.54328 73
    endloop
  endfacet
  facet normal -0 0 1
    outer loop
      vertex 46.3474 4.76012 73
      vertex 47 -5.19615 73
      vertex 47 5.19615 73
    endloop
  endfacet
  facet normal 0 0 1
    outer loop
      vertex 46.3474 4.76012 73
      vertex 46.3474 -4.76012 73
      vertex 47 -5.19615 73
    endloop
  endfacet
  facet normal -0 0 1
    outer loop
      vertex 45.7574 4.24264 73
      vertex 46.3474 -4.76012 73
      vertex 46.3474 4.76012 73
    endloop
  endfacet
  facet normal 0 0 1
    outer loop
      vertex 45.7574 4.24264 73
      vertex 45.7574 -4.24264 73
      vertex 46.3474 -4.76012 73
    endloop
  endfacet
  facet normal -0 0 1
    outer loop
      vertex 45.2399 3.65257 73
      vertex 45.7574 -4.24264 73
      vertex 45.7574 4.24264 73
    endloop
  endfacet
  facet normal 0 0 1
    outer loop
      vertex 45.2399 3.65257 73
      vertex 45.2399 -3.65257 73
      vertex 45.7574 -4.24264 73
    endloop
  endfacet
  facet normal -0 0 1
    outer loop
      vertex 44.8038 3 73
      vertex 45.2399 -3.65257 73
      vertex 45.2399 3.65257 73
    endloop
  endfacet
  facet normal 0 0 1
    outer loop
      vertex 44.8038 3 73
      vertex 44.8038 -3 73
      vertex 45.2399 -3.65257 73
    endloop
  endfacet
  facet normal -0 0 1
    outer loop
      vertex 44.4567 2.2961 73
      vertex 44.8038 -3 73
      vertex 44.8038 3 73
    endloop
  endfacet
  facet normal 0 0 1
    outer loop
      vertex 44.4567 2.2961 73
      vertex 44.4567 -2.2961 73
      vertex 44.8038 -3 73
    endloop
  endfacet
  facet normal -0 0 1
    outer loop
      vertex 44.2044 1.55291 73
      vertex 44.4567 -2.2961 73
      vertex 44.4567 2.2961 73
    endloop
  endfacet
  facet normal 0 0 1
    outer loop
      vertex 44.2044 1.55291 73
      vertex 44.2044 -1.55291 73
      vertex 44.4567 -2.2961 73
    endloop
  endfacet
  facet normal -0 0 1
    outer loop
      vertex 44.0513 0.783156 73
      vertex 44.2044 -1.55291 73
      vertex 44.2044 1.55291 73
    endloop
  endfacet
  facet normal 0 0 1
    outer loop
      vertex 44.0513 0.783156 73
      vertex 44.0513 -0.783156 73
      vertex 44.2044 -1.55291 73
    endloop
  endfacet
  facet normal 0 -0 1
    outer loop
      vertex 44.0513 -0.783156 73
      vertex 44.0513 0.783156 73
      vertex 44 0 73
    endloop
  endfacet
  facet normal 0.980789 0.195074 0
    outer loop
      vertex 15.9487 0.783156 73
      vertex 15.7956 1.55291 68
      vertex 15.7956 1.55291 73
    endloop
  endfacet
  facet normal 0.980789 0.195074 0
    outer loop
      vertex 15.7956 1.55291 68
      vertex 15.9487 0.783156 73
      vertex 15.9487 0.783156 68
    endloop
  endfacet
  facet normal 0.997861 0.0653641 0
    outer loop
      vertex 16 0 73
      vertex 15.9487 0.783156 68
      vertex 15.9487 0.783156 73
    endloop
  endfacet
  facet normal 0.997861 0.0653641 0
    outer loop
      vertex 15.9487 0.783156 68
      vertex 16 0 73
      vertex 16 0 68
    endloop
  endfacet
  facet normal 0.946922 0.321463 0
    outer loop
      vertex 15.7956 1.55291 73
      vertex 15.5433 2.2961 68
      vertex 15.5433 2.2961 73
    endloop
  endfacet
  facet normal 0.946922 0.321463 0
    outer loop
      vertex 15.5433 2.2961 68
      vertex 15.7956 1.55291 73
      vertex 15.7956 1.55291 68
    endloop
  endfacet
  facet normal -0.980786 -0.195086 0
    outer loop
      vertex 4.20444 -1.55291 68
      vertex 4.05133 -0.783156 73
      vertex 4.05133 -0.783156 68
    endloop
  endfacet
  facet normal -0.980786 -0.195086 0
    outer loop
      vertex 4.05133 -0.783156 73
      vertex 4.20444 -1.55291 68
      vertex 4.20444 -1.55291 73
    endloop
  endfacet
  facet normal 0.997861 -0.0653641 0
    outer loop
      vertex 15.9487 -0.783156 73
      vertex 16 0 68
      vertex 16 0 73
    endloop
  endfacet
  facet normal 0.997861 -0.0653641 0
    outer loop
      vertex 16 0 68
      vertex 15.9487 -0.783156 73
      vertex 15.9487 -0.783156 68
    endloop
  endfacet
  facet normal -0.659348 0.751838 0
    outer loop
      vertex 6.34743 4.76012 68
      vertex 5.75736 4.24264 73
      vertex 6.34743 4.76012 73
    endloop
  endfacet
  facet normal -0.659348 0.751838 0
    outer loop
      vertex 5.75736 4.24264 73
      vertex 6.34743 4.76012 68
      vertex 5.75736 4.24264 68
    endloop
  endfacet
  facet normal 0.442294 -0.89687 0
    outer loop
      vertex 12.2961 -5.54328 68
      vertex 13 -5.19615 73
      vertex 12.2961 -5.54328 73
    endloop
  endfacet
  facet normal 0.442294 -0.89687 0
    outer loop
      vertex 13 -5.19615 73
      vertex 12.2961 -5.54328 68
      vertex 13 -5.19615 68
    endloop
  endfacet
  facet normal 0.896885 0.442263 0
    outer loop
      vertex 15.5433 2.2961 73
      vertex 15.1962 3 68
      vertex 15.1962 3 73
    endloop
  endfacet
  facet normal 0.896885 0.442263 0
    outer loop
      vertex 15.1962 3 68
      vertex 15.5433 2.2961 73
      vertex 15.5433 2.2961 68
    endloop
  endfacet
  facet normal 0.751826 0.659362 0
    outer loop
      vertex 14.7601 3.65257 73
      vertex 14.2426 4.24264 68
      vertex 14.2426 4.24264 73
    endloop
  endfacet
  facet normal 0.751826 0.659362 0
    outer loop
      vertex 14.2426 4.24264 68
      vertex 14.7601 3.65257 73
      vertex 14.7601 3.65257 68
    endloop
  endfacet
  facet normal 0.0653985 0.997859 -0
    outer loop
      vertex 10.7832 5.94867 68
      vertex 10 6 73
      vertex 10.7832 5.94867 73
    endloop
  endfacet
  facet normal 0.0653985 0.997859 0
    outer loop
      vertex 10 6 73
      vertex 10.7832 5.94867 68
      vertex 10 6 68
    endloop
  endfacet
  facet normal -0.659348 -0.751838 0
    outer loop
      vertex 5.75736 -4.24264 68
      vertex 6.34743 -4.76012 73
      vertex 5.75736 -4.24264 73
    endloop
  endfacet
  facet normal -0.659348 -0.751838 -0
    outer loop
      vertex 6.34743 -4.76012 73
      vertex 5.75736 -4.24264 68
      vertex 6.34743 -4.76012 68
    endloop
  endfacet
  facet normal 0.946922 -0.321463 0
    outer loop
      vertex 15.5433 -2.2961 73
      vertex 15.7956 -1.55291 68
      vertex 15.7956 -1.55291 73
    endloop
  endfacet
  facet normal 0.946922 -0.321463 0
    outer loop
      vertex 15.7956 -1.55291 68
      vertex 15.5433 -2.2961 73
      vertex 15.5433 -2.2961 68
    endloop
  endfacet
  facet normal -0.751838 0.659348 0
    outer loop
      vertex 5.23988 3.65257 68
      vertex 5.75736 4.24264 73
      vertex 5.75736 4.24264 68
    endloop
  endfacet
  facet normal -0.751838 0.659348 0
    outer loop
      vertex 5.75736 4.24264 73
      vertex 5.23988 3.65257 68
      vertex 5.23988 3.65257 73
    endloop
  endfacet
  facet normal 0.83143 -0.555629 0
    outer loop
      vertex 14.7601 -3.65257 73
      vertex 15.1962 -3 68
      vertex 15.1962 -3 73
    endloop
  endfacet
  facet normal 0.83143 -0.555629 0
    outer loop
      vertex 15.1962 -3 68
      vertex 14.7601 -3.65257 73
      vertex 14.7601 -3.65257 68
    endloop
  endfacet
  facet normal -0.0654018 0.997859 0
    outer loop
      vertex 10 6 68
      vertex 9.21684 5.94867 73
      vertex 10 6 73
    endloop
  endfacet
  facet normal -0.0654018 0.997859 0
    outer loop
      vertex 9.21684 5.94867 73
      vertex 10 6 68
      vertex 9.21684 5.94867 68
    endloop
  endfacet
  facet normal 0.55555 0.831483 -0
    outer loop
      vertex 13.6526 4.76012 68
      vertex 13 5.19615 73
      vertex 13.6526 4.76012 73
    endloop
  endfacet
  facet normal 0.55555 0.831483 0
    outer loop
      vertex 13 5.19615 73
      vertex 13.6526 4.76012 68
      vertex 13 5.19615 68
    endloop
  endfacet
  facet normal -0.442294 0.89687 0
    outer loop
      vertex 7.7039 5.54328 68
      vertex 7 5.19615 73
      vertex 7.7039 5.54328 73
    endloop
  endfacet
  facet normal -0.442294 0.89687 0
    outer loop
      vertex 7 5.19615 73
      vertex 7.7039 5.54328 68
      vertex 7 5.19615 68
    endloop
  endfacet
  facet normal 0.83143 0.555629 0
    outer loop
      vertex 15.1962 3 73
      vertex 14.7601 3.65257 68
      vertex 14.7601 3.65257 73
    endloop
  endfacet
  facet normal 0.83143 0.555629 0
    outer loop
      vertex 14.7601 3.65257 68
      vertex 15.1962 3 73
      vertex 15.1962 3 68
    endloop
  endfacet
  facet normal 0.321425 -0.946935 0
    outer loop
      vertex 11.5529 -5.79555 68
      vertex 12.2961 -5.54328 73
      vertex 11.5529 -5.79555 73
    endloop
  endfacet
  facet normal 0.321425 -0.946935 0
    outer loop
      vertex 12.2961 -5.54328 73
      vertex 11.5529 -5.79555 68
      vertex 12.2961 -5.54328 68
    endloop
  endfacet
  facet normal -0.751838 -0.659348 0
    outer loop
      vertex 5.75736 -4.24264 68
      vertex 5.23988 -3.65257 73
      vertex 5.23988 -3.65257 68
    endloop
  endfacet
  facet normal -0.751838 -0.659348 0
    outer loop
      vertex 5.23988 -3.65257 73
      vertex 5.75736 -4.24264 68
      vertex 5.75736 -4.24264 73
    endloop
  endfacet
  facet normal 0.659392 -0.751799 0
    outer loop
      vertex 13.6526 -4.76012 68
      vertex 14.2426 -4.24264 73
      vertex 13.6526 -4.76012 73
    endloop
  endfacet
  facet normal 0.659392 -0.751799 0
    outer loop
      vertex 14.2426 -4.24264 73
      vertex 13.6526 -4.76012 68
      vertex 14.2426 -4.24264 68
    endloop
  endfacet
  facet normal -0.321429 -0.946934 0
    outer loop
      vertex 7.7039 -5.54328 68
      vertex 8.44709 -5.79555 73
      vertex 7.7039 -5.54328 73
    endloop
  endfacet
  facet normal -0.321429 -0.946934 -0
    outer loop
      vertex 8.44709 -5.79555 73
      vertex 7.7039 -5.54328 68
      vertex 8.44709 -5.79555 68
    endloop
  endfacet
  facet normal 0.659392 0.751799 -0
    outer loop
      vertex 14.2426 4.24264 68
      vertex 13.6526 4.76012 73
      vertex 14.2426 4.24264 73
    endloop
  endfacet
  facet normal 0.659392 0.751799 0
    outer loop
      vertex 13.6526 4.76012 73
      vertex 14.2426 4.24264 68
      vertex 13.6526 4.76012 68
    endloop
  endfacet
  facet normal -0.555567 0.831472 0
    outer loop
      vertex 7 5.19615 68
      vertex 6.34743 4.76012 73
      vertex 7 5.19615 73
    endloop
  endfacet
  facet normal -0.555567 0.831472 0
    outer loop
      vertex 6.34743 4.76012 73
      vertex 7 5.19615 68
      vertex 6.34743 4.76012 68
    endloop
  endfacet
  facet normal 0.442294 0.89687 -0
    outer loop
      vertex 13 5.19615 68
      vertex 12.2961 5.54328 73
      vertex 13 5.19615 73
    endloop
  endfacet
  facet normal 0.442294 0.89687 0
    outer loop
      vertex 12.2961 5.54328 73
      vertex 13 5.19615 68
      vertex 12.2961 5.54328 68
    endloop
  endfacet
  facet normal -0.997859 -0.0654022 0
    outer loop
      vertex 4.05133 -0.783156 68
      vertex 4 0 73
      vertex 4 0 68
    endloop
  endfacet
  facet normal -0.997859 -0.0654022 0
    outer loop
      vertex 4 0 73
      vertex 4.05133 -0.783156 68
      vertex 4.05133 -0.783156 73
    endloop
  endfacet
  facet normal -0.0654018 -0.997859 0
    outer loop
      vertex 9.21684 -5.94867 68
      vertex 10 -6 73
      vertex 9.21684 -5.94867 73
    endloop
  endfacet
  facet normal -0.0654018 -0.997859 -0
    outer loop
      vertex 10 -6 73
      vertex 9.21684 -5.94867 68
      vertex 10 -6 68
    endloop
  endfacet
  facet normal 0.980789 -0.195074 0
    outer loop
      vertex 15.7956 -1.55291 73
      vertex 15.9487 -0.783156 68
      vertex 15.9487 -0.783156 73
    endloop
  endfacet
  facet normal 0.980789 -0.195074 0
    outer loop
      vertex 15.9487 -0.783156 68
      vertex 15.7956 -1.55291 73
      vertex 15.7956 -1.55291 68
    endloop
  endfacet
  facet normal -0.831472 -0.555567 0
    outer loop
      vertex 5.23988 -3.65257 68
      vertex 4.80385 -3 73
      vertex 4.80385 -3 68
    endloop
  endfacet
  facet normal -0.831472 -0.555567 0
    outer loop
      vertex 4.80385 -3 73
      vertex 5.23988 -3.65257 68
      vertex 5.23988 -3.65257 73
    endloop
  endfacet
  facet normal 0.55555 -0.831483 0
    outer loop
      vertex 13 -5.19615 68
      vertex 13.6526 -4.76012 73
      vertex 13 -5.19615 73
    endloop
  endfacet
  facet normal 0.55555 -0.831483 0
    outer loop
      vertex 13.6526 -4.76012 73
      vertex 13 -5.19615 68
      vertex 13.6526 -4.76012 68
    endloop
  endfacet
  facet normal 0.896885 -0.442263 0
    outer loop
      vertex 15.1962 -3 73
      vertex 15.5433 -2.2961 68
      vertex 15.5433 -2.2961 73
    endloop
  endfacet
  facet normal 0.896885 -0.442263 0
    outer loop
      vertex 15.5433 -2.2961 68
      vertex 15.1962 -3 73
      vertex 15.1962 -3 68
    endloop
  endfacet
  facet normal 0.195111 -0.980781 0
    outer loop
      vertex 10.7832 -5.94867 68
      vertex 11.5529 -5.79555 73
      vertex 10.7832 -5.94867 73
    endloop
  endfacet
  facet normal 0.195111 -0.980781 0
    outer loop
      vertex 11.5529 -5.79555 73
      vertex 10.7832 -5.94867 68
      vertex 11.5529 -5.79555 68
    endloop
  endfacet
  facet normal 0.0653985 -0.997859 0
    outer loop
      vertex 10 -6 68
      vertex 10.7832 -5.94867 73
      vertex 10 -6 73
    endloop
  endfacet
  facet normal 0.0653985 -0.997859 0
    outer loop
      vertex 10.7832 -5.94867 73
      vertex 10 -6 68
      vertex 10.7832 -5.94867 68
    endloop
  endfacet
  facet normal 0.321425 0.946935 -0
    outer loop
      vertex 12.2961 5.54328 68
      vertex 11.5529 5.79555 73
      vertex 12.2961 5.54328 73
    endloop
  endfacet
  facet normal 0.321425 0.946935 0
    outer loop
      vertex 11.5529 5.79555 73
      vertex 12.2961 5.54328 68
      vertex 11.5529 5.79555 68
    endloop
  endfacet
  facet normal -0.195099 -0.980784 0
    outer loop
      vertex 8.44709 -5.79555 68
      vertex 9.21684 -5.94867 73
      vertex 8.44709 -5.79555 73
    endloop
  endfacet
  facet normal -0.195099 -0.980784 -0
    outer loop
      vertex 9.21684 -5.94867 73
      vertex 8.44709 -5.79555 68
      vertex 9.21684 -5.94867 68
    endloop
  endfacet
  facet normal -0.980786 0.195086 0
    outer loop
      vertex 4.05133 0.783156 68
      vertex 4.20444 1.55291 73
      vertex 4.20444 1.55291 68
    endloop
  endfacet
  facet normal -0.980786 0.195086 0
    outer loop
      vertex 4.20444 1.55291 73
      vertex 4.05133 0.783156 68
      vertex 4.05133 0.783156 73
    endloop
  endfacet
  facet normal 0.195111 0.980781 -0
    outer loop
      vertex 11.5529 5.79555 68
      vertex 10.7832 5.94867 73
      vertex 11.5529 5.79555 73
    endloop
  endfacet
  facet normal 0.195111 0.980781 0
    outer loop
      vertex 10.7832 5.94867 73
      vertex 11.5529 5.79555 68
      vertex 10.7832 5.94867 68
    endloop
  endfacet
  facet normal -0.442294 -0.89687 0
    outer loop
      vertex 7 -5.19615 68
      vertex 7.7039 -5.54328 73
      vertex 7 -5.19615 73
    endloop
  endfacet
  facet normal -0.442294 -0.89687 -0
    outer loop
      vertex 7.7039 -5.54328 73
      vertex 7 -5.19615 68
      vertex 7.7039 -5.54328 68
    endloop
  endfacet
  facet normal -0.89687 0.442294 0
    outer loop
      vertex 4.45672 2.2961 68
      vertex 4.80385 3 73
      vertex 4.80385 3 68
    endloop
  endfacet
  facet normal -0.89687 0.442294 0
    outer loop
      vertex 4.80385 3 73
      vertex 4.45672 2.2961 68
      vertex 4.45672 2.2961 73
    endloop
  endfacet
  facet normal -0.997859 0.0654022 0
    outer loop
      vertex 4 0 68
      vertex 4.05133 0.783156 73
      vertex 4.05133 0.783156 68
    endloop
  endfacet
  facet normal -0.997859 0.0654022 0
    outer loop
      vertex 4.05133 0.783156 73
      vertex 4 0 68
      vertex 4 0 73
    endloop
  endfacet
  facet normal -0.195099 0.980784 0
    outer loop
      vertex 9.21684 5.94867 68
      vertex 8.44709 5.79555 73
      vertex 9.21684 5.94867 73
    endloop
  endfacet
  facet normal -0.195099 0.980784 0
    outer loop
      vertex 8.44709 5.79555 73
      vertex 9.21684 5.94867 68
      vertex 8.44709 5.79555 68
    endloop
  endfacet
  facet normal 0.751826 -0.659362 0
    outer loop
      vertex 14.2426 -4.24264 73
      vertex 14.7601 -3.65257 68
      vertex 14.7601 -3.65257 73
    endloop
  endfacet
  facet normal 0.751826 -0.659362 0
    outer loop
      vertex 14.7601 -3.65257 68
      vertex 14.2426 -4.24264 73
      vertex 14.2426 -4.24264 68
    endloop
  endfacet
  facet normal -0.321429 0.946934 0
    outer loop
      vertex 8.44709 5.79555 68
      vertex 7.7039 5.54328 73
      vertex 8.44709 5.79555 73
    endloop
  endfacet
  facet normal -0.321429 0.946934 0
    outer loop
      vertex 7.7039 5.54328 73
      vertex 8.44709 5.79555 68
      vertex 7.7039 5.54328 68
    endloop
  endfacet
  facet normal -0.94693 -0.321441 0
    outer loop
      vertex 4.45672 -2.2961 68
      vertex 4.20444 -1.55291 73
      vertex 4.20444 -1.55291 68
    endloop
  endfacet
  facet normal -0.94693 -0.321441 0
    outer loop
      vertex 4.20444 -1.55291 73
      vertex 4.45672 -2.2961 68
      vertex 4.45672 -2.2961 73
    endloop
  endfacet
  facet normal -0.89687 -0.442294 0
    outer loop
      vertex 4.80385 -3 68
      vertex 4.45672 -2.2961 73
      vertex 4.45672 -2.2961 68
    endloop
  endfacet
  facet normal -0.89687 -0.442294 0
    outer loop
      vertex 4.45672 -2.2961 73
      vertex 4.80385 -3 68
      vertex 4.80385 -3 73
    endloop
  endfacet
  facet normal -0.831472 0.555567 0
    outer loop
      vertex 4.80385 3 68
      vertex 5.23988 3.65257 73
      vertex 5.23988 3.65257 68
    endloop
  endfacet
  facet normal -0.831472 0.555567 0
    outer loop
      vertex 5.23988 3.65257 73
      vertex 4.80385 3 68
      vertex 4.80385 3 73
    endloop
  endfacet
  facet normal -0.555567 -0.831472 0
    outer loop
      vertex 6.34743 -4.76012 68
      vertex 7 -5.19615 73
      vertex 6.34743 -4.76012 73
    endloop
  endfacet
  facet normal -0.555567 -0.831472 -0
    outer loop
      vertex 7 -5.19615 73
      vertex 6.34743 -4.76012 68
      vertex 7 -5.19615 68
    endloop
  endfacet
  facet normal -0.94693 0.321441 0
    outer loop
      vertex 4.20444 1.55291 68
      vertex 4.45672 2.2961 73
      vertex 4.45672 2.2961 68
    endloop
  endfacet
  facet normal -0.94693 0.321441 0
    outer loop
      vertex 4.45672 2.2961 73
      vertex 4.20444 1.55291 68
      vertex 4.20444 1.55291 73
    endloop
  endfacet
  facet normal 0 0 1
    outer loop
      vertex 15.9487 0.783156 73
      vertex 15.9487 -0.783156 73
      vertex 16 0 73
    endloop
  endfacet
  facet normal 0 0 1
    outer loop
      vertex 15.7956 1.55291 73
      vertex 15.9487 -0.783156 73
      vertex 15.9487 0.783156 73
    endloop
  endfacet
  facet normal 0 0 1
    outer loop
      vertex 15.7956 1.55291 73
      vertex 15.7956 -1.55291 73
      vertex 15.9487 -0.783156 73
    endloop
  endfacet
  facet normal 0 0 1
    outer loop
      vertex 15.5433 2.2961 73
      vertex 15.7956 -1.55291 73
      vertex 15.7956 1.55291 73
    endloop
  endfacet
  facet normal 0 0 1
    outer loop
      vertex 15.5433 2.2961 73
      vertex 15.5433 -2.2961 73
      vertex 15.7956 -1.55291 73
    endloop
  endfacet
  facet normal 0 0 1
    outer loop
      vertex 15.1962 3 73
      vertex 15.5433 -2.2961 73
      vertex 15.5433 2.2961 73
    endloop
  endfacet
  facet normal 0 0 1
    outer loop
      vertex 15.1962 3 73
      vertex 15.1962 -3 73
      vertex 15.5433 -2.2961 73
    endloop
  endfacet
  facet normal 0 0 1
    outer loop
      vertex 14.7601 3.65257 73
      vertex 15.1962 -3 73
      vertex 15.1962 3 73
    endloop
  endfacet
  facet normal 0 0 1
    outer loop
      vertex 14.7601 3.65257 73
      vertex 14.7601 -3.65257 73
      vertex 15.1962 -3 73
    endloop
  endfacet
  facet normal 0 0 1
    outer loop
      vertex 14.2426 4.24264 73
      vertex 14.7601 -3.65257 73
      vertex 14.7601 3.65257 73
    endloop
  endfacet
  facet normal 0 0 1
    outer loop
      vertex 14.2426 4.24264 73
      vertex 14.2426 -4.24264 73
      vertex 14.7601 -3.65257 73
    endloop
  endfacet
  facet normal 0 0 1
    outer loop
      vertex 13.6526 4.76012 73
      vertex 14.2426 -4.24264 73
      vertex 14.2426 4.24264 73
    endloop
  endfacet
  facet normal 0 0 1
    outer loop
      vertex 13.6526 4.76012 73
      vertex 13.6526 -4.76012 73
      vertex 14.2426 -4.24264 73
    endloop
  endfacet
  facet normal 0 0 1
    outer loop
      vertex 13 5.19615 73
      vertex 13.6526 -4.76012 73
      vertex 13.6526 4.76012 73
    endloop
  endfacet
  facet normal 0 0 1
    outer loop
      vertex 13 5.19615 73
      vertex 13 -5.19615 73
      vertex 13.6526 -4.76012 73
    endloop
  endfacet
  facet normal 0 0 1
    outer loop
      vertex 12.2961 5.54328 73
      vertex 13 -5.19615 73
      vertex 13 5.19615 73
    endloop
  endfacet
  facet normal 0 0 1
    outer loop
      vertex 12.2961 5.54328 73
      vertex 12.2961 -5.54328 73
      vertex 13 -5.19615 73
    endloop
  endfacet
  facet normal 0 0 1
    outer loop
      vertex 11.5529 5.79555 73
      vertex 12.2961 -5.54328 73
      vertex 12.2961 5.54328 73
    endloop
  endfacet
  facet normal 0 0 1
    outer loop
      vertex 11.5529 5.79555 73
      vertex 11.5529 -5.79555 73
      vertex 12.2961 -5.54328 73
    endloop
  endfacet
  facet normal 0 0 1
    outer loop
      vertex 10.7832 5.94867 73
      vertex 11.5529 -5.79555 73
      vertex 11.5529 5.79555 73
    endloop
  endfacet
  facet normal 0 0 1
    outer loop
      vertex 10.7832 5.94867 73
      vertex 10.7832 -5.94867 73
      vertex 11.5529 -5.79555 73
    endloop
  endfacet
  facet normal 0 0 1
    outer loop
      vertex 10 6 73
      vertex 10.7832 -5.94867 73
      vertex 10.7832 5.94867 73
    endloop
  endfacet
  facet normal 0 0 1
    outer loop
      vertex 10 6 73
      vertex 10 -6 73
      vertex 10.7832 -5.94867 73
    endloop
  endfacet
  facet normal -0 0 1
    outer loop
      vertex 9.21684 5.94867 73
      vertex 10 -6 73
      vertex 10 6 73
    endloop
  endfacet
  facet normal 0 0 1
    outer loop
      vertex 9.21684 5.94867 73
      vertex 9.21684 -5.94867 73
      vertex 10 -6 73
    endloop
  endfacet
  facet normal -0 0 1
    outer loop
      vertex 8.44709 5.79555 73
      vertex 9.21684 -5.94867 73
      vertex 9.21684 5.94867 73
    endloop
  endfacet
  facet normal 0 0 1
    outer loop
      vertex 8.44709 5.79555 73
      vertex 8.44709 -5.79555 73
      vertex 9.21684 -5.94867 73
    endloop
  endfacet
  facet normal -0 0 1
    outer loop
      vertex 7.7039 5.54328 73
      vertex 8.44709 -5.79555 73
      vertex 8.44709 5.79555 73
    endloop
  endfacet
  facet normal 0 0 1
    outer loop
      vertex 7.7039 5.54328 73
      vertex 7.7039 -5.54328 73
      vertex 8.44709 -5.79555 73
    endloop
  endfacet
  facet normal -0 0 1
    outer loop
      vertex 7 5.19615 73
      vertex 7.7039 -5.54328 73
      vertex 7.7039 5.54328 73
    endloop
  endfacet
  facet normal 0 0 1
    outer loop
      vertex 7 5.19615 73
      vertex 7 -5.19615 73
      vertex 7.7039 -5.54328 73
    endloop
  endfacet
  facet normal -0 0 1
    outer loop
      vertex 6.34743 4.76012 73
      vertex 7 -5.19615 73
      vertex 7 5.19615 73
    endloop
  endfacet
  facet normal 0 0 1
    outer loop
      vertex 6.34743 4.76012 73
      vertex 6.34743 -4.76012 73
      vertex 7 -5.19615 73
    endloop
  endfacet
  facet normal -0 0 1
    outer loop
      vertex 5.75736 4.24264 73
      vertex 6.34743 -4.76012 73
      vertex 6.34743 4.76012 73
    endloop
  endfacet
  facet normal 0 0 1
    outer loop
      vertex 5.75736 4.24264 73
      vertex 5.75736 -4.24264 73
      vertex 6.34743 -4.76012 73
    endloop
  endfacet
  facet normal -0 0 1
    outer loop
      vertex 5.23988 3.65257 73
      vertex 5.75736 -4.24264 73
      vertex 5.75736 4.24264 73
    endloop
  endfacet
  facet normal 0 0 1
    outer loop
      vertex 5.23988 3.65257 73
      vertex 5.23988 -3.65257 73
      vertex 5.75736 -4.24264 73
    endloop
  endfacet
  facet normal -0 0 1
    outer loop
      vertex 4.80385 3 73
      vertex 5.23988 -3.65257 73
      vertex 5.23988 3.65257 73
    endloop
  endfacet
  facet normal 0 0 1
    outer loop
      vertex 4.80385 3 73
      vertex 4.80385 -3 73
      vertex 5.23988 -3.65257 73
    endloop
  endfacet
  facet normal -0 0 1
    outer loop
      vertex 4.45672 2.2961 73
      vertex 4.80385 -3 73
      vertex 4.80385 3 73
    endloop
  endfacet
  facet normal 0 0 1
    outer loop
      vertex 4.45672 2.2961 73
      vertex 4.45672 -2.2961 73
      vertex 4.80385 -3 73
    endloop
  endfacet
  facet normal -0 0 1
    outer loop
      vertex 4.20444 1.55291 73
      vertex 4.45672 -2.2961 73
      vertex 4.45672 2.2961 73
    endloop
  endfacet
  facet normal 0 0 1
    outer loop
      vertex 4.20444 1.55291 73
      vertex 4.20444 -1.55291 73
      vertex 4.45672 -2.2961 73
    endloop
  endfacet
  facet normal -0 0 1
    outer loop
      vertex 4.05133 0.783156 73
      vertex 4.20444 -1.55291 73
      vertex 4.20444 1.55291 73
    endloop
  endfacet
  facet normal 0 0 1
    outer loop
      vertex 4.05133 0.783156 73
      vertex 4.05133 -0.783156 73
      vertex 4.20444 -1.55291 73
    endloop
  endfacet
  facet normal 0 -0 1
    outer loop
      vertex 4.05133 -0.783156 73
      vertex 4.05133 0.783156 73
      vertex 4 0 73
    endloop
  endfacet
  facet normal 1 0 0
    outer loop
      vertex 190 -123 -55
      vertex 190 -127 -55
      vertex 190 -123 -59.9
    endloop
  endfacet
  facet normal 1 0 0
    outer loop
      vertex 190 -121 -59.9
      vertex 190 -123 -59.9
      vertex 190 -121 -60
    endloop
  endfacet
  facet normal 1 0 0
    outer loop
      vertex 190 -69 -59.9
      vertex 190 -75 -59.9
      vertex 190 -69 -60
    endloop
  endfacet
  facet normal 1 0 0
    outer loop
      vertex 190 -17 -59.9
      vertex 190 -23 -59.9
      vertex 190 -17 -60
    endloop
  endfacet
  facet normal 1 0 0
    outer loop
      vertex 190 35 -59.9
      vertex 190 29 -59.9
      vertex 190 35 -60
    endloop
  endfacet
  facet normal 1 0 0
    outer loop
      vertex 190 105 -55
      vertex 190 99 -55
      vertex 190 105 -59.9
    endloop
  endfacet
  facet normal 1 0 0
    outer loop
      vertex 190 117 -55
      vertex 190 111 -55
      vertex 190 117 -59.9
    endloop
  endfacet
  facet normal 1 0 0
    outer loop
      vertex 190 129 -55
      vertex 190 123 -55
      vertex 190 129 -59.9
    endloop
  endfacet
  facet normal 1 0 0
    outer loop
      vertex 190 141 -55
      vertex 190 135 -55
      vertex 190 141 -59.9
    endloop
  endfacet
  facet normal 1 0 0
    outer loop
      vertex 190 153 -55
      vertex 190 147 -55
      vertex 190 153 -59.9
    endloop
  endfacet
  facet normal 1 0 0
    outer loop
      vertex 190 159.2 -59.9
      vertex 190 160 -55
      vertex 190 159.2 -55
    endloop
  endfacet
  facet normal 1 0 0
    outer loop
      vertex 190 160 -55
      vertex 190 159.2 -59.9
      vertex 190 160 -65
    endloop
  endfacet
  facet normal 1 -0 0
    outer loop
      vertex 190 153 -59.9
      vertex 190 160 -65
      vertex 190 159.2 -59.9
    endloop
  endfacet
  facet normal 1 0 0
    outer loop
      vertex 190 147 -59.9
      vertex 190 153 -59.9
      vertex 190 147 -55
    endloop
  endfacet
  facet normal 1 -0 0
    outer loop
      vertex 190 147 -59.9
      vertex 190 160 -65
      vertex 190 153 -59.9
    endloop
  endfacet
  facet normal 1 -0 0
    outer loop
      vertex 190 141 -59.9
      vertex 190 160 -65
      vertex 190 147 -59.9
    endloop
  endfacet
  facet normal 1 0 0
    outer loop
      vertex 190 135 -59.9
      vertex 190 141 -59.9
      vertex 190 135 -55
    endloop
  endfacet
  facet normal 1 -0 0
    outer loop
      vertex 190 135 -59.9
      vertex 190 160 -65
      vertex 190 141 -59.9
    endloop
  endfacet
  facet normal 1 -0 0
    outer loop
      vertex 190 129 -59.9
      vertex 190 160 -65
      vertex 190 135 -59.9
    endloop
  endfacet
  facet normal 1 0 0
    outer loop
      vertex 190 123 -59.9
      vertex 190 129 -59.9
      vertex 190 123 -55
    endloop
  endfacet
  facet normal 1 -0 0
    outer loop
      vertex 190 123 -59.9
      vertex 190 160 -65
      vertex 190 129 -59.9
    endloop
  endfacet
  facet normal 1 -0 0
    outer loop
      vertex 190 117 -59.9
      vertex 190 160 -65
      vertex 190 123 -59.9
    endloop
  endfacet
  facet normal 1 0 0
    outer loop
      vertex 190 111 -59.9
      vertex 190 117 -59.9
      vertex 190 111 -55
    endloop
  endfacet
  facet normal 1 -0 0
    outer loop
      vertex 190 111 -59.9
      vertex 190 160 -65
      vertex 190 117 -59.9
    endloop
  endfacet
  facet normal 1 -0 0
    outer loop
      vertex 190 105 -59.9
      vertex 190 160 -65
      vertex 190 111 -59.9
    endloop
  endfacet
  facet normal 1 0 0
    outer loop
      vertex 190 99 -59.9
      vertex 190 105 -59.9
      vertex 190 99 -55
    endloop
  endfacet
  facet normal 1 -0 0
    outer loop
      vertex 190 99 -59.9
      vertex 190 160 -65
      vertex 190 105 -59.9
    endloop
  endfacet
  facet normal 1 0 0
    outer loop
      vertex 190 81 -60
      vertex 190 99 -59.9
      vertex 190 81 -59.9
    endloop
  endfacet
  facet normal 1 0 0
    outer loop
      vertex 190 99 -59.9
      vertex 190 81 -60
      vertex 190 160 -65
    endloop
  endfacet
  facet normal 1 -0 0
    outer loop
      vertex 190 35 -60
      vertex 190 160 -65
      vertex 190 81 -60
    endloop
  endfacet
  facet normal 1 0 0
    outer loop
      vertex 190 29 -60
      vertex 190 35 -60
      vertex 190 29 -59.9
    endloop
  endfacet
  facet normal 1 0 0
    outer loop
      vertex 190 35 -60
      vertex 190 29 -60
      vertex 190 160 -65
    endloop
  endfacet
  facet normal 1 -0 0
    outer loop
      vertex 190 -17 -60
      vertex 190 160 -65
      vertex 190 29 -60
    endloop
  endfacet
  facet normal 1 0 0
    outer loop
      vertex 190 -23 -60
      vertex 190 -17 -60
      vertex 190 -23 -59.9
    endloop
  endfacet
  facet normal 1 0 0
    outer loop
      vertex 190 -17 -60
      vertex 190 -23 -60
      vertex 190 160 -65
    endloop
  endfacet
  facet normal 1 0 0
    outer loop
      vertex 190 -160 -65
      vertex 190 -23 -60
      vertex 190 -69 -60
    endloop
  endfacet
  facet normal 1 0 0
    outer loop
      vertex 190 -75 -60
      vertex 190 -69 -60
      vertex 190 -75 -59.9
    endloop
  endfacet
  facet normal 1 0 0
    outer loop
      vertex 190 -160 -65
      vertex 190 -69 -60
      vertex 190 -75 -60
    endloop
  endfacet
  facet normal 1 0 0
    outer loop
      vertex 190 -160 -65
      vertex 190 -75 -60
      vertex 190 -121 -60
    endloop
  endfacet
  facet normal 1 0 0
    outer loop
      vertex 190 -127 -60
      vertex 190 -123 -59.9
      vertex 190 -127 -55
    endloop
  endfacet
  facet normal 1 0 0
    outer loop
      vertex 190 -127 -60
      vertex 190 -121 -60
      vertex 190 -123 -59.9
    endloop
  endfacet
  facet normal 1 0 0
    outer loop
      vertex 190 -160 -65
      vertex 190 -121 -60
      vertex 190 -127 -60
    endloop
  endfacet
  facet normal 1 0 0
    outer loop
      vertex 190 -160 -65
      vertex 190 -127 -60
      vertex 190 -160 -60
    endloop
  endfacet
  facet normal 1 0 0
    outer loop
      vertex 190 -23 -60
      vertex 190 -160 -65
      vertex 190 160 -65
    endloop
  endfacet
  facet normal 0 0 1
    outer loop
      vertex 188 159.378 -55
      vertex 190 160 -55
      vertex 188 160 -55
    endloop
  endfacet
  facet normal 0 0 1
    outer loop
      vertex 190 160 -55
      vertex 188 159.378 -55
      vertex 190 159.2 -55
    endloop
  endfacet
  facet normal -0 0 1
    outer loop
      vertex 188 -159.378 -55
      vertex 189 -160 -55
      vertex 189 -159.289 -55
    endloop
  endfacet
  facet normal 0 0 1
    outer loop
      vertex 189 -160 -55
      vertex 188 -159.378 -55
      vertex 188 -160 -55
    endloop
  endfacet
  facet normal 0 0 1
    outer loop
      vertex 188 152 -55
      vertex 190 153 -55
      vertex 188 153 -55
    endloop
  endfacet
  facet normal 0 0 1
    outer loop
      vertex 190 153 -55
      vertex 188 152 -55
      vertex 190 147 -55
    endloop
  endfacet
  facet normal 0 0 1
    outer loop
      vertex 188 152 -55
      vertex 179 147 -55
      vertex 190 147 -55
    endloop
  endfacet
  facet normal 0 0 1
    outer loop
      vertex -190 152 -55
      vertex 179 141 -55
      vertex 179 147 -55
    endloop
  endfacet
  facet normal 0 0 1
    outer loop
      vertex 179 141 -55
      vertex -190 152 -55
      vertex 179 135 -55
    endloop
  endfacet
  facet normal 0 0 1
    outer loop
      vertex 179 135 -55
      vertex -190 152 -55
      vertex 179 129 -55
    endloop
  endfacet
  facet normal 0 0 1
    outer loop
      vertex 179 129 -55
      vertex -190 152 -55
      vertex 179 123 -55
    endloop
  endfacet
  facet normal 0 0 1
    outer loop
      vertex 179 123 -55
      vertex -190 152 -55
      vertex 179 117 -55
    endloop
  endfacet
  facet normal 0 0 1
    outer loop
      vertex 179 117 -55
      vertex -190 152 -55
      vertex 179 111 -55
    endloop
  endfacet
  facet normal 0 0 1
    outer loop
      vertex 179 111 -55
      vertex -190 152 -55
      vertex 179 105 -55
    endloop
  endfacet
  facet normal 0 0 1
    outer loop
      vertex 179 105 -55
      vertex -190 152 -55
      vertex 179 99 -55
    endloop
  endfacet
  facet normal 0 0 1
    outer loop
      vertex 179 99 -55
      vertex -190 152 -55
      vertex 179 -99 -55
    endloop
  endfacet
  facet normal 0 0 1
    outer loop
      vertex -190 -152 -55
      vertex 179 -99 -55
      vertex -190 152 -55
    endloop
  endfacet
  facet normal 0 0 1
    outer loop
      vertex 179 -99 -55
      vertex -190 -152 -55
      vertex 179 -105 -55
    endloop
  endfacet
  facet normal 0 0 1
    outer loop
      vertex 179 -105 -55
      vertex -190 -152 -55
      vertex 179 -111 -55
    endloop
  endfacet
  facet normal 0 0 1
    outer loop
      vertex 179 -111 -55
      vertex -190 -152 -55
      vertex 179 -117 -55
    endloop
  endfacet
  facet normal 0 0 1
    outer loop
      vertex 179 -117 -55
      vertex -190 -152 -55
      vertex 179 -123 -55
    endloop
  endfacet
  facet normal 0 0 1
    outer loop
      vertex 179 -123 -55
      vertex -190 -152 -55
      vertex 179 -129 -55
    endloop
  endfacet
  facet normal 0 0 1
    outer loop
      vertex 179 -129 -55
      vertex -190 -152 -55
      vertex 179 -135 -55
    endloop
  endfacet
  facet normal 0 0 1
    outer loop
      vertex 179 -135 -55
      vertex -190 -152 -55
      vertex 179 -141 -55
    endloop
  endfacet
  facet normal -0 0 1
    outer loop
      vertex -190 152 -55
      vertex 179 147 -55
      vertex 188 152 -55
    endloop
  endfacet
  facet normal -0 0 1
    outer loop
      vertex 179 141 -55
      vertex 190 135 -55
      vertex 190 141 -55
    endloop
  endfacet
  facet normal 0 0 1
    outer loop
      vertex 190 135 -55
      vertex 179 141 -55
      vertex 179 135 -55
    endloop
  endfacet
  facet normal -0 0 1
    outer loop
      vertex 179 129 -55
      vertex 190 123 -55
      vertex 190 129 -55
    endloop
  endfacet
  facet normal 0 0 1
    outer loop
      vertex 190 123 -55
      vertex 179 129 -55
      vertex 179 123 -55
    endloop
  endfacet
  facet normal -0 0 1
    outer loop
      vertex 179 117 -55
      vertex 190 111 -55
      vertex 190 117 -55
    endloop
  endfacet
  facet normal 0 0 1
    outer loop
      vertex 190 111 -55
      vertex 179 117 -55
      vertex 179 111 -55
    endloop
  endfacet
  facet normal -0 0 1
    outer loop
      vertex 179 105 -55
      vertex 190 99 -55
      vertex 190 105 -55
    endloop
  endfacet
  facet normal 0 0 1
    outer loop
      vertex 190 99 -55
      vertex 179 105 -55
      vertex 179 99 -55
    endloop
  endfacet
  facet normal -0 0 1
    outer loop
      vertex 179 -99 -55
      vertex 189 -105 -55
      vertex 189 -99 -55
    endloop
  endfacet
  facet normal 0 0 1
    outer loop
      vertex 189 -105 -55
      vertex 179 -99 -55
      vertex 179 -105 -55
    endloop
  endfacet
  facet normal -0 0 1
    outer loop
      vertex 179 -111 -55
      vertex 189 -117 -55
      vertex 189 -111 -55
    endloop
  endfacet
  facet normal 0 0 1
    outer loop
      vertex 189 -117 -55
      vertex 179 -111 -55
      vertex 179 -117 -55
    endloop
  endfacet
  facet normal 0 0 1
    outer loop
      vertex 190 -123 -55
      vertex 189 -127 -55
      vertex 190 -127 -55
    endloop
  endfacet
  facet normal -0 0 1
    outer loop
      vertex 179 -123 -55
      vertex 189 -127 -55
      vertex 190 -123 -55
    endloop
  endfacet
  facet normal 0 0 1
    outer loop
      vertex 179 -129 -55
      vertex 189 -127 -55
      vertex 179 -123 -55
    endloop
  endfacet
  facet normal 0 0 1
    outer loop
      vertex 189 -127 -55
      vertex 179 -129 -55
      vertex 189 -129 -55
    endloop
  endfacet
  facet normal -0 0 1
    outer loop
      vertex 179 -135 -55
      vertex 189 -141 -55
      vertex 189 -135 -55
    endloop
  endfacet
  facet normal 0 0 1
    outer loop
      vertex 189 -141 -55
      vertex 179 -135 -55
      vertex 179 -141 -55
    endloop
  endfacet
  facet normal 0 0 1
    outer loop
      vertex 189 -147 -55
      vertex 188 -152 -55
      vertex 189 -153 -55
    endloop
  endfacet
  facet normal -0 0 1
    outer loop
      vertex 179 -147 -55
      vertex 188 -152 -55
      vertex 189 -147 -55
    endloop
  endfacet
  facet normal 0 0 1
    outer loop
      vertex 179 -147 -55
      vertex -190 -152 -55
      vertex 188 -152 -55
    endloop
  endfacet
  facet normal 0 0 1
    outer loop
      vertex 179 -141 -55
      vertex -190 -152 -55
      vertex 179 -147 -55
    endloop
  endfacet
  facet normal 0 0 1
    outer loop
      vertex 189 -153 -55
      vertex 188 -152 -55
      vertex 188 -153 -55
    endloop
  endfacet
  facet normal 0 0 1
    outer loop
      vertex 189 0.711111 -55
      vertex 181 0 -55
      vertex 189 -0.711111 -55
    endloop
  endfacet
  facet normal 0 0 -1
    outer loop
      vertex -190 -160 -65
      vertex -169.229 -152 -65
      vertex -169.229 -160 -65
    endloop
  endfacet
  facet normal -0 0 -1
    outer loop
      vertex -169.229 -152 -65
      vertex -190 -160 -65
      vertex -169.229 152 -65
    endloop
  endfacet
  facet normal 0 0 -1
    outer loop
      vertex -190 160 -65
      vertex -169.229 152 -65
      vertex -190 -160 -65
    endloop
  endfacet
  facet normal 0 0 -1
    outer loop
      vertex -169.229 152 -65
      vertex -190 160 -65
      vertex -169.229 160 -65
    endloop
  endfacet
  facet normal 0 0 -1
    outer loop
      vertex -169.229 -152 -65
      vertex -30.7706 152 -65
      vertex -30.7706 -152 -65
    endloop
  endfacet
  facet normal -0 0 -1
    outer loop
      vertex -30.7706 152 -65
      vertex -169.229 -152 -65
      vertex -169.229 152 -65
    endloop
  endfacet
  facet normal 0 0 -1
    outer loop
      vertex -30.7706 -152 -65
      vertex 190 -160 -65
      vertex -30.7706 -160 -65
    endloop
  endfacet
  facet normal 0 0 -1
    outer loop
      vertex 190 -160 -65
      vertex -30.7706 -152 -65
      vertex 190 160 -65
    endloop
  endfacet
  facet normal 0 0 -1
    outer loop
      vertex -30.7706 152 -65
      vertex 190 160 -65
      vertex -30.7706 -152 -65
    endloop
  endfacet
  facet normal -0 0 -1
    outer loop
      vertex 190 160 -65
      vertex -30.7706 152 -65
      vertex -30.7706 160 -65
    endloop
  endfacet
  facet normal -1 0 0
    outer loop
      vertex -190 160 -65
      vertex -190 152 -60
      vertex -190 160 -60
    endloop
  endfacet
  facet normal -1 0 0
    outer loop
      vertex -190 152 -60
      vertex -190 -152 -60
      vertex -190 152 -55
    endloop
  endfacet
  facet normal -1 0 0
    outer loop
      vertex -190 160 -65
      vertex -190 -152 -60
      vertex -190 152 -60
    endloop
  endfacet
  facet normal -1 0 0
    outer loop
      vertex -190 -160 -65
      vertex -190 -152 -60
      vertex -190 160 -65
    endloop
  endfacet
  facet normal -1 -0 0
    outer loop
      vertex -190 -152 -60
      vertex -190 -160 -65
      vertex -190 -160 -60
    endloop
  endfacet
  facet normal -1 -0 0
    outer loop
      vertex -190 152 -55
      vertex -190 -152 -60
      vertex -190 -152 -55
    endloop
  endfacet
  facet normal 0 0 -1
    outer loop
      vertex -300 152 -60
      vertex -190 160 -60
      vertex -190 152 -60
    endloop
  endfacet
  facet normal -0 0 -1
    outer loop
      vertex -190 160 -60
      vertex -300 152 -60
      vertex -300 160 -60
    endloop
  endfacet
  facet normal 1 -0 0
    outer loop
      vertex 188 152 -48
      vertex 188 153 -55
      vertex 188 153 -48
    endloop
  endfacet
  facet normal 1 0 0
    outer loop
      vertex 188 153 -55
      vertex 188 152 -48
      vertex 188 152 -55
    endloop
  endfacet
  facet normal 1 -0 0
    outer loop
      vertex 188 159.378 -48
      vertex 188 160 -55
      vertex 188 160 -48
    endloop
  endfacet
  facet normal 1 0 0
    outer loop
      vertex 188 160 -55
      vertex 188 159.378 -48
      vertex 188 159.378 -55
    endloop
  endfacet
  facet normal -1 0 0
    outer loop
      vertex -300 152 -60
      vertex -300 160 60
      vertex -300 160 -60
    endloop
  endfacet
  facet normal -1 -0 0
    outer loop
      vertex -300 160 60
      vertex -300 152 -60
      vertex -300 152 60
    endloop
  endfacet
  facet normal 0 -1 0
    outer loop
      vertex -190 152 -55
      vertex -176.881 152 60
      vertex -300 152 60
    endloop
  endfacet
  facet normal 0 -1 -0
    outer loop
      vertex -176.881 152 60
      vertex -190 152 -55
      vertex 0 152 60
    endloop
  endfacet
  facet normal 0 -1 0
    outer loop
      vertex 188 152 -55
      vertex 0 152 60
      vertex -190 152 -55
    endloop
  endfacet
  facet normal 0 -1 0
    outer loop
      vertex -300 152 -60
      vertex -190 152 -55
      vertex -300 152 60
    endloop
  endfacet
  facet normal 0 -1 -0
    outer loop
      vertex -190 152 -55
      vertex -300 152 -60
      vertex -190 152 -60
    endloop
  endfacet
  facet normal 0 -1 0
    outer loop
      vertex 0 152 60
      vertex 188 152 -55
      vertex 188 152 -48
    endloop
  endfacet
  facet normal 0 -1 0
    outer loop
      vertex -167.615 152 -73.1173
      vertex -30.7706 152 -65
      vertex -169.229 152 -65
    endloop
  endfacet
  facet normal 0 -1 0
    outer loop
      vertex -167.615 152 -73.1173
      vertex -32.3852 152 -73.1173
      vertex -30.7706 152 -65
    endloop
  endfacet
  facet normal 0 -1 0
    outer loop
      vertex -164.672 152 -81.7878
      vertex -32.3852 152 -73.1173
      vertex -167.615 152 -73.1173
    endloop
  endfacet
  facet normal 0 -1 0
    outer loop
      vertex -164.672 152 -81.7878
      vertex -35.3284 152 -81.7878
      vertex -32.3852 152 -73.1173
    endloop
  endfacet
  facet normal 0 -1 0
    outer loop
      vertex -160.622 152 -90
      vertex -35.3284 152 -81.7878
      vertex -164.672 152 -81.7878
    endloop
  endfacet
  facet normal 0 -1 0
    outer loop
      vertex -160.622 152 -90
      vertex -39.3782 152 -90
      vertex -35.3284 152 -81.7878
    endloop
  endfacet
  facet normal 0 -1 0
    outer loop
      vertex -155.535 152 -97.6133
      vertex -39.3782 152 -90
      vertex -160.622 152 -90
    endloop
  endfacet
  facet normal 0 -1 0
    outer loop
      vertex -155.535 152 -97.6133
      vertex -44.4653 152 -97.6133
      vertex -39.3782 152 -90
    endloop
  endfacet
  facet normal 0 -1 0
    outer loop
      vertex -149.497 152 -104.497
      vertex -44.4653 152 -97.6133
      vertex -155.535 152 -97.6133
    endloop
  endfacet
  facet normal 0 -1 0
    outer loop
      vertex -149.497 152 -104.497
      vertex -50.5025 152 -104.497
      vertex -44.4653 152 -97.6133
    endloop
  endfacet
  facet normal 0 -1 0
    outer loop
      vertex -142.613 152 -110.535
      vertex -50.5025 152 -104.497
      vertex -149.497 152 -104.497
    endloop
  endfacet
  facet normal 0 -1 0
    outer loop
      vertex -142.613 152 -110.535
      vertex -57.3867 152 -110.535
      vertex -50.5025 152 -104.497
    endloop
  endfacet
  facet normal 0 -1 0
    outer loop
      vertex -135 152 -115.622
      vertex -57.3867 152 -110.535
      vertex -142.613 152 -110.535
    endloop
  endfacet
  facet normal 0 -1 0
    outer loop
      vertex -135 152 -115.622
      vertex -65 152 -115.622
      vertex -57.3867 152 -110.535
    endloop
  endfacet
  facet normal 0 -1 0
    outer loop
      vertex -126.788 152 -119.672
      vertex -65 152 -115.622
      vertex -135 152 -115.622
    endloop
  endfacet
  facet normal 0 -1 0
    outer loop
      vertex -126.788 152 -119.672
      vertex -73.2122 152 -119.672
      vertex -65 152 -115.622
    endloop
  endfacet
  facet normal 0 -1 0
    outer loop
      vertex -118.117 152 -122.615
      vertex -73.2122 152 -119.672
      vertex -126.788 152 -119.672
    endloop
  endfacet
  facet normal 0 -1 0
    outer loop
      vertex -118.117 152 -122.615
      vertex -81.8827 152 -122.615
      vertex -73.2122 152 -119.672
    endloop
  endfacet
  facet normal 0 -1 0
    outer loop
      vertex -109.137 152 -124.401
      vertex -81.8827 152 -122.615
      vertex -118.117 152 -122.615
    endloop
  endfacet
  facet normal 0 -1 0
    outer loop
      vertex -109.137 152 -124.401
      vertex -90.8632 152 -124.401
      vertex -81.8827 152 -122.615
    endloop
  endfacet
  facet normal -0 -1 0
    outer loop
      vertex -90.8632 152 -124.401
      vertex -109.137 152 -124.401
      vertex -100 152 -125
    endloop
  endfacet
  facet normal 0.498125 -0 0.867106
    outer loop
      vertex 0 155 60
      vertex 179 160 -42.8298
      vertex 0 160 60
    endloop
  endfacet
  facet normal 0.498124 0 0.867106
    outer loop
      vertex 179 153 -42.8298
      vertex 188 152 -48
      vertex 188 153 -48
    endloop
  endfacet
  facet normal 0.498125 0 0.867106
    outer loop
      vertex 179 160 -42.8298
      vertex 0 155 60
      vertex 179 153 -42.8298
    endloop
  endfacet
  facet normal 0.498125 -0 0.867106
    outer loop
      vertex 0 152 60
      vertex 179 153 -42.8298
      vertex 0 155 60
    endloop
  endfacet
  facet normal 0.498124 1.10694e-05 0.867106
    outer loop
      vertex 179 153 -42.8298
      vertex 0 152 60
      vertex 188 152 -48
    endloop
  endfacet
  facet normal 0.498127 0 0.867104
    outer loop
      vertex 188 160 -48
      vertex 181 160 -43.9787
      vertex 188 159.378 -48
    endloop
  endfacet
  facet normal 0.498127 0 0.867104
    outer loop
      vertex 188 -159.378 -48
      vertex 181 -160 -43.9787
      vertex 188 -160 -48
    endloop
  endfacet
  facet normal 0.498124 0 0.867106
    outer loop
      vertex 188 -152 -48
      vertex 179 -153 -42.8298
      vertex 188 -153 -48
    endloop
  endfacet
  facet normal 0.498124 -1.10694e-05 0.867106
    outer loop
      vertex 0 -152 60
      vertex 179 -153 -42.8298
      vertex 188 -152 -48
    endloop
  endfacet
  facet normal 0.498125 -0 0.867106
    outer loop
      vertex 0 -155 60
      vertex 179 -153 -42.8298
      vertex 0 -152 60
    endloop
  endfacet
  facet normal 0.498125 0 0.867106
    outer loop
      vertex 179 -153 -42.8298
      vertex 0 -155 60
      vertex 179 -160 -42.8298
    endloop
  endfacet
  facet normal 0.498125 0 0.867106
    outer loop
      vertex 179 -160 -42.8298
      vertex 0 -155 60
      vertex 0 -160 60
    endloop
  endfacet
  facet normal -1 0 0
    outer loop
      vertex -300 -160 -60
      vertex -300 -152 60
      vertex -300 -152 -60
    endloop
  endfacet
  facet normal -1 -0 0
    outer loop
      vertex -300 -152 60
      vertex -300 -160 -60
      vertex -300 -160 60
    endloop
  endfacet
  facet normal 1 -0 0
    outer loop
      vertex 188 -160 -48
      vertex 188 -159.378 -55
      vertex 188 -159.378 -48
    endloop
  endfacet
  facet normal 1 0 0
    outer loop
      vertex 188 -159.378 -55
      vertex 188 -160 -48
      vertex 188 -160 -55
    endloop
  endfacet
  facet normal 1 -0 0
    outer loop
      vertex 188 -153 -48
      vertex 188 -152 -55
      vertex 188 -152 -48
    endloop
  endfacet
  facet normal 1 0 0
    outer loop
      vertex 188 -152 -55
      vertex 188 -153 -48
      vertex 188 -153 -55
    endloop
  endfacet
  facet normal 0 1 0
    outer loop
      vertex -190 -152 -55
      vertex 0 -152 60
      vertex 188 -152 -55
    endloop
  endfacet
  facet normal 0 1 0
    outer loop
      vertex 0 -152 60
      vertex -190 -152 -55
      vertex -227 -152 -53
    endloop
  endfacet
  facet normal 0 1 0
    outer loop
      vertex -227 -152 -60
      vertex -190 -152 -55
      vertex -190 -152 -60
    endloop
  endfacet
  facet normal 0 1 0
    outer loop
      vertex -190 -152 -55
      vertex -227 -152 -60
      vertex -227 -152 -53
    endloop
  endfacet
  facet normal 0 1 0
    outer loop
      vertex -227 -152 -53
      vertex -176.881 -152 60
      vertex 0 -152 60
    endloop
  endfacet
  facet normal 0 1 -0
    outer loop
      vertex 188 -152 -55
      vertex 0 -152 60
      vertex 188 -152 -48
    endloop
  endfacet
  facet normal 0 1 0
    outer loop
      vertex -229 -152 -53
      vertex -176.881 -152 60
      vertex -227 -152 -53
    endloop
  endfacet
  facet normal 0 1 0
    outer loop
      vertex -176.881 -152 60
      vertex -229 -152 -53
      vertex -300 -152 60
    endloop
  endfacet
  facet normal 0 1 -0
    outer loop
      vertex -292 -152 -54.75
      vertex -300 -152 60
      vertex -229 -152 -53
    endloop
  endfacet
  facet normal 0 1 0
    outer loop
      vertex -300 -152 -60
      vertex -292 -152 -54.75
      vertex -292 -152 -58.25
    endloop
  endfacet
  facet normal 0 1 0
    outer loop
      vertex -292 -152 -54.75
      vertex -300 -152 -60
      vertex -300 -152 60
    endloop
  endfacet
  facet normal 0 1 0
    outer loop
      vertex -300 -152 -60
      vertex -292 -152 -58.25
      vertex -229 -152 -60
    endloop
  endfacet
  facet normal 0 1 -0
    outer loop
      vertex -32.3852 -152 -73.1173
      vertex -169.229 -152 -65
      vertex -30.7706 -152 -65
    endloop
  endfacet
  facet normal 0 1 0
    outer loop
      vertex -32.3852 -152 -73.1173
      vertex -167.615 -152 -73.1173
      vertex -169.229 -152 -65
    endloop
  endfacet
  facet normal 0 1 -0
    outer loop
      vertex -35.3284 -152 -81.7878
      vertex -167.615 -152 -73.1173
      vertex -32.3852 -152 -73.1173
    endloop
  endfacet
  facet normal 0 1 0
    outer loop
      vertex -35.3284 -152 -81.7878
      vertex -164.672 -152 -81.7878
      vertex -167.615 -152 -73.1173
    endloop
  endfacet
  facet normal 0 1 -0
    outer loop
      vertex -39.3782 -152 -90
      vertex -164.672 -152 -81.7878
      vertex -35.3284 -152 -81.7878
    endloop
  endfacet
  facet normal 0 1 0
    outer loop
      vertex -39.3782 -152 -90
      vertex -160.622 -152 -90
      vertex -164.672 -152 -81.7878
    endloop
  endfacet
  facet normal 0 1 -0
    outer loop
      vertex -44.4653 -152 -97.6133
      vertex -160.622 -152 -90
      vertex -39.3782 -152 -90
    endloop
  endfacet
  facet normal 0 1 0
    outer loop
      vertex -44.4653 -152 -97.6133
      vertex -155.535 -152 -97.6133
      vertex -160.622 -152 -90
    endloop
  endfacet
  facet normal 0 1 -0
    outer loop
      vertex -50.5025 -152 -104.497
      vertex -155.535 -152 -97.6133
      vertex -44.4653 -152 -97.6133
    endloop
  endfacet
  facet normal 0 1 0
    outer loop
      vertex -50.5025 -152 -104.497
      vertex -149.497 -152 -104.497
      vertex -155.535 -152 -97.6133
    endloop
  endfacet
  facet normal 0 1 -0
    outer loop
      vertex -57.3867 -152 -110.535
      vertex -149.497 -152 -104.497
      vertex -50.5025 -152 -104.497
    endloop
  endfacet
  facet normal 0 1 0
    outer loop
      vertex -57.3867 -152 -110.535
      vertex -142.613 -152 -110.535
      vertex -149.497 -152 -104.497
    endloop
  endfacet
  facet normal 0 1 -0
    outer loop
      vertex -65 -152 -115.622
      vertex -142.613 -152 -110.535
      vertex -57.3867 -152 -110.535
    endloop
  endfacet
  facet normal 0 1 0
    outer loop
      vertex -65 -152 -115.622
      vertex -135 -152 -115.622
      vertex -142.613 -152 -110.535
    endloop
  endfacet
  facet normal 0 1 -0
    outer loop
      vertex -73.2122 -152 -119.672
      vertex -135 -152 -115.622
      vertex -65 -152 -115.622
    endloop
  endfacet
  facet normal 0 1 0
    outer loop
      vertex -73.2122 -152 -119.672
      vertex -126.788 -152 -119.672
      vertex -135 -152 -115.622
    endloop
  endfacet
  facet normal 0 1 -0
    outer loop
      vertex -81.8827 -152 -122.615
      vertex -126.788 -152 -119.672
      vertex -73.2122 -152 -119.672
    endloop
  endfacet
  facet normal 0 1 0
    outer loop
      vertex -81.8827 -152 -122.615
      vertex -118.117 -152 -122.615
      vertex -126.788 -152 -119.672
    endloop
  endfacet
  facet normal 0 1 -0
    outer loop
      vertex -90.8632 -152 -124.401
      vertex -118.117 -152 -122.615
      vertex -81.8827 -152 -122.615
    endloop
  endfacet
  facet normal 0 1 0
    outer loop
      vertex -90.8632 -152 -124.401
      vertex -109.137 -152 -124.401
      vertex -118.117 -152 -122.615
    endloop
  endfacet
  facet normal -0 1 0
    outer loop
      vertex -109.137 -152 -124.401
      vertex -90.8632 -152 -124.401
      vertex -100 -152 -125
    endloop
  endfacet
  facet normal 0.0654194 -0.997858 0
    outer loop
      vertex 167 -155 60
      vertex 169.349 -154.846 68
      vertex 167 -155 68
    endloop
  endfacet
  facet normal 0.0654194 -0.997858 0
    outer loop
      vertex 169.349 -154.846 68
      vertex 167 -155 60
      vertex 169.349 -154.846 60
    endloop
  endfacet
  facet normal -0.946884 0.321575 0
    outer loop
      vertex -184.387 141.659 60
      vertex -183.63 143.888 68
      vertex -183.63 143.888 60
    endloop
  endfacet
  facet normal -0.946884 0.321575 0
    outer loop
      vertex -183.63 143.888 68
      vertex -184.387 141.659 60
      vertex -184.387 141.659 68
    endloop
  endfacet
  facet normal -0.997858 0.0654194 0
    outer loop
      vertex -185 137 60
      vertex -184.846 139.349 68
      vertex -184.846 139.349 60
    endloop
  endfacet
  facet normal -0.997858 0.0654194 0
    outer loop
      vertex -184.846 139.349 68
      vertex -185 137 60
      vertex -185 137 68
    endloop
  endfacet
  facet normal -0.321575 -0.946884 0
    outer loop
      vertex -173.888 -153.63 60
      vertex -171.659 -154.387 68
      vertex -173.888 -153.63 68
    endloop
  endfacet
  facet normal -0.321575 -0.946884 -0
    outer loop
      vertex -171.659 -154.387 68
      vertex -173.888 -153.63 60
      vertex -171.659 -154.387 60
    endloop
  endfacet
  facet normal -0.442452 0.896792 0
    outer loop
      vertex -173.888 153.63 60
      vertex -176 152.588 68
      vertex -173.888 153.63 68
    endloop
  endfacet
  facet normal -0.442452 0.896792 0
    outer loop
      vertex -176 152.588 68
      vertex -173.888 153.63 60
      vertex -176 152.588 60
    endloop
  endfacet
  facet normal 0.0654194 0.997858 -0
    outer loop
      vertex 169.349 154.846 60
      vertex 167 155 68
      vertex 169.349 154.846 68
    endloop
  endfacet
  facet normal 0.0654194 0.997858 0
    outer loop
      vertex 167 155 68
      vertex 169.349 154.846 60
      vertex 167 155 60
    endloop
  endfacet
  facet normal -1 0 0
    outer loop
      vertex -185 -137 60
      vertex -185 137 68
      vertex -185 137 60
    endloop
  endfacet
  facet normal -1 -0 0
    outer loop
      vertex -185 137 68
      vertex -185 -137 60
      vertex -185 -137 68
    endloop
  endfacet
  facet normal 0.442452 0.896792 -0
    outer loop
      vertex 176 152.588 60
      vertex 173.888 153.63 68
      vertex 176 152.588 68
    endloop
  endfacet
  facet normal 0.442452 0.896792 0
    outer loop
      vertex 173.888 153.63 68
      vertex 176 152.588 60
      vertex 173.888 153.63 60
    endloop
  endfacet
  facet normal -0.194891 -0.980825 0
    outer loop
      vertex -171.659 -154.387 60
      vertex -169.349 -154.846 68
      vertex -171.659 -154.387 68
    endloop
  endfacet
  facet normal -0.194891 -0.980825 -0
    outer loop
      vertex -169.349 -154.846 68
      vertex -171.659 -154.387 60
      vertex -169.349 -154.846 60
    endloop
  endfacet
  facet normal 0.751892 -0.659286 0
    outer loop
      vertex 179.728 -149.728 68
      vertex 181.28 -147.958 60
      vertex 181.28 -147.958 68
    endloop
  endfacet
  facet normal 0.751892 -0.659286 0
    outer loop
      vertex 181.28 -147.958 60
      vertex 179.728 -149.728 68
      vertex 179.728 -149.728 60
    endloop
  endfacet
  facet normal 0.194891 0.980825 -0
    outer loop
      vertex 171.659 154.387 60
      vertex 169.349 154.846 68
      vertex 171.659 154.387 68
    endloop
  endfacet
  facet normal 0.194891 0.980825 0
    outer loop
      vertex 169.349 154.846 68
      vertex 171.659 154.387 60
      vertex 169.349 154.846 60
    endloop
  endfacet
  facet normal 0.997858 -0.0654194 0
    outer loop
      vertex 184.846 -139.349 68
      vertex 185 -137 60
      vertex 185 -137 68
    endloop
  endfacet
  facet normal 0.997858 -0.0654194 0
    outer loop
      vertex 185 -137 60
      vertex 184.846 -139.349 68
      vertex 184.846 -139.349 60
    endloop
  endfacet
  facet normal -0.997858 -0.0654194 0
    outer loop
      vertex -184.846 -139.349 60
      vertex -185 -137 68
      vertex -185 -137 60
    endloop
  endfacet
  facet normal -0.997858 -0.0654194 0
    outer loop
      vertex -185 -137 68
      vertex -184.846 -139.349 60
      vertex -184.846 -139.349 68
    endloop
  endfacet
  facet normal 0.946884 0.321575 0
    outer loop
      vertex 184.387 141.659 68
      vertex 183.63 143.888 60
      vertex 183.63 143.888 68
    endloop
  endfacet
  facet normal 0.946884 0.321575 0
    outer loop
      vertex 183.63 143.888 60
      vertex 184.387 141.659 68
      vertex 184.387 141.659 60
    endloop
  endfacet
  facet normal 0 -1 0
    outer loop
      vertex 0 -155 60
      vertex -167 -155 68
      vertex -167 -155 60
    endloop
  endfacet
  facet normal 0 -1 0
    outer loop
      vertex -167 -155 68
      vertex 0 -155 60
      vertex 167 -155 68
    endloop
  endfacet
  facet normal 0 -1 -0
    outer loop
      vertex 167 -155 68
      vertex 0 -155 60
      vertex 167 -155 60
    endloop
  endfacet
  facet normal 0 1 0
    outer loop
      vertex 0 155 60
      vertex 167 155 68
      vertex 167 155 60
    endloop
  endfacet
  facet normal 0 1 0
    outer loop
      vertex 167 155 68
      vertex 0 155 60
      vertex -167 155 68
    endloop
  endfacet
  facet normal 0 1 0
    outer loop
      vertex -167 155 68
      vertex 0 155 60
      vertex -167 155 60
    endloop
  endfacet
  facet normal -0.0654194 -0.997858 0
    outer loop
      vertex -169.349 -154.846 60
      vertex -167 -155 68
      vertex -169.349 -154.846 68
    endloop
  endfacet
  facet normal -0.0654194 -0.997858 -0
    outer loop
      vertex -167 -155 68
      vertex -169.349 -154.846 60
      vertex -167 -155 60
    endloop
  endfacet
  facet normal 0.555484 -0.831527 0
    outer loop
      vertex 176 -152.588 60
      vertex 177.958 -151.28 68
      vertex 176 -152.588 68
    endloop
  endfacet
  facet normal 0.555484 -0.831527 0
    outer loop
      vertex 177.958 -151.28 68
      vertex 176 -152.588 60
      vertex 177.958 -151.28 60
    endloop
  endfacet
  facet normal 0.321575 0.946884 -0
    outer loop
      vertex 173.888 153.63 60
      vertex 171.659 154.387 68
      vertex 173.888 153.63 68
    endloop
  endfacet
  facet normal 0.321575 0.946884 0
    outer loop
      vertex 171.659 154.387 68
      vertex 173.888 153.63 60
      vertex 171.659 154.387 60
    endloop
  endfacet
  facet normal -0.321575 0.946884 0
    outer loop
      vertex -171.659 154.387 60
      vertex -173.888 153.63 68
      vertex -171.659 154.387 68
    endloop
  endfacet
  facet normal -0.321575 0.946884 0
    outer loop
      vertex -173.888 153.63 68
      vertex -171.659 154.387 60
      vertex -173.888 153.63 60
    endloop
  endfacet
  facet normal 0.946884 -0.321575 0
    outer loop
      vertex 183.63 -143.888 68
      vertex 184.387 -141.659 60
      vertex 184.387 -141.659 68
    endloop
  endfacet
  facet normal 0.946884 -0.321575 0
    outer loop
      vertex 184.387 -141.659 60
      vertex 183.63 -143.888 68
      vertex 183.63 -143.888 60
    endloop
  endfacet
  facet normal 0.980825 0.194891 0
    outer loop
      vertex 184.846 139.349 68
      vertex 184.387 141.659 60
      vertex 184.387 141.659 68
    endloop
  endfacet
  facet normal 0.980825 0.194891 0
    outer loop
      vertex 184.387 141.659 60
      vertex 184.846 139.349 68
      vertex 184.846 139.349 60
    endloop
  endfacet
  facet normal -0.442452 -0.896792 0
    outer loop
      vertex -176 -152.588 60
      vertex -173.888 -153.63 68
      vertex -176 -152.588 68
    endloop
  endfacet
  facet normal -0.442452 -0.896792 -0
    outer loop
      vertex -173.888 -153.63 68
      vertex -176 -152.588 60
      vertex -173.888 -153.63 60
    endloop
  endfacet
  facet normal -0.659286 -0.751892 0
    outer loop
      vertex -179.728 -149.728 60
      vertex -177.958 -151.28 68
      vertex -179.728 -149.728 68
    endloop
  endfacet
  facet normal -0.659286 -0.751892 -0
    outer loop
      vertex -177.958 -151.28 68
      vertex -179.728 -149.728 60
      vertex -177.958 -151.28 60
    endloop
  endfacet
  facet normal -0.194891 0.980825 0
    outer loop
      vertex -169.349 154.846 60
      vertex -171.659 154.387 68
      vertex -169.349 154.846 68
    endloop
  endfacet
  facet normal -0.194891 0.980825 0
    outer loop
      vertex -171.659 154.387 68
      vertex -169.349 154.846 60
      vertex -171.659 154.387 60
    endloop
  endfacet
  facet normal -0.0654194 0.997858 0
    outer loop
      vertex -167 155 60
      vertex -169.349 154.846 68
      vertex -167 155 68
    endloop
  endfacet
  facet normal -0.0654194 0.997858 0
    outer loop
      vertex -169.349 154.846 68
      vertex -167 155 60
      vertex -169.349 154.846 60
    endloop
  endfacet
  facet normal -0.659286 0.751892 0
    outer loop
      vertex -177.958 151.28 60
      vertex -179.728 149.728 68
      vertex -177.958 151.28 68
    endloop
  endfacet
  facet normal -0.659286 0.751892 0
    outer loop
      vertex -179.728 149.728 68
      vertex -177.958 151.28 60
      vertex -179.728 149.728 60
    endloop
  endfacet
  facet normal 1 0 0
    outer loop
      vertex 185 137 68
      vertex 185 24.9802 60
      vertex 185 137 60
    endloop
  endfacet
  facet normal 1 0 0
    outer loop
      vertex 185 137 68
      vertex 185 24.8744 60.0522
      vertex 185 24.9802 60
    endloop
  endfacet
  facet normal 1 0 0
    outer loop
      vertex 185 137 68
      vertex 185 16.8232 62.7852
      vertex 185 24.8744 60.0522
    endloop
  endfacet
  facet normal 1 0 0
    outer loop
      vertex 185 137 68
      vertex 185 8.4842 64.4439
      vertex 185 16.8232 62.7852
    endloop
  endfacet
  facet normal 1 0 0
    outer loop
      vertex 185 137 68
      vertex 185 0 65
      vertex 185 8.4842 64.4439
    endloop
  endfacet
  facet normal 1 -0 0
    outer loop
      vertex 185 -137 68
      vertex 185 0 65
      vertex 185 137 68
    endloop
  endfacet
  facet normal 1 0 0
    outer loop
      vertex 185 -137 68
      vertex 185 -8.4842 64.4439
      vertex 185 0 65
    endloop
  endfacet
  facet normal 1 0 0
    outer loop
      vertex 185 -137 68
      vertex 185 -16.8232 62.7852
      vertex 185 -8.4842 64.4439
    endloop
  endfacet
  facet normal 1 0 0
    outer loop
      vertex 185 -137 68
      vertex 185 -24.8744 60.0522
      vertex 185 -16.8232 62.7852
    endloop
  endfacet
  facet normal 1 0 0
    outer loop
      vertex 185 -137 68
      vertex 185 -24.9802 60
      vertex 185 -24.8744 60.0522
    endloop
  endfacet
  facet normal 1 0 0
    outer loop
      vertex 185 -24.9802 60
      vertex 185 -137 68
      vertex 185 -137 60
    endloop
  endfacet
  facet normal 0.659286 0.751892 -0
    outer loop
      vertex 179.728 149.728 60
      vertex 177.958 151.28 68
      vertex 179.728 149.728 68
    endloop
  endfacet
  facet normal 0.659286 0.751892 0
    outer loop
      vertex 177.958 151.28 68
      vertex 179.728 149.728 60
      vertex 177.958 151.28 60
    endloop
  endfacet
  facet normal -0.751892 -0.659286 0
    outer loop
      vertex -179.728 -149.728 60
      vertex -181.28 -147.958 68
      vertex -181.28 -147.958 60
    endloop
  endfacet
  facet normal -0.751892 -0.659286 0
    outer loop
      vertex -181.28 -147.958 68
      vertex -179.728 -149.728 60
      vertex -179.728 -149.728 68
    endloop
  endfacet
  facet normal -0.980825 0.194891 0
    outer loop
      vertex -184.846 139.349 60
      vertex -184.387 141.659 68
      vertex -184.387 141.659 60
    endloop
  endfacet
  facet normal -0.980825 0.194891 0
    outer loop
      vertex -184.387 141.659 68
      vertex -184.846 139.349 60
      vertex -184.846 139.349 68
    endloop
  endfacet
  facet normal 0.997858 0.0654194 0
    outer loop
      vertex 185 137 68
      vertex 184.846 139.349 60
      vertex 184.846 139.349 68
    endloop
  endfacet
  facet normal 0.997858 0.0654194 0
    outer loop
      vertex 184.846 139.349 60
      vertex 185 137 68
      vertex 185 137 60
    endloop
  endfacet
  facet normal -0.831527 -0.555484 0
    outer loop
      vertex -181.28 -147.958 60
      vertex -182.588 -146 68
      vertex -182.588 -146 60
    endloop
  endfacet
  facet normal -0.831527 -0.555484 0
    outer loop
      vertex -182.588 -146 68
      vertex -181.28 -147.958 60
      vertex -181.28 -147.958 68
    endloop
  endfacet
  facet normal -0.896792 0.442452 0
    outer loop
      vertex -183.63 143.888 60
      vertex -182.588 146 68
      vertex -182.588 146 60
    endloop
  endfacet
  facet normal -0.896792 0.442452 0
    outer loop
      vertex -182.588 146 68
      vertex -183.63 143.888 60
      vertex -183.63 143.888 68
    endloop
  endfacet
  facet normal -0.555136 0.83176 0
    outer loop
      vertex -176.881 152 60
      vertex -176 152.588 68
      vertex -176 152.588 60
    endloop
  endfacet
  facet normal -0.555484 0.831527 5.5421e-05
    outer loop
      vertex -176 152.588 68
      vertex -176.881 152 60
      vertex -177.958 151.28 68
    endloop
  endfacet
  facet normal -0.555769 0.831337 0
    outer loop
      vertex -177.958 151.28 68
      vertex -176.881 152 60
      vertex -177.958 151.28 60
    endloop
  endfacet
  facet normal -0.555769 -0.831337 0
    outer loop
      vertex -176.881 -152 60
      vertex -177.958 -151.28 68
      vertex -177.958 -151.28 60
    endloop
  endfacet
  facet normal -0.555484 -0.831527 5.5421e-05
    outer loop
      vertex -177.958 -151.28 68
      vertex -176.881 -152 60
      vertex -176 -152.588 68
    endloop
  endfacet
  facet normal -0.555136 -0.83176 -0
    outer loop
      vertex -176 -152.588 68
      vertex -176.881 -152 60
      vertex -176 -152.588 60
    endloop
  endfacet
  facet normal 0.555484 0.831527 -0
    outer loop
      vertex 177.958 151.28 60
      vertex 176 152.588 68
      vertex 177.958 151.28 68
    endloop
  endfacet
  facet normal 0.555484 0.831527 0
    outer loop
      vertex 176 152.588 68
      vertex 177.958 151.28 60
      vertex 176 152.588 60
    endloop
  endfacet
  facet normal -0.831527 0.555484 0
    outer loop
      vertex -182.588 146 60
      vertex -181.28 147.958 68
      vertex -181.28 147.958 60
    endloop
  endfacet
  facet normal -0.831527 0.555484 0
    outer loop
      vertex -181.28 147.958 68
      vertex -182.588 146 60
      vertex -182.588 146 68
    endloop
  endfacet
  facet normal -0.980825 -0.194891 0
    outer loop
      vertex -184.387 -141.659 60
      vertex -184.846 -139.349 68
      vertex -184.846 -139.349 60
    endloop
  endfacet
  facet normal -0.980825 -0.194891 0
    outer loop
      vertex -184.846 -139.349 68
      vertex -184.387 -141.659 60
      vertex -184.387 -141.659 68
    endloop
  endfacet
  facet normal 0.321575 -0.946884 0
    outer loop
      vertex 171.659 -154.387 60
      vertex 173.888 -153.63 68
      vertex 171.659 -154.387 68
    endloop
  endfacet
  facet normal 0.321575 -0.946884 0
    outer loop
      vertex 173.888 -153.63 68
      vertex 171.659 -154.387 60
      vertex 173.888 -153.63 60
    endloop
  endfacet
  facet normal -0.751892 0.659286 0
    outer loop
      vertex -181.28 147.958 60
      vertex -179.728 149.728 68
      vertex -179.728 149.728 60
    endloop
  endfacet
  facet normal -0.751892 0.659286 0
    outer loop
      vertex -179.728 149.728 68
      vertex -181.28 147.958 60
      vertex -181.28 147.958 68
    endloop
  endfacet
  facet normal -0.896792 -0.442452 0
    outer loop
      vertex -182.588 -146 60
      vertex -183.63 -143.888 68
      vertex -183.63 -143.888 60
    endloop
  endfacet
  facet normal -0.896792 -0.442452 0
    outer loop
      vertex -183.63 -143.888 68
      vertex -182.588 -146 60
      vertex -182.588 -146 68
    endloop
  endfacet
  facet normal -0.946884 -0.321575 0
    outer loop
      vertex -183.63 -143.888 60
      vertex -184.387 -141.659 68
      vertex -184.387 -141.659 60
    endloop
  endfacet
  facet normal -0.946884 -0.321575 0
    outer loop
      vertex -184.387 -141.659 68
      vertex -183.63 -143.888 60
      vertex -183.63 -143.888 68
    endloop
  endfacet
  facet normal 0 0 1
    outer loop
      vertex 167 155 68
      vertex 185 137 68
      vertex 184.846 139.349 68
    endloop
  endfacet
  facet normal 0 0 1
    outer loop
      vertex 185 137 68
      vertex 136 0 68
      vertex 185 -137 68
    endloop
  endfacet
  facet normal 0 0 1
    outer loop
      vertex 167 155 68
      vertex 184.846 139.349 68
      vertex 184.387 141.659 68
    endloop
  endfacet
  facet normal -0 0 1
    outer loop
      vertex 135.949 -0.783156 68
      vertex 185 -137 68
      vertex 136 0 68
    endloop
  endfacet
  facet normal 0 0 1
    outer loop
      vertex 167 155 68
      vertex 184.387 141.659 68
      vertex 183.63 143.888 68
    endloop
  endfacet
  facet normal -0 0 1
    outer loop
      vertex 135.796 -1.55291 68
      vertex 185 -137 68
      vertex 135.949 -0.783156 68
    endloop
  endfacet
  facet normal 0 0 1
    outer loop
      vertex 167 155 68
      vertex 183.63 143.888 68
      vertex 182.588 146 68
    endloop
  endfacet
  facet normal -0 0 1
    outer loop
      vertex 135.543 -2.2961 68
      vertex 185 -137 68
      vertex 135.796 -1.55291 68
    endloop
  endfacet
  facet normal 0 0 1
    outer loop
      vertex 167 155 68
      vertex 182.588 146 68
      vertex 181.28 147.958 68
    endloop
  endfacet
  facet normal -0 0 1
    outer loop
      vertex 135.196 -3 68
      vertex 185 -137 68
      vertex 135.543 -2.2961 68
    endloop
  endfacet
  facet normal 0 0 1
    outer loop
      vertex 167 155 68
      vertex 181.28 147.958 68
      vertex 179.728 149.728 68
    endloop
  endfacet
  facet normal -0 0 1
    outer loop
      vertex 134.76 -3.65257 68
      vertex 185 -137 68
      vertex 135.196 -3 68
    endloop
  endfacet
  facet normal 0 0 1
    outer loop
      vertex 167 155 68
      vertex 179.728 149.728 68
      vertex 177.958 151.28 68
    endloop
  endfacet
  facet normal -0 0 1
    outer loop
      vertex 134.243 -4.24264 68
      vertex 185 -137 68
      vertex 134.76 -3.65257 68
    endloop
  endfacet
  facet normal 0 0 1
    outer loop
      vertex 167 155 68
      vertex 177.958 151.28 68
      vertex 176 152.588 68
    endloop
  endfacet
  facet normal -0 0 1
    outer loop
      vertex 133.653 -4.76012 68
      vertex 185 -137 68
      vertex 134.243 -4.24264 68
    endloop
  endfacet
  facet normal 0 0 1
    outer loop
      vertex 167 155 68
      vertex 176 152.588 68
      vertex 173.888 153.63 68
    endloop
  endfacet
  facet normal -0 0 1
    outer loop
      vertex 133 -5.19615 68
      vertex 185 -137 68
      vertex 133.653 -4.76012 68
    endloop
  endfacet
  facet normal 0 0 1
    outer loop
      vertex 167 155 68
      vertex 173.888 153.63 68
      vertex 171.659 154.387 68
    endloop
  endfacet
  facet normal -0 0 1
    outer loop
      vertex 132.296 -5.54328 68
      vertex 185 -137 68
      vertex 133 -5.19615 68
    endloop
  endfacet
  facet normal 0 0 1
    outer loop
      vertex 167 155 68
      vertex 171.659 154.387 68
      vertex 169.349 154.846 68
    endloop
  endfacet
  facet normal -0 0 1
    outer loop
      vertex 131.553 -5.79555 68
      vertex 185 -137 68
      vertex 132.296 -5.54328 68
    endloop
  endfacet
  facet normal 0 0 1
    outer loop
      vertex 185 137 68
      vertex 167 155 68
      vertex 129.217 5.94867 68
    endloop
  endfacet
  facet normal -0 0 1
    outer loop
      vertex 130.783 -5.94867 68
      vertex 185 -137 68
      vertex 131.553 -5.79555 68
    endloop
  endfacet
  facet normal -0 0 1
    outer loop
      vertex 130 -6 68
      vertex 185 -137 68
      vertex 130.783 -5.94867 68
    endloop
  endfacet
  facet normal 0 0 1
    outer loop
      vertex 185 137 68
      vertex 135.949 0.783156 68
      vertex 136 0 68
    endloop
  endfacet
  facet normal 0 0 1
    outer loop
      vertex 185 137 68
      vertex 135.796 1.55291 68
      vertex 135.949 0.783156 68
    endloop
  endfacet
  facet normal 0 0 1
    outer loop
      vertex 185 137 68
      vertex 135.543 2.2961 68
      vertex 135.796 1.55291 68
    endloop
  endfacet
  facet normal 0 0 1
    outer loop
      vertex 185 137 68
      vertex 135.196 3 68
      vertex 135.543 2.2961 68
    endloop
  endfacet
  facet normal 0 0 1
    outer loop
      vertex 185 137 68
      vertex 134.76 3.65257 68
      vertex 135.196 3 68
    endloop
  endfacet
  facet normal 0 0 1
    outer loop
      vertex 185 137 68
      vertex 134.243 4.24264 68
      vertex 134.76 3.65257 68
    endloop
  endfacet
  facet normal 0 0 1
    outer loop
      vertex 185 137 68
      vertex 133.653 4.76012 68
      vertex 134.243 4.24264 68
    endloop
  endfacet
  facet normal 0 0 1
    outer loop
      vertex 185 137 68
      vertex 133 5.19615 68
      vertex 133.653 4.76012 68
    endloop
  endfacet
  facet normal 0 0 1
    outer loop
      vertex 185 137 68
      vertex 132.296 5.54328 68
      vertex 133 5.19615 68
    endloop
  endfacet
  facet normal 0 0 1
    outer loop
      vertex 185 137 68
      vertex 131.553 5.79555 68
      vertex 132.296 5.54328 68
    endloop
  endfacet
  facet normal 0 0 1
    outer loop
      vertex 185 137 68
      vertex 130.783 5.94867 68
      vertex 131.553 5.79555 68
    endloop
  endfacet
  facet normal 0 0 1
    outer loop
      vertex 185 137 68
      vertex 130 6 68
      vertex 130.783 5.94867 68
    endloop
  endfacet
  facet normal 0 0 1
    outer loop
      vertex 185 137 68
      vertex 129.217 5.94867 68
      vertex 130 6 68
    endloop
  endfacet
  facet normal 0 0 1
    outer loop
      vertex 167 155 68
      vertex 128.447 5.79555 68
      vertex 129.217 5.94867 68
    endloop
  endfacet
  facet normal 0 0 1
    outer loop
      vertex 91.5529 5.79555 68
      vertex 128.447 5.79555 68
      vertex 167 155 68
    endloop
  endfacet
  facet normal 0 0 1
    outer loop
      vertex 128.447 5.79555 68
      vertex 91.5529 5.79555 68
      vertex 127.704 5.54328 68
    endloop
  endfacet
  facet normal 0 -0 1
    outer loop
      vertex 92.2961 5.54328 68
      vertex 127.704 5.54328 68
      vertex 91.5529 5.79555 68
    endloop
  endfacet
  facet normal 0 0 1
    outer loop
      vertex 127.704 5.54328 68
      vertex 92.2961 5.54328 68
      vertex 127 5.19615 68
    endloop
  endfacet
  facet normal 0 -0 1
    outer loop
      vertex 93 5.19615 68
      vertex 127 5.19615 68
      vertex 92.2961 5.54328 68
    endloop
  endfacet
  facet normal 0 0 1
    outer loop
      vertex 127 5.19615 68
      vertex 93 5.19615 68
      vertex 126.347 4.76012 68
    endloop
  endfacet
  facet normal 0 -0 1
    outer loop
      vertex 93.6526 4.76012 68
      vertex 126.347 4.76012 68
      vertex 93 5.19615 68
    endloop
  endfacet
  facet normal 0 0 1
    outer loop
      vertex 126.347 4.76012 68
      vertex 93.6526 4.76012 68
      vertex 125.757 4.24264 68
    endloop
  endfacet
  facet normal 0 0 1
    outer loop
      vertex 124.051 0.783156 68
      vertex 96 0 68
      vertex 124 0 68
    endloop
  endfacet
  facet normal 0 0 1
    outer loop
      vertex 95.9487 0.783156 68
      vertex 124.051 0.783156 68
      vertex 124.204 1.55291 68
    endloop
  endfacet
  facet normal 0 0 1
    outer loop
      vertex 125.757 4.24264 68
      vertex 94.2426 4.24264 68
      vertex 125.24 3.65257 68
    endloop
  endfacet
  facet normal 0 0 1
    outer loop
      vertex 124.051 0.783156 68
      vertex 95.9487 0.783156 68
      vertex 96 0 68
    endloop
  endfacet
  facet normal 0 0 1
    outer loop
      vertex 124.204 1.55291 68
      vertex 95.7956 1.55291 68
      vertex 95.9487 0.783156 68
    endloop
  endfacet
  facet normal 0 0 1
    outer loop
      vertex 124.204 1.55291 68
      vertex 95.5433 2.2961 68
      vertex 95.7956 1.55291 68
    endloop
  endfacet
  facet normal 0 0 1
    outer loop
      vertex 124.457 2.2961 68
      vertex 95.5433 2.2961 68
      vertex 124.204 1.55291 68
    endloop
  endfacet
  facet normal 0 -0 1
    outer loop
      vertex 95.5433 2.2961 68
      vertex 124.457 2.2961 68
      vertex 95.1962 3 68
    endloop
  endfacet
  facet normal 0 0 1
    outer loop
      vertex 124.804 3 68
      vertex 95.1962 3 68
      vertex 124.457 2.2961 68
    endloop
  endfacet
  facet normal 0 -0 1
    outer loop
      vertex 95.1962 3 68
      vertex 124.804 3 68
      vertex 94.7601 3.65257 68
    endloop
  endfacet
  facet normal 0 0 1
    outer loop
      vertex 125.24 3.65257 68
      vertex 94.7601 3.65257 68
      vertex 124.804 3 68
    endloop
  endfacet
  facet normal 0 -0 1
    outer loop
      vertex 94.7601 3.65257 68
      vertex 125.24 3.65257 68
      vertex 94.2426 4.24264 68
    endloop
  endfacet
  facet normal 0 -0 1
    outer loop
      vertex 94.2426 4.24264 68
      vertex 125.757 4.24264 68
      vertex 93.6526 4.76012 68
    endloop
  endfacet
  facet normal 0 0 1
    outer loop
      vertex 167 155 68
      vertex 90.7832 5.94867 68
      vertex 91.5529 5.79555 68
    endloop
  endfacet
  facet normal 0 0 1
    outer loop
      vertex 167 155 68
      vertex 90 6 68
      vertex 90.7832 5.94867 68
    endloop
  endfacet
  facet normal 0 0 1
    outer loop
      vertex 167 155 68
      vertex 89.2168 5.94867 68
      vertex 90 6 68
    endloop
  endfacet
  facet normal 0 0 1
    outer loop
      vertex 50.7832 5.94867 68
      vertex 89.2168 5.94867 68
      vertex 167 155 68
    endloop
  endfacet
  facet normal 0 0 1
    outer loop
      vertex 89.2168 5.94867 68
      vertex 50.7832 5.94867 68
      vertex 88.4471 5.79555 68
    endloop
  endfacet
  facet normal 0 -0 1
    outer loop
      vertex 51.5529 5.79555 68
      vertex 88.4471 5.79555 68
      vertex 50.7832 5.94867 68
    endloop
  endfacet
  facet normal 0 -0 1
    outer loop
      vertex 52.2961 5.54328 68
      vertex 87.7039 5.54328 68
      vertex 51.5529 5.79555 68
    endloop
  endfacet
  facet normal 0 0 1
    outer loop
      vertex 87.7039 5.54328 68
      vertex 52.2961 5.54328 68
      vertex 87 5.19615 68
    endloop
  endfacet
  facet normal 0 -0 1
    outer loop
      vertex 53 5.19615 68
      vertex 87 5.19615 68
      vertex 52.2961 5.54328 68
    endloop
  endfacet
  facet normal 0 0 1
    outer loop
      vertex 87 5.19615 68
      vertex 53 5.19615 68
      vertex 86.3474 4.76012 68
    endloop
  endfacet
  facet normal 0 0 1
    outer loop
      vertex 84.0513 0.783156 68
      vertex 56 0 68
      vertex 84 0 68
    endloop
  endfacet
  facet normal 0 0 1
    outer loop
      vertex 55.9487 0.783156 68
      vertex 84.0513 0.783156 68
      vertex 84.2044 1.55291 68
    endloop
  endfacet
  facet normal 0 0 1
    outer loop
      vertex 55.7956 1.55291 68
      vertex 84.2044 1.55291 68
      vertex 84.4567 2.2961 68
    endloop
  endfacet
  facet normal 0 0 1
    outer loop
      vertex 55.5433 2.2961 68
      vertex 84.4567 2.2961 68
      vertex 84.8038 3 68
    endloop
  endfacet
  facet normal 0 -0 1
    outer loop
      vertex 53.6526 4.76012 68
      vertex 86.3474 4.76012 68
      vertex 53 5.19615 68
    endloop
  endfacet
  facet normal 0 0 1
    outer loop
      vertex 84.0513 0.783156 68
      vertex 55.9487 0.783156 68
      vertex 56 0 68
    endloop
  endfacet
  facet normal 0 0 1
    outer loop
      vertex 84.2044 1.55291 68
      vertex 55.7956 1.55291 68
      vertex 55.9487 0.783156 68
    endloop
  endfacet
  facet normal 0 0 1
    outer loop
      vertex 84.4567 2.2961 68
      vertex 55.5433 2.2961 68
      vertex 55.7956 1.55291 68
    endloop
  endfacet
  facet normal 0 0 1
    outer loop
      vertex 84.8038 3 68
      vertex 55.1962 3 68
      vertex 55.5433 2.2961 68
    endloop
  endfacet
  facet normal 0 0 1
    outer loop
      vertex 84.8038 3 68
      vertex 54.7601 3.65257 68
      vertex 55.1962 3 68
    endloop
  endfacet
  facet normal 0 0 1
    outer loop
      vertex 85.2399 3.65257 68
      vertex 54.7601 3.65257 68
      vertex 84.8038 3 68
    endloop
  endfacet
  facet normal 0 -0 1
    outer loop
      vertex 54.7601 3.65257 68
      vertex 85.2399 3.65257 68
      vertex 54.2426 4.24264 68
    endloop
  endfacet
  facet normal 0 0 1
    outer loop
      vertex 85.7574 4.24264 68
      vertex 54.2426 4.24264 68
      vertex 85.2399 3.65257 68
    endloop
  endfacet
  facet normal 0 -0 1
    outer loop
      vertex 54.2426 4.24264 68
      vertex 85.7574 4.24264 68
      vertex 53.6526 4.76012 68
    endloop
  endfacet
  facet normal 0 0 1
    outer loop
      vertex 86.3474 4.76012 68
      vertex 53.6526 4.76012 68
      vertex 85.7574 4.24264 68
    endloop
  endfacet
  facet normal 0 0 1
    outer loop
      vertex 88.4471 5.79555 68
      vertex 51.5529 5.79555 68
      vertex 87.7039 5.54328 68
    endloop
  endfacet
  facet normal 0 0 1
    outer loop
      vertex 167 155 68
      vertex 50 6 68
      vertex 50.7832 5.94867 68
    endloop
  endfacet
  facet normal 0 0 1
    outer loop
      vertex 167 155 68
      vertex 49.2168 5.94867 68
      vertex 50 6 68
    endloop
  endfacet
  facet normal 0 0 1
    outer loop
      vertex 10.7832 5.94867 68
      vertex 49.2168 5.94867 68
      vertex 167 155 68
    endloop
  endfacet
  facet normal 0 0 1
    outer loop
      vertex 49.2168 5.94867 68
      vertex 10.7832 5.94867 68
      vertex 48.4471 5.79555 68
    endloop
  endfacet
  facet normal 0 -0 1
    outer loop
      vertex 11.5529 5.79555 68
      vertex 48.4471 5.79555 68
      vertex 10.7832 5.94867 68
    endloop
  endfacet
  facet normal 0 0 1
    outer loop
      vertex 48.4471 5.79555 68
      vertex 11.5529 5.79555 68
      vertex 47.7039 5.54328 68
    endloop
  endfacet
  facet normal 0 -0 1
    outer loop
      vertex 12.2961 5.54328 68
      vertex 47.7039 5.54328 68
      vertex 11.5529 5.79555 68
    endloop
  endfacet
  facet normal 0 0 1
    outer loop
      vertex 47.7039 5.54328 68
      vertex 12.2961 5.54328 68
      vertex 47 5.19615 68
    endloop
  endfacet
  facet normal 0 0 1
    outer loop
      vertex 44.0513 0.783156 68
      vertex 16 0 68
      vertex 44 0 68
    endloop
  endfacet
  facet normal 0 0 1
    outer loop
      vertex 15.9487 0.783156 68
      vertex 44.0513 0.783156 68
      vertex 44.2044 1.55291 68
    endloop
  endfacet
  facet normal 0 0 1
    outer loop
      vertex 15.7956 1.55291 68
      vertex 44.2044 1.55291 68
      vertex 44.4567 2.2961 68
    endloop
  endfacet
  facet normal 0 0 1
    outer loop
      vertex 15.5433 2.2961 68
      vertex 44.4567 2.2961 68
      vertex 44.8038 3 68
    endloop
  endfacet
  facet normal 0 0 1
    outer loop
      vertex 15.1962 3 68
      vertex 44.8038 3 68
      vertex 45.2399 3.65257 68
    endloop
  endfacet
  facet normal 0 0 1
    outer loop
      vertex 47 5.19615 68
      vertex 13 5.19615 68
      vertex 46.3474 4.76012 68
    endloop
  endfacet
  facet normal 0 0 1
    outer loop
      vertex 44.0513 0.783156 68
      vertex 15.9487 0.783156 68
      vertex 16 0 68
    endloop
  endfacet
  facet normal 0 0 1
    outer loop
      vertex 44.2044 1.55291 68
      vertex 15.7956 1.55291 68
      vertex 15.9487 0.783156 68
    endloop
  endfacet
  facet normal 0 0 1
    outer loop
      vertex 44.4567 2.2961 68
      vertex 15.5433 2.2961 68
      vertex 15.7956 1.55291 68
    endloop
  endfacet
  facet normal 0 0 1
    outer loop
      vertex 44.8038 3 68
      vertex 15.1962 3 68
      vertex 15.5433 2.2961 68
    endloop
  endfacet
  facet normal 0 0 1
    outer loop
      vertex 45.2399 3.65257 68
      vertex 14.7601 3.65257 68
      vertex 15.1962 3 68
    endloop
  endfacet
  facet normal 0 0 1
    outer loop
      vertex 45.2399 3.65257 68
      vertex 14.2426 4.24264 68
      vertex 14.7601 3.65257 68
    endloop
  endfacet
  facet normal 0 0 1
    outer loop
      vertex 45.7574 4.24264 68
      vertex 14.2426 4.24264 68
      vertex 45.2399 3.65257 68
    endloop
  endfacet
  facet normal 0 -0 1
    outer loop
      vertex 14.2426 4.24264 68
      vertex 45.7574 4.24264 68
      vertex 13.6526 4.76012 68
    endloop
  endfacet
  facet normal 0 0 1
    outer loop
      vertex 46.3474 4.76012 68
      vertex 13.6526 4.76012 68
      vertex 45.7574 4.24264 68
    endloop
  endfacet
  facet normal 0 -0 1
    outer loop
      vertex 13.6526 4.76012 68
      vertex 46.3474 4.76012 68
      vertex 13 5.19615 68
    endloop
  endfacet
  facet normal 0 -0 1
    outer loop
      vertex 13 5.19615 68
      vertex 47 5.19615 68
      vertex 12.2961 5.54328 68
    endloop
  endfacet
  facet normal 0 0 1
    outer loop
      vertex 167 155 68
      vertex 10 6 68
      vertex 10.7832 5.94867 68
    endloop
  endfacet
  facet normal 0 0 1
    outer loop
      vertex 167 155 68
      vertex 9.21684 5.94867 68
      vertex 10 6 68
    endloop
  endfacet
  facet normal -0 0 1
    outer loop
      vertex -167 155 68
      vertex 9.21684 5.94867 68
      vertex 167 155 68
    endloop
  endfacet
  facet normal 0 0 1
    outer loop
      vertex 9.21684 5.94867 68
      vertex -167 155 68
      vertex 8.44709 5.79555 68
    endloop
  endfacet
  facet normal 0 0 1
    outer loop
      vertex 8.44709 5.79555 68
      vertex -167 155 68
      vertex 7.7039 5.54328 68
    endloop
  endfacet
  facet normal 0 0 1
    outer loop
      vertex 7.7039 5.54328 68
      vertex -167 155 68
      vertex 7 5.19615 68
    endloop
  endfacet
  facet normal 0 0 1
    outer loop
      vertex 7 5.19615 68
      vertex -167 155 68
      vertex 6.34743 4.76012 68
    endloop
  endfacet
  facet normal 0 0 1
    outer loop
      vertex 4.20444 1.55291 68
      vertex -185 137 68
      vertex 4.05133 0.783156 68
    endloop
  endfacet
  facet normal 0 0 1
    outer loop
      vertex 4.45672 2.2961 68
      vertex -185 137 68
      vertex 4.20444 1.55291 68
    endloop
  endfacet
  facet normal 0 0 1
    outer loop
      vertex 4.80385 3 68
      vertex -185 137 68
      vertex 4.45672 2.2961 68
    endloop
  endfacet
  facet normal -0 0 1
    outer loop
      vertex -185 137 68
      vertex 4.80385 3 68
      vertex -167 155 68
    endloop
  endfacet
  facet normal 0 0 1
    outer loop
      vertex 5.23988 3.65257 68
      vertex -167 155 68
      vertex 4.80385 3 68
    endloop
  endfacet
  facet normal 0 0 1
    outer loop
      vertex 5.75736 4.24264 68
      vertex -167 155 68
      vertex 5.23988 3.65257 68
    endloop
  endfacet
  facet normal 0 0 1
    outer loop
      vertex 6.34743 4.76012 68
      vertex -167 155 68
      vertex 5.75736 4.24264 68
    endloop
  endfacet
  facet normal 0 0 1
    outer loop
      vertex 129.217 -5.94867 68
      vertex 185 -137 68
      vertex 130 -6 68
    endloop
  endfacet
  facet normal 0 -0 1
    outer loop
      vertex 167 -155 68
      vertex 185 -137 68
      vertex 129.217 -5.94867 68
    endloop
  endfacet
  facet normal 0 0 1
    outer loop
      vertex 184.846 -139.349 68
      vertex 167 -155 68
      vertex 184.387 -141.659 68
    endloop
  endfacet
  facet normal 0 0 1
    outer loop
      vertex 183.63 -143.888 68
      vertex 167 -155 68
      vertex 182.588 -146 68
    endloop
  endfacet
  facet normal 0 0 1
    outer loop
      vertex 182.588 -146 68
      vertex 167 -155 68
      vertex 181.28 -147.958 68
    endloop
  endfacet
  facet normal 0 0 1
    outer loop
      vertex 179.728 -149.728 68
      vertex 167 -155 68
      vertex 177.958 -151.28 68
    endloop
  endfacet
  facet normal 0 0 1
    outer loop
      vertex 177.958 -151.28 68
      vertex 167 -155 68
      vertex 176 -152.588 68
    endloop
  endfacet
  facet normal 0 0 1
    outer loop
      vertex 173.888 -153.63 68
      vertex 167 -155 68
      vertex 171.659 -154.387 68
    endloop
  endfacet
  facet normal 0 0 1
    outer loop
      vertex 171.659 -154.387 68
      vertex 167 -155 68
      vertex 169.349 -154.846 68
    endloop
  endfacet
  facet normal 0 0 1
    outer loop
      vertex 176 -152.588 68
      vertex 167 -155 68
      vertex 173.888 -153.63 68
    endloop
  endfacet
  facet normal 0 0 1
    outer loop
      vertex 181.28 -147.958 68
      vertex 167 -155 68
      vertex 179.728 -149.728 68
    endloop
  endfacet
  facet normal 0 0 1
    outer loop
      vertex 184.387 -141.659 68
      vertex 167 -155 68
      vertex 183.63 -143.888 68
    endloop
  endfacet
  facet normal 0 0 1
    outer loop
      vertex 185 -137 68
      vertex 167 -155 68
      vertex 184.846 -139.349 68
    endloop
  endfacet
  facet normal 0 0 1
    outer loop
      vertex 128.447 -5.79555 68
      vertex 167 -155 68
      vertex 129.217 -5.94867 68
    endloop
  endfacet
  facet normal 0 0 1
    outer loop
      vertex 91.5529 -5.79555 68
      vertex 128.447 -5.79555 68
      vertex 127.704 -5.54328 68
    endloop
  endfacet
  facet normal 0 0 1
    outer loop
      vertex 92.2961 -5.54328 68
      vertex 127.704 -5.54328 68
      vertex 127 -5.19615 68
    endloop
  endfacet
  facet normal 0 0 1
    outer loop
      vertex 93 -5.19615 68
      vertex 127 -5.19615 68
      vertex 126.347 -4.76012 68
    endloop
  endfacet
  facet normal 0 0 1
    outer loop
      vertex 93.6526 -4.76012 68
      vertex 126.347 -4.76012 68
      vertex 125.757 -4.24264 68
    endloop
  endfacet
  facet normal 0 0 1
    outer loop
      vertex 94.2426 -4.24264 68
      vertex 125.757 -4.24264 68
      vertex 125.24 -3.65257 68
    endloop
  endfacet
  facet normal 0 0 1
    outer loop
      vertex 94.7601 -3.65257 68
      vertex 125.24 -3.65257 68
      vertex 124.804 -3 68
    endloop
  endfacet
  facet normal 0 0 1
    outer loop
      vertex 95.1962 -3 68
      vertex 124.804 -3 68
      vertex 124.457 -2.2961 68
    endloop
  endfacet
  facet normal 0 0 1
    outer loop
      vertex 95.5433 -2.2961 68
      vertex 124.457 -2.2961 68
      vertex 124.204 -1.55291 68
    endloop
  endfacet
  facet normal -0 0 1
    outer loop
      vertex 96 0 68
      vertex 124.051 -0.783156 68
      vertex 124 0 68
    endloop
  endfacet
  facet normal 0 0 1
    outer loop
      vertex 95.9487 -0.783156 68
      vertex 124.051 -0.783156 68
      vertex 96 0 68
    endloop
  endfacet
  facet normal 0 0 1
    outer loop
      vertex 124.051 -0.783156 68
      vertex 95.9487 -0.783156 68
      vertex 124.204 -1.55291 68
    endloop
  endfacet
  facet normal 0 0 1
    outer loop
      vertex 95.7956 -1.55291 68
      vertex 124.204 -1.55291 68
      vertex 95.9487 -0.783156 68
    endloop
  endfacet
  facet normal 0 0 1
    outer loop
      vertex 95.5433 -2.2961 68
      vertex 124.204 -1.55291 68
      vertex 95.7956 -1.55291 68
    endloop
  endfacet
  facet normal 0 0 1
    outer loop
      vertex 124.457 -2.2961 68
      vertex 95.5433 -2.2961 68
      vertex 95.1962 -3 68
    endloop
  endfacet
  facet normal 0 0 1
    outer loop
      vertex 124.804 -3 68
      vertex 95.1962 -3 68
      vertex 94.7601 -3.65257 68
    endloop
  endfacet
  facet normal 0 0 1
    outer loop
      vertex 125.24 -3.65257 68
      vertex 94.7601 -3.65257 68
      vertex 94.2426 -4.24264 68
    endloop
  endfacet
  facet normal 0 0 1
    outer loop
      vertex 125.757 -4.24264 68
      vertex 94.2426 -4.24264 68
      vertex 93.6526 -4.76012 68
    endloop
  endfacet
  facet normal 0 0 1
    outer loop
      vertex 126.347 -4.76012 68
      vertex 93.6526 -4.76012 68
      vertex 93 -5.19615 68
    endloop
  endfacet
  facet normal 0 0 1
    outer loop
      vertex 127 -5.19615 68
      vertex 93 -5.19615 68
      vertex 92.2961 -5.54328 68
    endloop
  endfacet
  facet normal 0 0 1
    outer loop
      vertex 127.704 -5.54328 68
      vertex 92.2961 -5.54328 68
      vertex 91.5529 -5.79555 68
    endloop
  endfacet
  facet normal 0 0 1
    outer loop
      vertex 128.447 -5.79555 68
      vertex 91.5529 -5.79555 68
      vertex 167 -155 68
    endloop
  endfacet
  facet normal -0 0 1
    outer loop
      vertex 90.7832 -5.94867 68
      vertex 167 -155 68
      vertex 91.5529 -5.79555 68
    endloop
  endfacet
  facet normal -0 0 1
    outer loop
      vertex 90 -6 68
      vertex 167 -155 68
      vertex 90.7832 -5.94867 68
    endloop
  endfacet
  facet normal 0 0 1
    outer loop
      vertex 89.2168 -5.94867 68
      vertex 167 -155 68
      vertex 90 -6 68
    endloop
  endfacet
  facet normal 0 0 1
    outer loop
      vertex 50.7832 -5.94867 68
      vertex 89.2168 -5.94867 68
      vertex 88.4471 -5.79555 68
    endloop
  endfacet
  facet normal 0 0 1
    outer loop
      vertex 51.5529 -5.79555 68
      vertex 88.4471 -5.79555 68
      vertex 87.7039 -5.54328 68
    endloop
  endfacet
  facet normal 0 0 1
    outer loop
      vertex 52.2961 -5.54328 68
      vertex 87.7039 -5.54328 68
      vertex 87 -5.19615 68
    endloop
  endfacet
  facet normal 0 0 1
    outer loop
      vertex 53 -5.19615 68
      vertex 87 -5.19615 68
      vertex 86.3474 -4.76012 68
    endloop
  endfacet
  facet normal 0 0 1
    outer loop
      vertex 53.6526 -4.76012 68
      vertex 86.3474 -4.76012 68
      vertex 85.7574 -4.24264 68
    endloop
  endfacet
  facet normal 0 0 1
    outer loop
      vertex 54.2426 -4.24264 68
      vertex 85.7574 -4.24264 68
      vertex 85.2399 -3.65257 68
    endloop
  endfacet
  facet normal 0 0 1
    outer loop
      vertex 54.7601 -3.65257 68
      vertex 85.2399 -3.65257 68
      vertex 84.8038 -3 68
    endloop
  endfacet
  facet normal -0 0 1
    outer loop
      vertex 56 0 68
      vertex 84.0513 -0.783156 68
      vertex 84 0 68
    endloop
  endfacet
  facet normal 0 0 1
    outer loop
      vertex 55.9487 -0.783156 68
      vertex 84.0513 -0.783156 68
      vertex 56 0 68
    endloop
  endfacet
  facet normal 0 0 1
    outer loop
      vertex 84.0513 -0.783156 68
      vertex 55.9487 -0.783156 68
      vertex 84.2044 -1.55291 68
    endloop
  endfacet
  facet normal 0 0 1
    outer loop
      vertex 55.7956 -1.55291 68
      vertex 84.2044 -1.55291 68
      vertex 55.9487 -0.783156 68
    endloop
  endfacet
  facet normal 0 0 1
    outer loop
      vertex 84.2044 -1.55291 68
      vertex 55.7956 -1.55291 68
      vertex 84.4567 -2.2961 68
    endloop
  endfacet
  facet normal 0 0 1
    outer loop
      vertex 55.5433 -2.2961 68
      vertex 84.4567 -2.2961 68
      vertex 55.7956 -1.55291 68
    endloop
  endfacet
  facet normal 0 0 1
    outer loop
      vertex 84.4567 -2.2961 68
      vertex 55.5433 -2.2961 68
      vertex 84.8038 -3 68
    endloop
  endfacet
  facet normal 0 0 1
    outer loop
      vertex 55.1962 -3 68
      vertex 84.8038 -3 68
      vertex 55.5433 -2.2961 68
    endloop
  endfacet
  facet normal 0 0 1
    outer loop
      vertex 54.7601 -3.65257 68
      vertex 84.8038 -3 68
      vertex 55.1962 -3 68
    endloop
  endfacet
  facet normal 0 0 1
    outer loop
      vertex 85.2399 -3.65257 68
      vertex 54.7601 -3.65257 68
      vertex 54.2426 -4.24264 68
    endloop
  endfacet
  facet normal 0 0 1
    outer loop
      vertex 85.7574 -4.24264 68
      vertex 54.2426 -4.24264 68
      vertex 53.6526 -4.76012 68
    endloop
  endfacet
  facet normal 0 0 1
    outer loop
      vertex 86.3474 -4.76012 68
      vertex 53.6526 -4.76012 68
      vertex 53 -5.19615 68
    endloop
  endfacet
  facet normal 0 0 1
    outer loop
      vertex 87 -5.19615 68
      vertex 53 -5.19615 68
      vertex 52.2961 -5.54328 68
    endloop
  endfacet
  facet normal 0 0 1
    outer loop
      vertex 87.7039 -5.54328 68
      vertex 52.2961 -5.54328 68
      vertex 51.5529 -5.79555 68
    endloop
  endfacet
  facet normal 0 0 1
    outer loop
      vertex 88.4471 -5.79555 68
      vertex 51.5529 -5.79555 68
      vertex 50.7832 -5.94867 68
    endloop
  endfacet
  facet normal 0 0 1
    outer loop
      vertex 89.2168 -5.94867 68
      vertex 50.7832 -5.94867 68
      vertex 167 -155 68
    endloop
  endfacet
  facet normal -0 0 1
    outer loop
      vertex 50 -6 68
      vertex 167 -155 68
      vertex 50.7832 -5.94867 68
    endloop
  endfacet
  facet normal 0 0 1
    outer loop
      vertex 49.2168 -5.94867 68
      vertex 167 -155 68
      vertex 50 -6 68
    endloop
  endfacet
  facet normal 0 0 1
    outer loop
      vertex 10.7832 -5.94867 68
      vertex 49.2168 -5.94867 68
      vertex 48.4471 -5.79555 68
    endloop
  endfacet
  facet normal 0 0 1
    outer loop
      vertex 11.5529 -5.79555 68
      vertex 48.4471 -5.79555 68
      vertex 47.7039 -5.54328 68
    endloop
  endfacet
  facet normal 0 0 1
    outer loop
      vertex 12.2961 -5.54328 68
      vertex 47.7039 -5.54328 68
      vertex 47 -5.19615 68
    endloop
  endfacet
  facet normal 0 0 1
    outer loop
      vertex 13 -5.19615 68
      vertex 47 -5.19615 68
      vertex 46.3474 -4.76012 68
    endloop
  endfacet
  facet normal 0 0 1
    outer loop
      vertex 13.6526 -4.76012 68
      vertex 46.3474 -4.76012 68
      vertex 45.7574 -4.24264 68
    endloop
  endfacet
  facet normal 0 0 1
    outer loop
      vertex 14.2426 -4.24264 68
      vertex 45.7574 -4.24264 68
      vertex 45.2399 -3.65257 68
    endloop
  endfacet
  facet normal -0 0 1
    outer loop
      vertex 16 0 68
      vertex 44.0513 -0.783156 68
      vertex 44 0 68
    endloop
  endfacet
  facet normal 0 0 1
    outer loop
      vertex 15.9487 -0.783156 68
      vertex 44.0513 -0.783156 68
      vertex 16 0 68
    endloop
  endfacet
  facet normal 0 0 1
    outer loop
      vertex 44.0513 -0.783156 68
      vertex 15.9487 -0.783156 68
      vertex 44.2044 -1.55291 68
    endloop
  endfacet
  facet normal 0 0 1
    outer loop
      vertex 15.7956 -1.55291 68
      vertex 44.2044 -1.55291 68
      vertex 15.9487 -0.783156 68
    endloop
  endfacet
  facet normal 0 0 1
    outer loop
      vertex 44.2044 -1.55291 68
      vertex 15.7956 -1.55291 68
      vertex 44.4567 -2.2961 68
    endloop
  endfacet
  facet normal 0 0 1
    outer loop
      vertex 15.5433 -2.2961 68
      vertex 44.4567 -2.2961 68
      vertex 15.7956 -1.55291 68
    endloop
  endfacet
  facet normal 0 0 1
    outer loop
      vertex 44.4567 -2.2961 68
      vertex 15.5433 -2.2961 68
      vertex 44.8038 -3 68
    endloop
  endfacet
  facet normal 0 0 1
    outer loop
      vertex 15.1962 -3 68
      vertex 44.8038 -3 68
      vertex 15.5433 -2.2961 68
    endloop
  endfacet
  facet normal 0 0 1
    outer loop
      vertex 44.8038 -3 68
      vertex 15.1962 -3 68
      vertex 45.2399 -3.65257 68
    endloop
  endfacet
  facet normal 0 0 1
    outer loop
      vertex 14.7601 -3.65257 68
      vertex 45.2399 -3.65257 68
      vertex 15.1962 -3 68
    endloop
  endfacet
  facet normal 0 0 1
    outer loop
      vertex 14.2426 -4.24264 68
      vertex 45.2399 -3.65257 68
      vertex 14.7601 -3.65257 68
    endloop
  endfacet
  facet normal 0 0 1
    outer loop
      vertex 45.7574 -4.24264 68
      vertex 14.2426 -4.24264 68
      vertex 13.6526 -4.76012 68
    endloop
  endfacet
  facet normal 0 0 1
    outer loop
      vertex 46.3474 -4.76012 68
      vertex 13.6526 -4.76012 68
      vertex 13 -5.19615 68
    endloop
  endfacet
  facet normal 0 0 1
    outer loop
      vertex 47 -5.19615 68
      vertex 13 -5.19615 68
      vertex 12.2961 -5.54328 68
    endloop
  endfacet
  facet normal 0 0 1
    outer loop
      vertex 47.7039 -5.54328 68
      vertex 12.2961 -5.54328 68
      vertex 11.5529 -5.79555 68
    endloop
  endfacet
  facet normal 0 0 1
    outer loop
      vertex 48.4471 -5.79555 68
      vertex 11.5529 -5.79555 68
      vertex 10.7832 -5.94867 68
    endloop
  endfacet
  facet normal 0 0 1
    outer loop
      vertex 49.2168 -5.94867 68
      vertex 10.7832 -5.94867 68
      vertex 167 -155 68
    endloop
  endfacet
  facet normal -0 0 1
    outer loop
      vertex 10 -6 68
      vertex 167 -155 68
      vertex 10.7832 -5.94867 68
    endloop
  endfacet
  facet normal 0 0 1
    outer loop
      vertex 9.21684 -5.94867 68
      vertex 167 -155 68
      vertex 10 -6 68
    endloop
  endfacet
  facet normal 0 0 1
    outer loop
      vertex -167 -155 68
      vertex 9.21684 -5.94867 68
      vertex 8.44709 -5.79555 68
    endloop
  endfacet
  facet normal 0 0 1
    outer loop
      vertex -167 -155 68
      vertex 8.44709 -5.79555 68
      vertex 7.7039 -5.54328 68
    endloop
  endfacet
  facet normal 0 0 1
    outer loop
      vertex -167 -155 68
      vertex 7.7039 -5.54328 68
      vertex 7 -5.19615 68
    endloop
  endfacet
  facet normal 0 0 1
    outer loop
      vertex -167 -155 68
      vertex 7 -5.19615 68
      vertex 6.34743 -4.76012 68
    endloop
  endfacet
  facet normal 0 0 1
    outer loop
      vertex -167 -155 68
      vertex 6.34743 -4.76012 68
      vertex 5.75736 -4.24264 68
    endloop
  endfacet
  facet normal 0 0 1
    outer loop
      vertex 4.05133 0.783156 68
      vertex -185 137 68
      vertex 4 0 68
    endloop
  endfacet
  facet normal 0 0 1
    outer loop
      vertex -185 -137 68
      vertex 4 0 68
      vertex -185 137 68
    endloop
  endfacet
  facet normal 0 0 1
    outer loop
      vertex 4 0 68
      vertex -185 -137 68
      vertex 4.05133 -0.783156 68
    endloop
  endfacet
  facet normal 0 0 1
    outer loop
      vertex 4.05133 -0.783156 68
      vertex -185 -137 68
      vertex 4.20444 -1.55291 68
    endloop
  endfacet
  facet normal 0 0 1
    outer loop
      vertex 4.20444 -1.55291 68
      vertex -185 -137 68
      vertex 4.45672 -2.2961 68
    endloop
  endfacet
  facet normal 0 0 1
    outer loop
      vertex 4.45672 -2.2961 68
      vertex -185 -137 68
      vertex 4.80385 -3 68
    endloop
  endfacet
  facet normal 0 -0 1
    outer loop
      vertex -167 -155 68
      vertex 4.80385 -3 68
      vertex -185 -137 68
    endloop
  endfacet
  facet normal 0 0 1
    outer loop
      vertex 9.21684 -5.94867 68
      vertex -167 -155 68
      vertex 167 -155 68
    endloop
  endfacet
  facet normal 0 0 1
    outer loop
      vertex -185 137 68
      vertex -167 155 68
      vertex -169.349 154.846 68
    endloop
  endfacet
  facet normal 0 0 1
    outer loop
      vertex 4.80385 -3 68
      vertex -167 -155 68
      vertex 5.23988 -3.65257 68
    endloop
  endfacet
  facet normal 0 0 1
    outer loop
      vertex -185 137 68
      vertex -169.349 154.846 68
      vertex -171.659 154.387 68
    endloop
  endfacet
  facet normal 0 0 1
    outer loop
      vertex 5.23988 -3.65257 68
      vertex -167 -155 68
      vertex 5.75736 -4.24264 68
    endloop
  endfacet
  facet normal 0 0 1
    outer loop
      vertex -185 137 68
      vertex -171.659 154.387 68
      vertex -173.888 153.63 68
    endloop
  endfacet
  facet normal 0 0 1
    outer loop
      vertex -167 -155 68
      vertex -185 -137 68
      vertex -169.349 -154.846 68
    endloop
  endfacet
  facet normal 0 0 1
    outer loop
      vertex -185 137 68
      vertex -173.888 153.63 68
      vertex -176 152.588 68
    endloop
  endfacet
  facet normal 0 0 1
    outer loop
      vertex -169.349 -154.846 68
      vertex -185 -137 68
      vertex -171.659 -154.387 68
    endloop
  endfacet
  facet normal 0 0 1
    outer loop
      vertex -185 137 68
      vertex -176 152.588 68
      vertex -177.958 151.28 68
    endloop
  endfacet
  facet normal 0 0 1
    outer loop
      vertex -171.659 -154.387 68
      vertex -185 -137 68
      vertex -173.888 -153.63 68
    endloop
  endfacet
  facet normal 0 0 1
    outer loop
      vertex -185 137 68
      vertex -177.958 151.28 68
      vertex -179.728 149.728 68
    endloop
  endfacet
  facet normal 0 0 1
    outer loop
      vertex -173.888 -153.63 68
      vertex -185 -137 68
      vertex -176 -152.588 68
    endloop
  endfacet
  facet normal 0 0 1
    outer loop
      vertex -185 137 68
      vertex -179.728 149.728 68
      vertex -181.28 147.958 68
    endloop
  endfacet
  facet normal 0 0 1
    outer loop
      vertex -176 -152.588 68
      vertex -185 -137 68
      vertex -177.958 -151.28 68
    endloop
  endfacet
  facet normal 0 0 1
    outer loop
      vertex -185 137 68
      vertex -181.28 147.958 68
      vertex -182.588 146 68
    endloop
  endfacet
  facet normal 0 0 1
    outer loop
      vertex -177.958 -151.28 68
      vertex -185 -137 68
      vertex -179.728 -149.728 68
    endloop
  endfacet
  facet normal 0 0 1
    outer loop
      vertex -185 137 68
      vertex -182.588 146 68
      vertex -183.63 143.888 68
    endloop
  endfacet
  facet normal 0 0 1
    outer loop
      vertex -179.728 -149.728 68
      vertex -185 -137 68
      vertex -181.28 -147.958 68
    endloop
  endfacet
  facet normal 0 0 1
    outer loop
      vertex -185 137 68
      vertex -183.63 143.888 68
      vertex -184.387 141.659 68
    endloop
  endfacet
  facet normal 0 0 1
    outer loop
      vertex -181.28 -147.958 68
      vertex -185 -137 68
      vertex -182.588 -146 68
    endloop
  endfacet
  facet normal 0 0 1
    outer loop
      vertex -185 137 68
      vertex -184.387 141.659 68
      vertex -184.846 139.349 68
    endloop
  endfacet
  facet normal 0 0 1
    outer loop
      vertex -182.588 -146 68
      vertex -185 -137 68
      vertex -183.63 -143.888 68
    endloop
  endfacet
  facet normal 0 0 1
    outer loop
      vertex -183.63 -143.888 68
      vertex -185 -137 68
      vertex -184.387 -141.659 68
    endloop
  endfacet
  facet normal 0 0 1
    outer loop
      vertex -184.387 -141.659 68
      vertex -185 -137 68
      vertex -184.846 -139.349 68
    endloop
  endfacet
  facet normal 0.896792 0.442452 0
    outer loop
      vertex 183.63 143.888 68
      vertex 182.588 146 60
      vertex 182.588 146 68
    endloop
  endfacet
  facet normal 0.896792 0.442452 0
    outer loop
      vertex 182.588 146 60
      vertex 183.63 143.888 68
      vertex 183.63 143.888 60
    endloop
  endfacet
  facet normal 0.194891 -0.980825 0
    outer loop
      vertex 169.349 -154.846 60
      vertex 171.659 -154.387 68
      vertex 169.349 -154.846 68
    endloop
  endfacet
  facet normal 0.194891 -0.980825 0
    outer loop
      vertex 171.659 -154.387 68
      vertex 169.349 -154.846 60
      vertex 171.659 -154.387 60
    endloop
  endfacet
  facet normal 0.751892 0.659286 0
    outer loop
      vertex 181.28 147.958 68
      vertex 179.728 149.728 60
      vertex 179.728 149.728 68
    endloop
  endfacet
  facet normal 0.751892 0.659286 0
    outer loop
      vertex 179.728 149.728 60
      vertex 181.28 147.958 68
      vertex 181.28 147.958 60
    endloop
  endfacet
  facet normal 0.980825 -0.194891 0
    outer loop
      vertex 184.387 -141.659 68
      vertex 184.846 -139.349 60
      vertex 184.846 -139.349 68
    endloop
  endfacet
  facet normal 0.980825 -0.194891 0
    outer loop
      vertex 184.846 -139.349 60
      vertex 184.387 -141.659 68
      vertex 184.387 -141.659 60
    endloop
  endfacet
  facet normal 0.659286 -0.751892 0
    outer loop
      vertex 177.958 -151.28 60
      vertex 179.728 -149.728 68
      vertex 177.958 -151.28 68
    endloop
  endfacet
  facet normal 0.659286 -0.751892 0
    outer loop
      vertex 179.728 -149.728 68
      vertex 177.958 -151.28 60
      vertex 179.728 -149.728 60
    endloop
  endfacet
  facet normal 0.831527 -0.555484 0
    outer loop
      vertex 181.28 -147.958 68
      vertex 182.588 -146 60
      vertex 182.588 -146 68
    endloop
  endfacet
  facet normal 0.831527 -0.555484 0
    outer loop
      vertex 182.588 -146 60
      vertex 181.28 -147.958 68
      vertex 181.28 -147.958 60
    endloop
  endfacet
  facet normal 0.896792 -0.442452 0
    outer loop
      vertex 182.588 -146 68
      vertex 183.63 -143.888 60
      vertex 183.63 -143.888 68
    endloop
  endfacet
  facet normal 0.896792 -0.442452 0
    outer loop
      vertex 183.63 -143.888 60
      vertex 182.588 -146 68
      vertex 182.588 -146 60
    endloop
  endfacet
  facet normal 0.442452 -0.896792 0
    outer loop
      vertex 173.888 -153.63 60
      vertex 176 -152.588 68
      vertex 173.888 -153.63 68
    endloop
  endfacet
  facet normal 0.442452 -0.896792 0
    outer loop
      vertex 176 -152.588 68
      vertex 173.888 -153.63 60
      vertex 176 -152.588 60
    endloop
  endfacet
  facet normal 0.831527 0.555484 0
    outer loop
      vertex 182.588 146 68
      vertex 181.28 147.958 60
      vertex 181.28 147.958 68
    endloop
  endfacet
  facet normal 0.831527 0.555484 0
    outer loop
      vertex 181.28 147.958 60
      vertex 182.588 146 68
      vertex 182.588 146 60
    endloop
  endfacet
  facet normal 1 -0 0
    outer loop
      vertex -188 -144 54
      vertex -188 144 -54
      vertex -188 144 54
    endloop
  endfacet
  facet normal 1 0 0
    outer loop
      vertex -188 144 -54
      vertex -188 -144 54
      vertex -188 -144 -54
    endloop
  endfacet
  facet normal -0 0 1
    outer loop
      vertex -228 144 54
      vertex -188 -144 54
      vertex -188 144 54
    endloop
  endfacet
  facet normal 0 0 1
    outer loop
      vertex -188 -144 54
      vertex -228 144 54
      vertex -228 -144 54
    endloop
  endfacet
  facet normal 0 0 -1
    outer loop
      vertex -228 29 -54
      vertex -227 35 -54
      vertex -227 29 -54
    endloop
  endfacet
  facet normal -0 0 -1
    outer loop
      vertex -227 35 -54
      vertex -228 29 -54
      vertex -228 35 -54
    endloop
  endfacet
  facet normal 0 0 -1
    outer loop
      vertex -228 -23 -54
      vertex -227 -17 -54
      vertex -227 -23 -54
    endloop
  endfacet
  facet normal -0 0 -1
    outer loop
      vertex -227 -17 -54
      vertex -228 -23 -54
      vertex -228 -17 -54
    endloop
  endfacet
  facet normal 0 0 -1
    outer loop
      vertex -228 -75 -54
      vertex -227 -69 -54
      vertex -227 -75 -54
    endloop
  endfacet
  facet normal -0 0 -1
    outer loop
      vertex -227 -69 -54
      vertex -228 -75 -54
      vertex -228 -69 -54
    endloop
  endfacet
  facet normal 0 0 -1
    outer loop
      vertex -228 -127 -54
      vertex -227 -121 -54
      vertex -227 -127 -54
    endloop
  endfacet
  facet normal -0 0 -1
    outer loop
      vertex -227 -121 -54
      vertex -228 -127 -54
      vertex -228 -121 -54
    endloop
  endfacet
  facet normal 0 0 -1
    outer loop
      vertex -227 -127 -54
      vertex -188 -144 -54
      vertex -227 -144 -54
    endloop
  endfacet
  facet normal 0 0 -1
    outer loop
      vertex -227 -121 -54
      vertex -188 -144 -54
      vertex -227 -127 -54
    endloop
  endfacet
  facet normal 0 0 -1
    outer loop
      vertex -227 -75 -54
      vertex -188 -144 -54
      vertex -227 -121 -54
    endloop
  endfacet
  facet normal 0 0 -1
    outer loop
      vertex -227 -69 -54
      vertex -188 -144 -54
      vertex -227 -75 -54
    endloop
  endfacet
  facet normal 0 0 -1
    outer loop
      vertex -227 -23 -54
      vertex -188 -144 -54
      vertex -227 -69 -54
    endloop
  endfacet
  facet normal 0 0 -1
    outer loop
      vertex -227 -17 -54
      vertex -188 -144 -54
      vertex -227 -23 -54
    endloop
  endfacet
  facet normal 0 0 -1
    outer loop
      vertex -188 -144 -54
      vertex -227 -17 -54
      vertex -188 144 -54
    endloop
  endfacet
  facet normal 0 0 -1
    outer loop
      vertex -227 29 -54
      vertex -188 144 -54
      vertex -227 -17 -54
    endloop
  endfacet
  facet normal 0 0 -1
    outer loop
      vertex -227 35 -54
      vertex -188 144 -54
      vertex -227 29 -54
    endloop
  endfacet
  facet normal 0 0 -1
    outer loop
      vertex -227 81 -54
      vertex -188 144 -54
      vertex -227 35 -54
    endloop
  endfacet
  facet normal 0 0 -1
    outer loop
      vertex -228 144 -54
      vertex -227 81 -54
      vertex -228 81 -54
    endloop
  endfacet
  facet normal 0 0 -1
    outer loop
      vertex -227 81 -54
      vertex -228 144 -54
      vertex -188 144 -54
    endloop
  endfacet
  facet normal -1 0 0
    outer loop
      vertex -228 -121 -54
      vertex -228 -127 -54
      vertex -228 -121 -53
    endloop
  endfacet
  facet normal -1 0 0
    outer loop
      vertex -228 -69 -54
      vertex -228 -75 -54
      vertex -228 -69 -53
    endloop
  endfacet
  facet normal -1 0 0
    outer loop
      vertex -228 -17 -54
      vertex -228 -23 -54
      vertex -228 -17 -53
    endloop
  endfacet
  facet normal -1 0 0
    outer loop
      vertex -228 35 -54
      vertex -228 29 -54
      vertex -228 35 -53
    endloop
  endfacet
  facet normal -1 0 0
    outer loop
      vertex -228 81 -53
      vertex -228 144 -54
      vertex -228 81 -54
    endloop
  endfacet
  facet normal -1 0 0
    outer loop
      vertex -228 144 -54
      vertex -228 81 -53
      vertex -228 144 54
    endloop
  endfacet
  facet normal -1 0 0
    outer loop
      vertex -228 35 -53
      vertex -228 144 54
      vertex -228 81 -53
    endloop
  endfacet
  facet normal -1 0 0
    outer loop
      vertex -228 29 -53
      vertex -228 35 -53
      vertex -228 29 -54
    endloop
  endfacet
  facet normal -1 0 0
    outer loop
      vertex -228 35 -53
      vertex -228 29 -53
      vertex -228 144 54
    endloop
  endfacet
  facet normal -1 0 0
    outer loop
      vertex -228 -17 -53
      vertex -228 144 54
      vertex -228 29 -53
    endloop
  endfacet
  facet normal -1 0 0
    outer loop
      vertex -228 -23 -53
      vertex -228 -17 -53
      vertex -228 -23 -54
    endloop
  endfacet
  facet normal -1 0 0
    outer loop
      vertex -228 -144 54
      vertex -228 -17 -53
      vertex -228 -23 -53
    endloop
  endfacet
  facet normal -1 0 0
    outer loop
      vertex -228 -144 54
      vertex -228 -23 -53
      vertex -228 -69 -53
    endloop
  endfacet
  facet normal -1 0 0
    outer loop
      vertex -228 -75 -53
      vertex -228 -69 -53
      vertex -228 -75 -54
    endloop
  endfacet
  facet normal -1 0 0
    outer loop
      vertex -228 -144 54
      vertex -228 -69 -53
      vertex -228 -75 -53
    endloop
  endfacet
  facet normal -1 0 0
    outer loop
      vertex -228 -144 54
      vertex -228 -75 -53
      vertex -228 -121 -53
    endloop
  endfacet
  facet normal -1 0 0
    outer loop
      vertex -228 -127 -53
      vertex -228 -121 -53
      vertex -228 -127 -54
    endloop
  endfacet
  facet normal -1 0 0
    outer loop
      vertex -228 -144 54
      vertex -228 -121 -53
      vertex -228 -127 -53
    endloop
  endfacet
  facet normal -1 0 0
    outer loop
      vertex -228 -144 54
      vertex -228 -127 -53
      vertex -228 -144 -53
    endloop
  endfacet
  facet normal -1 0 0
    outer loop
      vertex -228 -17 -53
      vertex -228 -144 54
      vertex -228 144 54
    endloop
  endfacet
  facet normal 0 1 -0
    outer loop
      vertex -188 144 -54
      vertex -228 144 54
      vertex -188 144 54
    endloop
  endfacet
  facet normal 0 1 0
    outer loop
      vertex -228 144 54
      vertex -188 144 -54
      vertex -228 144 -54
    endloop
  endfacet
  facet normal 0 -1 0
    outer loop
      vertex -227 -144 -53
      vertex -228 -144 54
      vertex -228 -144 -53
    endloop
  endfacet
  facet normal 0 -1 0
    outer loop
      vertex -228 -144 54
      vertex -227 -144 -53
      vertex -188 -144 54
    endloop
  endfacet
  facet normal 0 -1 0
    outer loop
      vertex -188 -144 -54
      vertex -227 -144 -53
      vertex -227 -144 -54
    endloop
  endfacet
  facet normal 0 -1 0
    outer loop
      vertex -227 -144 -53
      vertex -188 -144 -54
      vertex -188 -144 54
    endloop
  endfacet
  facet normal 0.980786 -0 0.195087
    outer loop
      vertex -32.3852 160 -36.8827
      vertex -30.5989 192 -45.8632
      vertex -32.3852 192 -36.8827
    endloop
  endfacet
  facet normal 0.980786 0 0.195087
    outer loop
      vertex -30.5989 192 -45.8632
      vertex -32.3852 160 -36.8827
      vertex -30.5989 160 -45.8632
    endloop
  endfacet
  facet normal 0.997859 -0 0.0654077
    outer loop
      vertex -30.5989 160 -45.8632
      vertex -30 192 -55
      vertex -30.5989 192 -45.8632
    endloop
  endfacet
  facet normal 0.997859 0 0.0654077
    outer loop
      vertex -30 192 -55
      vertex -30.5989 160 -45.8632
      vertex -30 160 -55
    endloop
  endfacet
  facet normal 0.55557 0 0.83147
    outer loop
      vertex -65 192 5.62178
      vertex -57.3867 160 0.534734
      vertex -57.3867 192 0.534734
    endloop
  endfacet
  facet normal 0.55557 0 0.83147
    outer loop
      vertex -57.3867 160 0.534734
      vertex -65 192 5.62178
      vertex -65 160 5.62178
    endloop
  endfacet
  facet normal -0.321422 0 0.946936
    outer loop
      vertex -126.788 192 9.67157
      vertex -118.117 160 12.6148
      vertex -118.117 192 12.6148
    endloop
  endfacet
  facet normal -0.321422 0 0.946936
    outer loop
      vertex -118.117 160 12.6148
      vertex -126.788 192 9.67157
      vertex -126.788 160 9.67157
    endloop
  endfacet
  facet normal -0.997858 0 -0.0654186
    outer loop
      vertex -169.401 160 -64.1368
      vertex -170 192 -55
      vertex -169.401 192 -64.1368
    endloop
  endfacet
  facet normal -0.997858 -0 -0.0654186
    outer loop
      vertex -170 192 -55
      vertex -169.401 160 -64.1368
      vertex -170 160 -55
    endloop
  endfacet
  facet normal -0.0654063 0 0.997859
    outer loop
      vertex -109.137 192 14.4011
      vertex -100 160 15
      vertex -100 192 15
    endloop
  endfacet
  facet normal -0.0654063 0 0.997859
    outer loop
      vertex -100 160 15
      vertex -109.137 192 14.4011
      vertex -109.137 160 14.4011
    endloop
  endfacet
  facet normal 0.946931 -0 0.321436
    outer loop
      vertex -35.3284 160 -28.2122
      vertex -32.3852 192 -36.8827
      vertex -35.3284 192 -28.2122
    endloop
  endfacet
  facet normal 0.946931 0 0.321436
    outer loop
      vertex -32.3852 192 -36.8827
      vertex -35.3284 160 -28.2122
      vertex -32.3852 160 -36.8827
    endloop
  endfacet
  facet normal -0.555585 0 0.831459
    outer loop
      vertex -142.613 192 0.534734
      vertex -135 160 5.62178
      vertex -135 192 5.62178
    endloop
  endfacet
  facet normal -0.555585 0 0.831459
    outer loop
      vertex -135 160 5.62178
      vertex -142.613 192 0.534734
      vertex -142.613 160 0.534734
    endloop
  endfacet
  facet normal 0.65939 0 -0.751801
    outer loop
      vertex -57.3867 152 -110.535
      vertex -50.5025 192 -104.497
      vertex -50.5025 152 -104.497
    endloop
  endfacet
  facet normal 0.65939 0 -0.751801
    outer loop
      vertex -50.5025 192 -104.497
      vertex -57.3867 152 -110.535
      vertex -57.3867 192 -110.535
    endloop
  endfacet
  facet normal 0.980786 0 -0.195089
    outer loop
      vertex -30.7706 160 -65
      vertex -30.5989 192 -64.1368
      vertex -30.5989 160 -64.1368
    endloop
  endfacet
  facet normal 0.980786 -6.03742e-08 -0.195087
    outer loop
      vertex -30.5989 192 -64.1368
      vertex -30.7706 160 -65
      vertex -32.3852 192 -73.1173
    endloop
  endfacet
  facet normal 0.980786 0 -0.195087
    outer loop
      vertex -32.3852 152 -73.1173
      vertex -30.7706 160 -65
      vertex -30.7706 152 -65
    endloop
  endfacet
  facet normal 0.980786 0 -0.195087
    outer loop
      vertex -30.7706 160 -65
      vertex -32.3852 152 -73.1173
      vertex -32.3852 192 -73.1173
    endloop
  endfacet
  facet normal 0.946931 0 -0.321436
    outer loop
      vertex -32.3852 152 -73.1173
      vertex -35.3284 192 -81.7878
      vertex -32.3852 192 -73.1173
    endloop
  endfacet
  facet normal 0.946931 0 -0.321436
    outer loop
      vertex -35.3284 192 -81.7878
      vertex -32.3852 152 -73.1173
      vertex -35.3284 152 -81.7878
    endloop
  endfacet
  facet normal 0.751843 -0 0.659342
    outer loop
      vertex -50.5025 160 -5.50252
      vertex -44.4653 192 -12.3867
      vertex -50.5025 192 -5.50252
    endloop
  endfacet
  facet normal 0.751843 0 0.659342
    outer loop
      vertex -44.4653 192 -12.3867
      vertex -50.5025 160 -5.50252
      vertex -44.4653 160 -12.3867
    endloop
  endfacet
  facet normal 0.195087 0 0.980786
    outer loop
      vertex -90.8632 192 14.4011
      vertex -81.8827 160 12.6148
      vertex -81.8827 192 12.6148
    endloop
  endfacet
  facet normal 0.195087 0 0.980786
    outer loop
      vertex -81.8827 160 12.6148
      vertex -90.8632 192 14.4011
      vertex -90.8632 160 14.4011
    endloop
  endfacet
  facet normal 0.896873 0 -0.442288
    outer loop
      vertex -35.3284 152 -81.7878
      vertex -39.3782 192 -90
      vertex -35.3284 192 -81.7878
    endloop
  endfacet
  facet normal 0.896873 0 -0.442288
    outer loop
      vertex -39.3782 192 -90
      vertex -35.3284 152 -81.7878
      vertex -39.3782 152 -90
    endloop
  endfacet
  facet normal -0.195066 0 -0.98079
    outer loop
      vertex -118.117 152 -122.615
      vertex -109.137 192 -124.401
      vertex -109.137 152 -124.401
    endloop
  endfacet
  facet normal -0.195066 0 -0.98079
    outer loop
      vertex -109.137 192 -124.401
      vertex -118.117 152 -122.615
      vertex -118.117 192 -122.615
    endloop
  endfacet
  facet normal 0.195055 0 -0.980792
    outer loop
      vertex -90.8632 152 -124.401
      vertex -81.8827 192 -122.615
      vertex -81.8827 152 -122.615
    endloop
  endfacet
  facet normal 0.195055 0 -0.980792
    outer loop
      vertex -81.8827 192 -122.615
      vertex -90.8632 152 -124.401
      vertex -90.8632 192 -124.401
    endloop
  endfacet
  facet normal 0 1 0
    outer loop
      vertex -90.8632 192 14.4011
      vertex -109.137 192 14.4011
      vertex -100 192 15
    endloop
  endfacet
  facet normal 0 1 0
    outer loop
      vertex -81.8827 192 12.6148
      vertex -109.137 192 14.4011
      vertex -90.8632 192 14.4011
    endloop
  endfacet
  facet normal 0 1 0
    outer loop
      vertex -81.8827 192 12.6148
      vertex -118.117 192 12.6148
      vertex -109.137 192 14.4011
    endloop
  endfacet
  facet normal 0 1 0
    outer loop
      vertex -73.2122 192 9.67157
      vertex -118.117 192 12.6148
      vertex -81.8827 192 12.6148
    endloop
  endfacet
  facet normal 0 1 0
    outer loop
      vertex -73.2122 192 9.67157
      vertex -126.788 192 9.67157
      vertex -118.117 192 12.6148
    endloop
  endfacet
  facet normal 0 1 0
    outer loop
      vertex -65 192 5.62178
      vertex -126.788 192 9.67157
      vertex -73.2122 192 9.67157
    endloop
  endfacet
  facet normal 0 1 0
    outer loop
      vertex -65 192 5.62178
      vertex -135 192 5.62178
      vertex -126.788 192 9.67157
    endloop
  endfacet
  facet normal 0 1 0
    outer loop
      vertex -57.3867 192 0.534734
      vertex -135 192 5.62178
      vertex -65 192 5.62178
    endloop
  endfacet
  facet normal 0 1 0
    outer loop
      vertex -57.3867 192 0.534734
      vertex -142.613 192 0.534734
      vertex -135 192 5.62178
    endloop
  endfacet
  facet normal 0 1 0
    outer loop
      vertex -50.5025 192 -5.50252
      vertex -142.613 192 0.534734
      vertex -57.3867 192 0.534734
    endloop
  endfacet
  facet normal 0 1 0
    outer loop
      vertex -50.5025 192 -5.50252
      vertex -149.497 192 -5.50252
      vertex -142.613 192 0.534734
    endloop
  endfacet
  facet normal 0 1 0
    outer loop
      vertex -44.4653 192 -12.3867
      vertex -149.497 192 -5.50252
      vertex -50.5025 192 -5.50252
    endloop
  endfacet
  facet normal 0 1 0
    outer loop
      vertex -44.4653 192 -12.3867
      vertex -155.535 192 -12.3867
      vertex -149.497 192 -5.50252
    endloop
  endfacet
  facet normal 0 1 0
    outer loop
      vertex -39.3782 192 -20
      vertex -155.535 192 -12.3867
      vertex -44.4653 192 -12.3867
    endloop
  endfacet
  facet normal 0 1 0
    outer loop
      vertex -39.3782 192 -20
      vertex -160.622 192 -20
      vertex -155.535 192 -12.3867
    endloop
  endfacet
  facet normal 0 1 0
    outer loop
      vertex -35.3284 192 -28.2122
      vertex -160.622 192 -20
      vertex -39.3782 192 -20
    endloop
  endfacet
  facet normal 0 1 0
    outer loop
      vertex -35.3284 192 -28.2122
      vertex -164.672 192 -28.2122
      vertex -160.622 192 -20
    endloop
  endfacet
  facet normal 0 1 0
    outer loop
      vertex -32.3852 192 -36.8827
      vertex -164.672 192 -28.2122
      vertex -35.3284 192 -28.2122
    endloop
  endfacet
  facet normal 0 1 0
    outer loop
      vertex -32.3852 192 -36.8827
      vertex -167.615 192 -36.8827
      vertex -164.672 192 -28.2122
    endloop
  endfacet
  facet normal 0 1 0
    outer loop
      vertex -30.5989 192 -45.8632
      vertex -167.615 192 -36.8827
      vertex -32.3852 192 -36.8827
    endloop
  endfacet
  facet normal 0 1 0
    outer loop
      vertex -30.5989 192 -45.8632
      vertex -169.401 192 -45.8632
      vertex -167.615 192 -36.8827
    endloop
  endfacet
  facet normal 0 1 0
    outer loop
      vertex -30 192 -55
      vertex -169.401 192 -45.8632
      vertex -30.5989 192 -45.8632
    endloop
  endfacet
  facet normal 0 1 0
    outer loop
      vertex -30 192 -55
      vertex -170 192 -55
      vertex -169.401 192 -45.8632
    endloop
  endfacet
  facet normal 0 1 -0
    outer loop
      vertex -30.5989 192 -64.1368
      vertex -170 192 -55
      vertex -30 192 -55
    endloop
  endfacet
  facet normal 0 1 0
    outer loop
      vertex -30.5989 192 -64.1368
      vertex -169.401 192 -64.1368
      vertex -170 192 -55
    endloop
  endfacet
  facet normal 0 1 -0
    outer loop
      vertex -32.3852 192 -73.1173
      vertex -169.401 192 -64.1368
      vertex -30.5989 192 -64.1368
    endloop
  endfacet
  facet normal 0 1 0
    outer loop
      vertex -32.3852 192 -73.1173
      vertex -167.615 192 -73.1173
      vertex -169.401 192 -64.1368
    endloop
  endfacet
  facet normal 0 1 -0
    outer loop
      vertex -35.3284 192 -81.7878
      vertex -167.615 192 -73.1173
      vertex -32.3852 192 -73.1173
    endloop
  endfacet
  facet normal 0 1 0
    outer loop
      vertex -35.3284 192 -81.7878
      vertex -164.672 192 -81.7878
      vertex -167.615 192 -73.1173
    endloop
  endfacet
  facet normal 0 1 -0
    outer loop
      vertex -39.3782 192 -90
      vertex -164.672 192 -81.7878
      vertex -35.3284 192 -81.7878
    endloop
  endfacet
  facet normal 0 1 0
    outer loop
      vertex -39.3782 192 -90
      vertex -160.622 192 -90
      vertex -164.672 192 -81.7878
    endloop
  endfacet
  facet normal 0 1 -0
    outer loop
      vertex -44.4653 192 -97.6133
      vertex -160.622 192 -90
      vertex -39.3782 192 -90
    endloop
  endfacet
  facet normal 0 1 0
    outer loop
      vertex -44.4653 192 -97.6133
      vertex -155.535 192 -97.6133
      vertex -160.622 192 -90
    endloop
  endfacet
  facet normal 0 1 -0
    outer loop
      vertex -50.5025 192 -104.497
      vertex -155.535 192 -97.6133
      vertex -44.4653 192 -97.6133
    endloop
  endfacet
  facet normal 0 1 0
    outer loop
      vertex -50.5025 192 -104.497
      vertex -149.497 192 -104.497
      vertex -155.535 192 -97.6133
    endloop
  endfacet
  facet normal 0 1 -0
    outer loop
      vertex -57.3867 192 -110.535
      vertex -149.497 192 -104.497
      vertex -50.5025 192 -104.497
    endloop
  endfacet
  facet normal 0 1 0
    outer loop
      vertex -57.3867 192 -110.535
      vertex -142.613 192 -110.535
      vertex -149.497 192 -104.497
    endloop
  endfacet
  facet normal 0 1 -0
    outer loop
      vertex -65 192 -115.622
      vertex -142.613 192 -110.535
      vertex -57.3867 192 -110.535
    endloop
  endfacet
  facet normal 0 1 0
    outer loop
      vertex -65 192 -115.622
      vertex -135 192 -115.622
      vertex -142.613 192 -110.535
    endloop
  endfacet
  facet normal 0 1 -0
    outer loop
      vertex -73.2122 192 -119.672
      vertex -135 192 -115.622
      vertex -65 192 -115.622
    endloop
  endfacet
  facet normal 0 1 0
    outer loop
      vertex -73.2122 192 -119.672
      vertex -126.788 192 -119.672
      vertex -135 192 -115.622
    endloop
  endfacet
  facet normal 0 1 -0
    outer loop
      vertex -81.8827 192 -122.615
      vertex -126.788 192 -119.672
      vertex -73.2122 192 -119.672
    endloop
  endfacet
  facet normal 0 1 0
    outer loop
      vertex -81.8827 192 -122.615
      vertex -118.117 192 -122.615
      vertex -126.788 192 -119.672
    endloop
  endfacet
  facet normal 0 1 -0
    outer loop
      vertex -90.8632 192 -124.401
      vertex -118.117 192 -122.615
      vertex -81.8827 192 -122.615
    endloop
  endfacet
  facet normal 0 1 0
    outer loop
      vertex -90.8632 192 -124.401
      vertex -109.137 192 -124.401
      vertex -118.117 192 -122.615
    endloop
  endfacet
  facet normal -0 1 0
    outer loop
      vertex -109.137 192 -124.401
      vertex -90.8632 192 -124.401
      vertex -100 192 -125
    endloop
  endfacet
  facet normal 0.896873 -0 0.442288
    outer loop
      vertex -39.3782 160 -20
      vertex -35.3284 192 -28.2122
      vertex -39.3782 192 -20
    endloop
  endfacet
  facet normal 0.896873 0 0.442288
    outer loop
      vertex -35.3284 192 -28.2122
      vertex -39.3782 160 -20
      vertex -35.3284 160 -28.2122
    endloop
  endfacet
  facet normal 0.659344 0 0.751841
    outer loop
      vertex -57.3867 192 0.534734
      vertex -50.5025 160 -5.50252
      vertex -50.5025 192 -5.50252
    endloop
  endfacet
  facet normal 0.659344 0 0.751841
    outer loop
      vertex -50.5025 160 -5.50252
      vertex -57.3867 192 0.534734
      vertex -57.3867 160 0.534734
    endloop
  endfacet
  facet normal 0.442287 0 0.896874
    outer loop
      vertex -73.2122 192 9.67157
      vertex -65 160 5.62178
      vertex -65 192 5.62178
    endloop
  endfacet
  facet normal 0.442287 0 0.896874
    outer loop
      vertex -65 160 5.62178
      vertex -73.2122 192 9.67157
      vertex -73.2122 160 9.67157
    endloop
  endfacet
  facet normal -0.555582 0 -0.831462
    outer loop
      vertex -142.613 152 -110.535
      vertex -135 192 -115.622
      vertex -135 152 -115.622
    endloop
  endfacet
  facet normal -0.555582 0 -0.831462
    outer loop
      vertex -135 192 -115.622
      vertex -142.613 152 -110.535
      vertex -142.613 192 -110.535
    endloop
  endfacet
  facet normal 0.75182 0 -0.659368
    outer loop
      vertex -44.4653 152 -97.6133
      vertex -50.5025 192 -104.497
      vertex -44.4653 192 -97.6133
    endloop
  endfacet
  facet normal 0.75182 0 -0.659368
    outer loop
      vertex -50.5025 192 -104.497
      vertex -44.4653 152 -97.6133
      vertex -50.5025 152 -104.497
    endloop
  endfacet
  facet normal 0.321416 0 -0.946938
    outer loop
      vertex -81.8827 152 -122.615
      vertex -73.2122 192 -119.672
      vertex -73.2122 152 -119.672
    endloop
  endfacet
  facet normal 0.321416 0 -0.946938
    outer loop
      vertex -73.2122 192 -119.672
      vertex -81.8827 152 -122.615
      vertex -81.8827 192 -122.615
    endloop
  endfacet
  facet normal -0.659401 0 -0.751791
    outer loop
      vertex -149.497 152 -104.497
      vertex -142.613 192 -110.535
      vertex -142.613 152 -110.535
    endloop
  endfacet
  facet normal -0.659401 0 -0.751791
    outer loop
      vertex -142.613 192 -110.535
      vertex -149.497 152 -104.497
      vertex -149.497 192 -104.497
    endloop
  endfacet
  facet normal 0.0654077 0 0.997859
    outer loop
      vertex -100 192 15
      vertex -90.8632 160 14.4011
      vertex -90.8632 192 14.4011
    endloop
  endfacet
  facet normal 0.0654077 0 0.997859
    outer loop
      vertex -90.8632 160 14.4011
      vertex -100 192 15
      vertex -100 160 15
    endloop
  endfacet
  facet normal -0.659355 0 0.751832
    outer loop
      vertex -149.497 192 -5.50252
      vertex -142.613 160 0.534734
      vertex -142.613 192 0.534734
    endloop
  endfacet
  facet normal -0.659355 0 0.751832
    outer loop
      vertex -142.613 160 0.534734
      vertex -149.497 192 -5.50252
      vertex -149.497 160 -5.50252
    endloop
  endfacet
  facet normal -0.442296 0 0.896869
    outer loop
      vertex -135 192 5.62178
      vertex -126.788 160 9.67157
      vertex -126.788 192 9.67157
    endloop
  endfacet
  facet normal -0.442296 0 0.896869
    outer loop
      vertex -126.788 160 9.67157
      vertex -135 192 5.62178
      vertex -135 160 5.62178
    endloop
  endfacet
  facet normal -0.831472 0 -0.555567
    outer loop
      vertex -155.535 152 -97.6133
      vertex -160.622 192 -90
      vertex -155.535 192 -97.6133
    endloop
  endfacet
  facet normal -0.831472 -0 -0.555567
    outer loop
      vertex -160.622 192 -90
      vertex -155.535 152 -97.6133
      vertex -160.622 152 -90
    endloop
  endfacet
  facet normal 0.831467 0 -0.555574
    outer loop
      vertex -39.3782 152 -90
      vertex -44.4653 192 -97.6133
      vertex -39.3782 192 -90
    endloop
  endfacet
  facet normal 0.831467 0 -0.555574
    outer loop
      vertex -44.4653 192 -97.6133
      vertex -39.3782 152 -90
      vertex -44.4653 152 -97.6133
    endloop
  endfacet
  facet normal 0.555567 0 -0.831472
    outer loop
      vertex -65 152 -115.622
      vertex -57.3867 192 -110.535
      vertex -57.3867 152 -110.535
    endloop
  endfacet
  facet normal 0.555567 0 -0.831472
    outer loop
      vertex -57.3867 192 -110.535
      vertex -65 152 -115.622
      vertex -65 192 -115.622
    endloop
  endfacet
  facet normal -0.946938 0 0.321416
    outer loop
      vertex -167.615 160 -36.8827
      vertex -164.672 192 -28.2122
      vertex -167.615 192 -36.8827
    endloop
  endfacet
  facet normal -0.946938 0 0.321416
    outer loop
      vertex -164.672 192 -28.2122
      vertex -167.615 160 -36.8827
      vertex -164.672 160 -28.2122
    endloop
  endfacet
  facet normal 0.442305 0 -0.896864
    outer loop
      vertex -73.2122 152 -119.672
      vertex -65 192 -115.622
      vertex -65 152 -115.622
    endloop
  endfacet
  facet normal 0.442305 0 -0.896864
    outer loop
      vertex -65 192 -115.622
      vertex -73.2122 152 -119.672
      vertex -73.2122 192 -119.672
    endloop
  endfacet
  facet normal -0.442314 0 -0.89686
    outer loop
      vertex -135 152 -115.622
      vertex -126.788 192 -119.672
      vertex -126.788 152 -119.672
    endloop
  endfacet
  facet normal -0.442314 0 -0.89686
    outer loop
      vertex -126.788 192 -119.672
      vertex -135 152 -115.622
      vertex -135 192 -115.622
    endloop
  endfacet
  facet normal 0.831467 -0 0.555574
    outer loop
      vertex -44.4653 160 -12.3867
      vertex -39.3782 192 -20
      vertex -44.4653 192 -12.3867
    endloop
  endfacet
  facet normal 0.831467 0 0.555574
    outer loop
      vertex -39.3782 192 -20
      vertex -44.4653 160 -12.3867
      vertex -39.3782 160 -20
    endloop
  endfacet
  facet normal -0.751777 0 -0.659417
    outer loop
      vertex -149.497 152 -104.497
      vertex -155.535 192 -97.6133
      vertex -149.497 192 -104.497
    endloop
  endfacet
  facet normal -0.751777 -0 -0.659417
    outer loop
      vertex -155.535 192 -97.6133
      vertex -149.497 152 -104.497
      vertex -155.535 152 -97.6133
    endloop
  endfacet
  facet normal 0.997859 0 -0.0654077
    outer loop
      vertex -30 160 -55
      vertex -30.5989 192 -64.1368
      vertex -30 192 -55
    endloop
  endfacet
  facet normal 0.997859 0 -0.0654077
    outer loop
      vertex -30.5989 192 -64.1368
      vertex -30 160 -55
      vertex -30.5989 160 -64.1368
    endloop
  endfacet
  facet normal -0.946938 0 -0.321416
    outer loop
      vertex -164.672 152 -81.7878
      vertex -167.615 192 -73.1173
      vertex -164.672 192 -81.7878
    endloop
  endfacet
  facet normal -0.946938 -0 -0.321416
    outer loop
      vertex -167.615 192 -73.1173
      vertex -164.672 152 -81.7878
      vertex -167.615 152 -73.1173
    endloop
  endfacet
  facet normal -0.896864 0 0.442305
    outer loop
      vertex -164.672 160 -28.2122
      vertex -160.622 192 -20
      vertex -164.672 192 -28.2122
    endloop
  endfacet
  facet normal -0.896864 0 0.442305
    outer loop
      vertex -160.622 192 -20
      vertex -164.672 160 -28.2122
      vertex -160.622 160 -20
    endloop
  endfacet
  facet normal -0.980792 0 0.195055
    outer loop
      vertex -169.401 160 -45.8632
      vertex -167.615 192 -36.8827
      vertex -169.401 192 -45.8632
    endloop
  endfacet
  facet normal -0.980792 0 0.195055
    outer loop
      vertex -167.615 192 -36.8827
      vertex -169.401 160 -45.8632
      vertex -167.615 160 -36.8827
    endloop
  endfacet
  facet normal -0.980792 -1.01391e-05 -0.195055
    outer loop
      vertex -167.615 192 -73.1173
      vertex -169.229 160 -65
      vertex -169.401 192 -64.1368
    endloop
  endfacet
  facet normal -0.9808 0 -0.195017
    outer loop
      vertex -167.615 152 -73.1173
      vertex -169.229 160 -65
      vertex -167.615 192 -73.1173
    endloop
  endfacet
  facet normal -0.9808 -0 -0.195017
    outer loop
      vertex -169.229 160 -65
      vertex -167.615 152 -73.1173
      vertex -169.229 152 -65
    endloop
  endfacet
  facet normal -0.98072 -0 -0.195417
    outer loop
      vertex -169.401 192 -64.1368
      vertex -169.229 160 -65
      vertex -169.401 160 -64.1368
    endloop
  endfacet
  facet normal -0.896864 0 -0.442305
    outer loop
      vertex -160.622 152 -90
      vertex -164.672 192 -81.7878
      vertex -160.622 192 -90
    endloop
  endfacet
  facet normal -0.896864 -0 -0.442305
    outer loop
      vertex -164.672 192 -81.7878
      vertex -160.622 152 -90
      vertex -164.672 152 -81.7878
    endloop
  endfacet
  facet normal -0.195097 0 0.980784
    outer loop
      vertex -118.117 192 12.6148
      vertex -109.137 160 14.4011
      vertex -109.137 192 14.4011
    endloop
  endfacet
  facet normal -0.195097 0 0.980784
    outer loop
      vertex -109.137 160 14.4011
      vertex -118.117 192 12.6148
      vertex -118.117 160 12.6148
    endloop
  endfacet
  facet normal -0.997858 0 0.0654186
    outer loop
      vertex -170 160 -55
      vertex -169.401 192 -45.8632
      vertex -170 192 -55
    endloop
  endfacet
  facet normal -0.997858 0 0.0654186
    outer loop
      vertex -169.401 192 -45.8632
      vertex -170 160 -55
      vertex -169.401 160 -45.8632
    endloop
  endfacet
  facet normal -0.3214 0 -0.946944
    outer loop
      vertex -126.788 152 -119.672
      vertex -118.117 192 -122.615
      vertex -118.117 152 -122.615
    endloop
  endfacet
  facet normal -0.3214 0 -0.946944
    outer loop
      vertex -118.117 192 -122.615
      vertex -126.788 152 -119.672
      vertex -126.788 192 -119.672
    endloop
  endfacet
  facet normal 0.0654186 0 -0.997858
    outer loop
      vertex -100 152 -125
      vertex -90.8632 192 -124.401
      vertex -90.8632 152 -124.401
    endloop
  endfacet
  facet normal 0.0654186 0 -0.997858
    outer loop
      vertex -90.8632 192 -124.401
      vertex -100 152 -125
      vertex -100 192 -125
    endloop
  endfacet
  facet normal -0.7518 0 0.659391
    outer loop
      vertex -155.535 160 -12.3867
      vertex -149.497 192 -5.50252
      vertex -155.535 192 -12.3867
    endloop
  endfacet
  facet normal -0.7518 0 0.659391
    outer loop
      vertex -149.497 192 -5.50252
      vertex -155.535 160 -12.3867
      vertex -149.497 160 -5.50252
    endloop
  endfacet
  facet normal -0.0654172 0 -0.997858
    outer loop
      vertex -109.137 152 -124.401
      vertex -100 192 -125
      vertex -100 152 -125
    endloop
  endfacet
  facet normal -0.0654172 0 -0.997858
    outer loop
      vertex -100 192 -125
      vertex -109.137 152 -124.401
      vertex -109.137 192 -124.401
    endloop
  endfacet
  facet normal -0.831472 0 0.555567
    outer loop
      vertex -160.622 160 -20
      vertex -155.535 192 -12.3867
      vertex -160.622 192 -20
    endloop
  endfacet
  facet normal -0.831472 0 0.555567
    outer loop
      vertex -155.535 192 -12.3867
      vertex -160.622 160 -20
      vertex -155.535 160 -12.3867
    endloop
  endfacet
  facet normal 0.321439 0 0.94693
    outer loop
      vertex -81.8827 192 12.6148
      vertex -73.2122 160 9.67157
      vertex -73.2122 192 9.67157
    endloop
  endfacet
  facet normal 0.321439 0 0.94693
    outer loop
      vertex -73.2122 160 9.67157
      vertex -81.8827 192 12.6148
      vertex -81.8827 160 12.6148
    endloop
  endfacet
  facet normal 0.946931 -0 0.321436
    outer loop
      vertex -35.3284 -192 -28.2122
      vertex -32.3852 -160 -36.8827
      vertex -35.3284 -160 -28.2122
    endloop
  endfacet
  facet normal 0.946931 0 0.321436
    outer loop
      vertex -32.3852 -160 -36.8827
      vertex -35.3284 -192 -28.2122
      vertex -32.3852 -192 -36.8827
    endloop
  endfacet
  facet normal -0.0654063 0 0.997859
    outer loop
      vertex -109.137 -160 14.4011
      vertex -100 -192 15
      vertex -100 -160 15
    endloop
  endfacet
  facet normal -0.0654063 0 0.997859
    outer loop
      vertex -100 -192 15
      vertex -109.137 -160 14.4011
      vertex -109.137 -192 14.4011
    endloop
  endfacet
  facet normal 0.997859 -0 0.0654077
    outer loop
      vertex -30.5989 -192 -45.8632
      vertex -30 -160 -55
      vertex -30.5989 -160 -45.8632
    endloop
  endfacet
  facet normal 0.997859 0 0.0654077
    outer loop
      vertex -30 -160 -55
      vertex -30.5989 -192 -45.8632
      vertex -30 -192 -55
    endloop
  endfacet
  facet normal -0.997858 0 -0.0654186
    outer loop
      vertex -169.401 -192 -64.1368
      vertex -170 -160 -55
      vertex -169.401 -160 -64.1368
    endloop
  endfacet
  facet normal -0.997858 -0 -0.0654186
    outer loop
      vertex -170 -160 -55
      vertex -169.401 -192 -64.1368
      vertex -170 -192 -55
    endloop
  endfacet
  facet normal -0.980792 0 0.195055
    outer loop
      vertex -169.401 -192 -45.8632
      vertex -167.615 -160 -36.8827
      vertex -169.401 -160 -45.8632
    endloop
  endfacet
  facet normal -0.980792 0 0.195055
    outer loop
      vertex -167.615 -160 -36.8827
      vertex -169.401 -192 -45.8632
      vertex -167.615 -192 -36.8827
    endloop
  endfacet
  facet normal 0.751843 -0 0.659342
    outer loop
      vertex -50.5025 -192 -5.50252
      vertex -44.4653 -160 -12.3867
      vertex -50.5025 -160 -5.50252
    endloop
  endfacet
  facet normal 0.751843 0 0.659342
    outer loop
      vertex -44.4653 -160 -12.3867
      vertex -50.5025 -192 -5.50252
      vertex -44.4653 -192 -12.3867
    endloop
  endfacet
  facet normal 0.831467 -0 0.555574
    outer loop
      vertex -44.4653 -192 -12.3867
      vertex -39.3782 -160 -20
      vertex -44.4653 -160 -12.3867
    endloop
  endfacet
  facet normal 0.831467 0 0.555574
    outer loop
      vertex -39.3782 -160 -20
      vertex -44.4653 -192 -12.3867
      vertex -39.3782 -192 -20
    endloop
  endfacet
  facet normal 0 -1 0
    outer loop
      vertex -109.137 -192 14.4011
      vertex -90.8632 -192 14.4011
      vertex -100 -192 15
    endloop
  endfacet
  facet normal 0 -1 0
    outer loop
      vertex -118.117 -192 12.6148
      vertex -90.8632 -192 14.4011
      vertex -109.137 -192 14.4011
    endloop
  endfacet
  facet normal 0 -1 0
    outer loop
      vertex -118.117 -192 12.6148
      vertex -81.8827 -192 12.6148
      vertex -90.8632 -192 14.4011
    endloop
  endfacet
  facet normal 0 -1 0
    outer loop
      vertex -126.788 -192 9.67157
      vertex -81.8827 -192 12.6148
      vertex -118.117 -192 12.6148
    endloop
  endfacet
  facet normal 0 -1 0
    outer loop
      vertex -126.788 -192 9.67157
      vertex -73.2122 -192 9.67157
      vertex -81.8827 -192 12.6148
    endloop
  endfacet
  facet normal 0 -1 0
    outer loop
      vertex -135 -192 5.62178
      vertex -73.2122 -192 9.67157
      vertex -126.788 -192 9.67157
    endloop
  endfacet
  facet normal 0 -1 0
    outer loop
      vertex -135 -192 5.62178
      vertex -65 -192 5.62178
      vertex -73.2122 -192 9.67157
    endloop
  endfacet
  facet normal 0 -1 0
    outer loop
      vertex -142.613 -192 0.534734
      vertex -65 -192 5.62178
      vertex -135 -192 5.62178
    endloop
  endfacet
  facet normal 0 -1 0
    outer loop
      vertex -142.613 -192 0.534734
      vertex -57.3867 -192 0.534734
      vertex -65 -192 5.62178
    endloop
  endfacet
  facet normal 0 -1 0
    outer loop
      vertex -149.497 -192 -5.50252
      vertex -57.3867 -192 0.534734
      vertex -142.613 -192 0.534734
    endloop
  endfacet
  facet normal 0 -1 0
    outer loop
      vertex -149.497 -192 -5.50252
      vertex -50.5025 -192 -5.50252
      vertex -57.3867 -192 0.534734
    endloop
  endfacet
  facet normal 0 -1 0
    outer loop
      vertex -155.535 -192 -12.3867
      vertex -50.5025 -192 -5.50252
      vertex -149.497 -192 -5.50252
    endloop
  endfacet
  facet normal 0 -1 0
    outer loop
      vertex -155.535 -192 -12.3867
      vertex -44.4653 -192 -12.3867
      vertex -50.5025 -192 -5.50252
    endloop
  endfacet
  facet normal 0 -1 0
    outer loop
      vertex -160.622 -192 -20
      vertex -44.4653 -192 -12.3867
      vertex -155.535 -192 -12.3867
    endloop
  endfacet
  facet normal 0 -1 0
    outer loop
      vertex -160.622 -192 -20
      vertex -39.3782 -192 -20
      vertex -44.4653 -192 -12.3867
    endloop
  endfacet
  facet normal 0 -1 0
    outer loop
      vertex -164.672 -192 -28.2122
      vertex -39.3782 -192 -20
      vertex -160.622 -192 -20
    endloop
  endfacet
  facet normal 0 -1 0
    outer loop
      vertex -164.672 -192 -28.2122
      vertex -35.3284 -192 -28.2122
      vertex -39.3782 -192 -20
    endloop
  endfacet
  facet normal 0 -1 0
    outer loop
      vertex -167.615 -192 -36.8827
      vertex -35.3284 -192 -28.2122
      vertex -164.672 -192 -28.2122
    endloop
  endfacet
  facet normal 0 -1 0
    outer loop
      vertex -167.615 -192 -36.8827
      vertex -32.3852 -192 -36.8827
      vertex -35.3284 -192 -28.2122
    endloop
  endfacet
  facet normal 0 -1 0
    outer loop
      vertex -169.401 -192 -45.8632
      vertex -32.3852 -192 -36.8827
      vertex -167.615 -192 -36.8827
    endloop
  endfacet
  facet normal 0 -1 0
    outer loop
      vertex -169.401 -192 -45.8632
      vertex -30.5989 -192 -45.8632
      vertex -32.3852 -192 -36.8827
    endloop
  endfacet
  facet normal 0 -1 0
    outer loop
      vertex -170 -192 -55
      vertex -30.5989 -192 -45.8632
      vertex -169.401 -192 -45.8632
    endloop
  endfacet
  facet normal 0 -1 0
    outer loop
      vertex -170 -192 -55
      vertex -30 -192 -55
      vertex -30.5989 -192 -45.8632
    endloop
  endfacet
  facet normal 0 -1 0
    outer loop
      vertex -169.401 -192 -64.1368
      vertex -30 -192 -55
      vertex -170 -192 -55
    endloop
  endfacet
  facet normal 0 -1 0
    outer loop
      vertex -169.401 -192 -64.1368
      vertex -30.5989 -192 -64.1368
      vertex -30 -192 -55
    endloop
  endfacet
  facet normal 0 -1 0
    outer loop
      vertex -167.615 -192 -73.1173
      vertex -30.5989 -192 -64.1368
      vertex -169.401 -192 -64.1368
    endloop
  endfacet
  facet normal 0 -1 0
    outer loop
      vertex -167.615 -192 -73.1173
      vertex -32.3852 -192 -73.1173
      vertex -30.5989 -192 -64.1368
    endloop
  endfacet
  facet normal 0 -1 0
    outer loop
      vertex -164.672 -192 -81.7878
      vertex -32.3852 -192 -73.1173
      vertex -167.615 -192 -73.1173
    endloop
  endfacet
  facet normal 0 -1 0
    outer loop
      vertex -164.672 -192 -81.7878
      vertex -35.3284 -192 -81.7878
      vertex -32.3852 -192 -73.1173
    endloop
  endfacet
  facet normal 0 -1 0
    outer loop
      vertex -160.622 -192 -90
      vertex -35.3284 -192 -81.7878
      vertex -164.672 -192 -81.7878
    endloop
  endfacet
  facet normal 0 -1 0
    outer loop
      vertex -160.622 -192 -90
      vertex -39.3782 -192 -90
      vertex -35.3284 -192 -81.7878
    endloop
  endfacet
  facet normal 0 -1 0
    outer loop
      vertex -155.535 -192 -97.6133
      vertex -39.3782 -192 -90
      vertex -160.622 -192 -90
    endloop
  endfacet
  facet normal 0 -1 0
    outer loop
      vertex -155.535 -192 -97.6133
      vertex -44.4653 -192 -97.6133
      vertex -39.3782 -192 -90
    endloop
  endfacet
  facet normal 0 -1 0
    outer loop
      vertex -149.497 -192 -104.497
      vertex -44.4653 -192 -97.6133
      vertex -155.535 -192 -97.6133
    endloop
  endfacet
  facet normal 0 -1 0
    outer loop
      vertex -149.497 -192 -104.497
      vertex -50.5025 -192 -104.497
      vertex -44.4653 -192 -97.6133
    endloop
  endfacet
  facet normal 0 -1 0
    outer loop
      vertex -142.613 -192 -110.535
      vertex -50.5025 -192 -104.497
      vertex -149.497 -192 -104.497
    endloop
  endfacet
  facet normal 0 -1 0
    outer loop
      vertex -142.613 -192 -110.535
      vertex -57.3867 -192 -110.535
      vertex -50.5025 -192 -104.497
    endloop
  endfacet
  facet normal 0 -1 0
    outer loop
      vertex -135 -192 -115.622
      vertex -57.3867 -192 -110.535
      vertex -142.613 -192 -110.535
    endloop
  endfacet
  facet normal 0 -1 0
    outer loop
      vertex -135 -192 -115.622
      vertex -65 -192 -115.622
      vertex -57.3867 -192 -110.535
    endloop
  endfacet
  facet normal 0 -1 0
    outer loop
      vertex -126.788 -192 -119.672
      vertex -65 -192 -115.622
      vertex -135 -192 -115.622
    endloop
  endfacet
  facet normal 0 -1 0
    outer loop
      vertex -126.788 -192 -119.672
      vertex -73.2122 -192 -119.672
      vertex -65 -192 -115.622
    endloop
  endfacet
  facet normal 0 -1 0
    outer loop
      vertex -118.117 -192 -122.615
      vertex -73.2122 -192 -119.672
      vertex -126.788 -192 -119.672
    endloop
  endfacet
  facet normal 0 -1 0
    outer loop
      vertex -118.117 -192 -122.615
      vertex -81.8827 -192 -122.615
      vertex -73.2122 -192 -119.672
    endloop
  endfacet
  facet normal 0 -1 0
    outer loop
      vertex -109.137 -192 -124.401
      vertex -81.8827 -192 -122.615
      vertex -118.117 -192 -122.615
    endloop
  endfacet
  facet normal 0 -1 0
    outer loop
      vertex -109.137 -192 -124.401
      vertex -90.8632 -192 -124.401
      vertex -81.8827 -192 -122.615
    endloop
  endfacet
  facet normal -0 -1 0
    outer loop
      vertex -90.8632 -192 -124.401
      vertex -109.137 -192 -124.401
      vertex -100 -192 -125
    endloop
  endfacet
  facet normal -0.751777 0 -0.659417
    outer loop
      vertex -149.497 -192 -104.497
      vertex -155.535 -152 -97.6133
      vertex -149.497 -152 -104.497
    endloop
  endfacet
  facet normal -0.751777 -0 -0.659417
    outer loop
      vertex -155.535 -152 -97.6133
      vertex -149.497 -192 -104.497
      vertex -155.535 -192 -97.6133
    endloop
  endfacet
  facet normal -0.659355 0 0.751832
    outer loop
      vertex -149.497 -160 -5.50252
      vertex -142.613 -192 0.534734
      vertex -142.613 -160 0.534734
    endloop
  endfacet
  facet normal -0.659355 0 0.751832
    outer loop
      vertex -142.613 -192 0.534734
      vertex -149.497 -160 -5.50252
      vertex -149.497 -192 -5.50252
    endloop
  endfacet
  facet normal 0.0654077 0 0.997859
    outer loop
      vertex -100 -160 15
      vertex -90.8632 -192 14.4011
      vertex -90.8632 -160 14.4011
    endloop
  endfacet
  facet normal 0.0654077 0 0.997859
    outer loop
      vertex -90.8632 -192 14.4011
      vertex -100 -160 15
      vertex -100 -192 15
    endloop
  endfacet
  facet normal -0.831472 0 0.555567
    outer loop
      vertex -160.622 -192 -20
      vertex -155.535 -160 -12.3867
      vertex -160.622 -160 -20
    endloop
  endfacet
  facet normal -0.831472 0 0.555567
    outer loop
      vertex -155.535 -160 -12.3867
      vertex -160.622 -192 -20
      vertex -155.535 -192 -12.3867
    endloop
  endfacet
  facet normal 0.195055 0 -0.980792
    outer loop
      vertex -90.8632 -192 -124.401
      vertex -81.8827 -152 -122.615
      vertex -81.8827 -192 -122.615
    endloop
  endfacet
  facet normal 0.195055 0 -0.980792
    outer loop
      vertex -81.8827 -152 -122.615
      vertex -90.8632 -192 -124.401
      vertex -90.8632 -152 -124.401
    endloop
  endfacet
  facet normal 0.659344 0 0.751841
    outer loop
      vertex -57.3867 -160 0.534734
      vertex -50.5025 -192 -5.50252
      vertex -50.5025 -160 -5.50252
    endloop
  endfacet
  facet normal 0.659344 0 0.751841
    outer loop
      vertex -50.5025 -192 -5.50252
      vertex -57.3867 -160 0.534734
      vertex -57.3867 -192 0.534734
    endloop
  endfacet
  facet normal 0.75182 0 -0.659368
    outer loop
      vertex -44.4653 -192 -97.6133
      vertex -50.5025 -152 -104.497
      vertex -44.4653 -152 -97.6133
    endloop
  endfacet
  facet normal 0.75182 0 -0.659368
    outer loop
      vertex -50.5025 -152 -104.497
      vertex -44.4653 -192 -97.6133
      vertex -50.5025 -192 -104.497
    endloop
  endfacet
  facet normal -0.946938 0 -0.321416
    outer loop
      vertex -164.672 -192 -81.7878
      vertex -167.615 -152 -73.1173
      vertex -164.672 -152 -81.7878
    endloop
  endfacet
  facet normal -0.946938 -0 -0.321416
    outer loop
      vertex -167.615 -152 -73.1173
      vertex -164.672 -192 -81.7878
      vertex -167.615 -192 -73.1173
    endloop
  endfacet
  facet normal -0.659401 0 -0.751791
    outer loop
      vertex -149.497 -192 -104.497
      vertex -142.613 -152 -110.535
      vertex -142.613 -192 -110.535
    endloop
  endfacet
  facet normal -0.659401 0 -0.751791
    outer loop
      vertex -142.613 -152 -110.535
      vertex -149.497 -192 -104.497
      vertex -149.497 -152 -104.497
    endloop
  endfacet
  facet normal 0.980786 -0 0.195087
    outer loop
      vertex -32.3852 -192 -36.8827
      vertex -30.5989 -160 -45.8632
      vertex -32.3852 -160 -36.8827
    endloop
  endfacet
  facet normal 0.980786 0 0.195087
    outer loop
      vertex -30.5989 -160 -45.8632
      vertex -32.3852 -192 -36.8827
      vertex -30.5989 -192 -45.8632
    endloop
  endfacet
  facet normal -0.555585 0 0.831459
    outer loop
      vertex -142.613 -160 0.534734
      vertex -135 -192 5.62178
      vertex -135 -160 5.62178
    endloop
  endfacet
  facet normal -0.555585 0 0.831459
    outer loop
      vertex -135 -192 5.62178
      vertex -142.613 -160 0.534734
      vertex -142.613 -192 0.534734
    endloop
  endfacet
  facet normal -0.3214 0 -0.946944
    outer loop
      vertex -126.788 -192 -119.672
      vertex -118.117 -152 -122.615
      vertex -118.117 -192 -122.615
    endloop
  endfacet
  facet normal -0.3214 0 -0.946944
    outer loop
      vertex -118.117 -152 -122.615
      vertex -126.788 -192 -119.672
      vertex -126.788 -152 -119.672
    endloop
  endfacet
  facet normal -0.442314 0 -0.89686
    outer loop
      vertex -135 -192 -115.622
      vertex -126.788 -152 -119.672
      vertex -126.788 -192 -119.672
    endloop
  endfacet
  facet normal -0.442314 0 -0.89686
    outer loop
      vertex -126.788 -152 -119.672
      vertex -135 -192 -115.622
      vertex -135 -152 -115.622
    endloop
  endfacet
  facet normal -0.442296 0 0.896869
    outer loop
      vertex -135 -160 5.62178
      vertex -126.788 -192 9.67157
      vertex -126.788 -160 9.67157
    endloop
  endfacet
  facet normal -0.442296 0 0.896869
    outer loop
      vertex -126.788 -192 9.67157
      vertex -135 -160 5.62178
      vertex -135 -192 5.62178
    endloop
  endfacet
  facet normal 0.896873 -0 0.442288
    outer loop
      vertex -39.3782 -192 -20
      vertex -35.3284 -160 -28.2122
      vertex -39.3782 -160 -20
    endloop
  endfacet
  facet normal 0.896873 0 0.442288
    outer loop
      vertex -35.3284 -160 -28.2122
      vertex -39.3782 -192 -20
      vertex -35.3284 -192 -28.2122
    endloop
  endfacet
  facet normal 0.0654186 0 -0.997858
    outer loop
      vertex -100 -192 -125
      vertex -90.8632 -152 -124.401
      vertex -90.8632 -192 -124.401
    endloop
  endfacet
  facet normal 0.0654186 0 -0.997858
    outer loop
      vertex -90.8632 -152 -124.401
      vertex -100 -192 -125
      vertex -100 -152 -125
    endloop
  endfacet
  facet normal 0.55557 0 0.83147
    outer loop
      vertex -65 -160 5.62178
      vertex -57.3867 -192 0.534734
      vertex -57.3867 -160 0.534734
    endloop
  endfacet
  facet normal 0.55557 0 0.83147
    outer loop
      vertex -57.3867 -192 0.534734
      vertex -65 -160 5.62178
      vertex -65 -192 5.62178
    endloop
  endfacet
  facet normal -0.831472 0 -0.555567
    outer loop
      vertex -155.535 -192 -97.6133
      vertex -160.622 -152 -90
      vertex -155.535 -152 -97.6133
    endloop
  endfacet
  facet normal -0.831472 -0 -0.555567
    outer loop
      vertex -160.622 -152 -90
      vertex -155.535 -192 -97.6133
      vertex -160.622 -192 -90
    endloop
  endfacet
  facet normal -0.195066 0 -0.98079
    outer loop
      vertex -118.117 -192 -122.615
      vertex -109.137 -152 -124.401
      vertex -109.137 -192 -124.401
    endloop
  endfacet
  facet normal -0.195066 0 -0.98079
    outer loop
      vertex -109.137 -152 -124.401
      vertex -118.117 -192 -122.615
      vertex -118.117 -152 -122.615
    endloop
  endfacet
  facet normal -0.7518 0 0.659391
    outer loop
      vertex -155.535 -192 -12.3867
      vertex -149.497 -160 -5.50252
      vertex -155.535 -160 -12.3867
    endloop
  endfacet
  facet normal -0.7518 0 0.659391
    outer loop
      vertex -149.497 -160 -5.50252
      vertex -155.535 -192 -12.3867
      vertex -149.497 -192 -5.50252
    endloop
  endfacet
  facet normal 0.321439 0 0.94693
    outer loop
      vertex -81.8827 -160 12.6148
      vertex -73.2122 -192 9.67157
      vertex -73.2122 -160 9.67157
    endloop
  endfacet
  facet normal 0.321439 0 0.94693
    outer loop
      vertex -73.2122 -192 9.67157
      vertex -81.8827 -160 12.6148
      vertex -81.8827 -192 12.6148
    endloop
  endfacet
  facet normal 0.195087 0 0.980786
    outer loop
      vertex -90.8632 -160 14.4011
      vertex -81.8827 -192 12.6148
      vertex -81.8827 -160 12.6148
    endloop
  endfacet
  facet normal 0.195087 0 0.980786
    outer loop
      vertex -81.8827 -192 12.6148
      vertex -90.8632 -160 14.4011
      vertex -90.8632 -192 14.4011
    endloop
  endfacet
  facet normal 0.555567 0 -0.831472
    outer loop
      vertex -65 -192 -115.622
      vertex -57.3867 -152 -110.535
      vertex -57.3867 -192 -110.535
    endloop
  endfacet
  facet normal 0.555567 0 -0.831472
    outer loop
      vertex -57.3867 -152 -110.535
      vertex -65 -192 -115.622
      vertex -65 -152 -115.622
    endloop
  endfacet
  facet normal 0.896873 0 -0.442288
    outer loop
      vertex -35.3284 -192 -81.7878
      vertex -39.3782 -152 -90
      vertex -35.3284 -152 -81.7878
    endloop
  endfacet
  facet normal 0.896873 0 -0.442288
    outer loop
      vertex -39.3782 -152 -90
      vertex -35.3284 -192 -81.7878
      vertex -39.3782 -192 -90
    endloop
  endfacet
  facet normal -0.0654172 0 -0.997858
    outer loop
      vertex -109.137 -192 -124.401
      vertex -100 -152 -125
      vertex -100 -192 -125
    endloop
  endfacet
  facet normal -0.0654172 0 -0.997858
    outer loop
      vertex -100 -152 -125
      vertex -109.137 -192 -124.401
      vertex -109.137 -152 -124.401
    endloop
  endfacet
  facet normal 0.831467 0 -0.555574
    outer loop
      vertex -39.3782 -192 -90
      vertex -44.4653 -152 -97.6133
      vertex -39.3782 -152 -90
    endloop
  endfacet
  facet normal 0.831467 0 -0.555574
    outer loop
      vertex -44.4653 -152 -97.6133
      vertex -39.3782 -192 -90
      vertex -44.4653 -192 -97.6133
    endloop
  endfacet
  facet normal -0.896864 0 -0.442305
    outer loop
      vertex -160.622 -192 -90
      vertex -164.672 -152 -81.7878
      vertex -160.622 -152 -90
    endloop
  endfacet
  facet normal -0.896864 -0 -0.442305
    outer loop
      vertex -164.672 -152 -81.7878
      vertex -160.622 -192 -90
      vertex -164.672 -192 -81.7878
    endloop
  endfacet
  facet normal -0.195097 0 0.980784
    outer loop
      vertex -118.117 -160 12.6148
      vertex -109.137 -192 14.4011
      vertex -109.137 -160 14.4011
    endloop
  endfacet
  facet normal -0.195097 0 0.980784
    outer loop
      vertex -109.137 -192 14.4011
      vertex -118.117 -160 12.6148
      vertex -118.117 -192 12.6148
    endloop
  endfacet
  facet normal -0.946938 0 0.321416
    outer loop
      vertex -167.615 -192 -36.8827
      vertex -164.672 -160 -28.2122
      vertex -167.615 -160 -36.8827
    endloop
  endfacet
  facet normal -0.946938 0 0.321416
    outer loop
      vertex -164.672 -160 -28.2122
      vertex -167.615 -192 -36.8827
      vertex -164.672 -192 -28.2122
    endloop
  endfacet
  facet normal 0.442305 0 -0.896864
    outer loop
      vertex -73.2122 -192 -119.672
      vertex -65 -152 -115.622
      vertex -65 -192 -115.622
    endloop
  endfacet
  facet normal 0.442305 0 -0.896864
    outer loop
      vertex -65 -152 -115.622
      vertex -73.2122 -192 -119.672
      vertex -73.2122 -152 -119.672
    endloop
  endfacet
  facet normal -0.9808 0 -0.195017
    outer loop
      vertex -167.615 -152 -73.1173
      vertex -169.229 -160 -65
      vertex -169.229 -152 -65
    endloop
  endfacet
  facet normal -0.9808 0 -0.195017
    outer loop
      vertex -167.615 -192 -73.1173
      vertex -169.229 -160 -65
      vertex -167.615 -152 -73.1173
    endloop
  endfacet
  facet normal -0.980792 1.01391e-05 -0.195055
    outer loop
      vertex -169.401 -192 -64.1368
      vertex -169.229 -160 -65
      vertex -167.615 -192 -73.1173
    endloop
  endfacet
  facet normal -0.98072 0 -0.195417
    outer loop
      vertex -169.229 -160 -65
      vertex -169.401 -192 -64.1368
      vertex -169.401 -160 -64.1368
    endloop
  endfacet
  facet normal -0.555582 0 -0.831462
    outer loop
      vertex -142.613 -192 -110.535
      vertex -135 -152 -115.622
      vertex -135 -192 -115.622
    endloop
  endfacet
  facet normal -0.555582 0 -0.831462
    outer loop
      vertex -135 -152 -115.622
      vertex -142.613 -192 -110.535
      vertex -142.613 -152 -110.535
    endloop
  endfacet
  facet normal 0.946931 0 -0.321436
    outer loop
      vertex -32.3852 -192 -73.1173
      vertex -35.3284 -152 -81.7878
      vertex -32.3852 -152 -73.1173
    endloop
  endfacet
  facet normal 0.946931 0 -0.321436
    outer loop
      vertex -35.3284 -152 -81.7878
      vertex -32.3852 -192 -73.1173
      vertex -35.3284 -192 -81.7878
    endloop
  endfacet
  facet normal 0.65939 0 -0.751801
    outer loop
      vertex -57.3867 -192 -110.535
      vertex -50.5025 -152 -104.497
      vertex -50.5025 -192 -104.497
    endloop
  endfacet
  facet normal 0.65939 0 -0.751801
    outer loop
      vertex -50.5025 -152 -104.497
      vertex -57.3867 -192 -110.535
      vertex -57.3867 -152 -110.535
    endloop
  endfacet
  facet normal 0.980786 0 -0.195089
    outer loop
      vertex -30.5989 -160 -64.1368
      vertex -30.5989 -192 -64.1368
      vertex -30.7706 -160 -65
    endloop
  endfacet
  facet normal 0.980786 0 -0.195087
    outer loop
      vertex -30.7706 -160 -65
      vertex -32.3852 -152 -73.1173
      vertex -30.7706 -152 -65
    endloop
  endfacet
  facet normal 0.980786 6.03742e-08 -0.195087
    outer loop
      vertex -32.3852 -192 -73.1173
      vertex -30.7706 -160 -65
      vertex -30.5989 -192 -64.1368
    endloop
  endfacet
  facet normal 0.980786 0 -0.195087
    outer loop
      vertex -30.7706 -160 -65
      vertex -32.3852 -192 -73.1173
      vertex -32.3852 -152 -73.1173
    endloop
  endfacet
  facet normal 0.442287 0 0.896874
    outer loop
      vertex -73.2122 -160 9.67157
      vertex -65 -192 5.62178
      vertex -65 -160 5.62178
    endloop
  endfacet
  facet normal 0.442287 0 0.896874
    outer loop
      vertex -65 -192 5.62178
      vertex -73.2122 -160 9.67157
      vertex -73.2122 -192 9.67157
    endloop
  endfacet
  facet normal 0.321416 0 -0.946938
    outer loop
      vertex -81.8827 -192 -122.615
      vertex -73.2122 -152 -119.672
      vertex -73.2122 -192 -119.672
    endloop
  endfacet
  facet normal 0.321416 0 -0.946938
    outer loop
      vertex -73.2122 -152 -119.672
      vertex -81.8827 -192 -122.615
      vertex -81.8827 -152 -122.615
    endloop
  endfacet
  facet normal -0.997858 0 0.0654186
    outer loop
      vertex -170 -192 -55
      vertex -169.401 -160 -45.8632
      vertex -170 -160 -55
    endloop
  endfacet
  facet normal -0.997858 0 0.0654186
    outer loop
      vertex -169.401 -160 -45.8632
      vertex -170 -192 -55
      vertex -169.401 -192 -45.8632
    endloop
  endfacet
  facet normal -0.321422 0 0.946936
    outer loop
      vertex -126.788 -160 9.67157
      vertex -118.117 -192 12.6148
      vertex -118.117 -160 12.6148
    endloop
  endfacet
  facet normal -0.321422 0 0.946936
    outer loop
      vertex -118.117 -192 12.6148
      vertex -126.788 -160 9.67157
      vertex -126.788 -192 9.67157
    endloop
  endfacet
  facet normal -0.896864 0 0.442305
    outer loop
      vertex -164.672 -192 -28.2122
      vertex -160.622 -160 -20
      vertex -164.672 -160 -28.2122
    endloop
  endfacet
  facet normal -0.896864 0 0.442305
    outer loop
      vertex -160.622 -160 -20
      vertex -164.672 -192 -28.2122
      vertex -160.622 -192 -20
    endloop
  endfacet
  facet normal 0.997859 0 -0.0654077
    outer loop
      vertex -30 -192 -55
      vertex -30.5989 -160 -64.1368
      vertex -30 -160 -55
    endloop
  endfacet
  facet normal 0.997859 0 -0.0654077
    outer loop
      vertex -30.5989 -160 -64.1368
      vertex -30 -192 -55
      vertex -30.5989 -192 -64.1368
    endloop
  endfacet
endsolid OpenSCAD_Model
